file,skandha,chapter,title_en,title_hi,prompt
ch_0_1,0,1,A Dialogue between Nārada and Bhakti (in a living form),देवर्षि नारदकी भक्तिसे भेंट,"Scene from Mahatmya, Chapter 1 (""A Dialogue between Nārada and Bhakti (in a living form)"" / ""देवर्षि नारदकी भक्तिसे भेंट""): A poignant, devotional depiction capturing the divine narrative essence of this chapter. Color palette centered around antique gold with warm golden sunrise, sacred river mist, amber dawn tones. Main sacred figures and spiritual interaction arranged gracefully in the center and right foreground, leaving the left third calm with gentle waters, soft misty horizon, or quiet sky. A sublime classical Indian devotional masterpiece painting, Bengal School of Art and Kangra wash style, delicate tempera and watercolor on fine textured handmade wasli paper. Soft poetic fine-line brushwork, expressive soulful faces with classical Indian beauty, fluid natural drapery folds with subtle gold zari embroidery, lush natural foliage under the gentle shade of ancient flowering trees. Atmospheric lighting with a luminous glowing horizon and misty tranquil waters. Full-bleed edge-to-edge painting, seamless composition, absolutely no borders, no frames, no paper margins, no text, no modern 3D render. Wide 16:10 landscape format with calm, uncluttered left third."
ch_0_2,0,2,A Dialogue between the Kumāras and Nārada,भक्तिका दुःख दूर करनेके लिये नारदजीका उद्योग,"Scene from Mahatmya, Chapter 2 (""A Dialogue between the Kumāras and Nārada"" / ""भक्तिका दुःख दूर करनेके लिये नारदजीका उद्योग""): A poignant, devotional depiction capturing the divine narrative essence of this chapter. Color palette centered around antique gold with warm golden sunrise, sacred river mist, amber dawn tones. Main sacred figures and spiritual interaction arranged gracefully in the center and right foreground, leaving the left third calm with gentle waters, soft misty horizon, or quiet sky. A sublime classical Indian devotional masterpiece painting, Bengal School of Art and Kangra wash style, delicate tempera and watercolor on fine textured handmade wasli paper. Soft poetic fine-line brushwork, expressive soulful faces with classical Indian beauty, fluid natural drapery folds with subtle gold zari embroidery, lush natural foliage under the gentle shade of ancient flowering trees. Atmospheric lighting with a luminous glowing horizon and misty tranquil waters. Full-bleed edge-to-edge painting, seamless composition, absolutely no borders, no frames, no paper margins, no text, no modern 3D render. Wide 16:10 landscape format with calm, uncluttered left third."
ch_0_3,0,3,Cessation of Bhakti’s Suffering,भक्तिके कष्टकी निवृत्ति,"Scene from Mahatmya, Chapter 3 (""Cessation of Bhakti’s Suffering"" / ""भक्तिके कष्टकी निवृत्ति""): A poignant, devotional depiction capturing the divine narrative essence of this chapter. Color palette centered around antique gold with warm golden sunrise, sacred river mist, amber dawn tones. Main sacred figures and spiritual interaction arranged gracefully in the center and right foreground, leaving the left third calm with gentle waters, soft misty horizon, or quiet sky. A sublime classical Indian devotional masterpiece painting, Bengal School of Art and Kangra wash style, delicate tempera and watercolor on fine textured handmade wasli paper. Soft poetic fine-line brushwork, expressive soulful faces with classical Indian beauty, fluid natural drapery folds with subtle gold zari embroidery, lush natural foliage under the gentle shade of ancient flowering trees. Atmospheric lighting with a luminous glowing horizon and misty tranquil waters. Full-bleed edge-to-edge painting, seamless composition, absolutely no borders, no frames, no paper margins, no text, no modern 3D render. Wide 16:10 landscape format with calm, uncluttered left third."
ch_0_4,0,4,Redemption of a Brāhmaṇa (Ātmadeva),गोकर्णोपाख्यान प्रारम्भ,"Scene from Mahatmya, Chapter 4 (""Redemption of a Brāhmaṇa (Ātmadeva)"" / ""गोकर्णोपाख्यान प्रारम्भ""): A poignant, devotional depiction capturing the divine narrative essence of this chapter. Color palette centered around antique gold with warm golden sunrise, sacred river mist, amber dawn tones. Main sacred figures and spiritual interaction arranged gracefully in the center and right foreground, leaving the left third calm with gentle waters, soft misty horizon, or quiet sky. A sublime classical Indian devotional masterpiece painting, Bengal School of Art and Kangra wash style, delicate tempera and watercolor on fine textured handmade wasli paper. Soft poetic fine-line brushwork, expressive soulful faces with classical Indian beauty, fluid natural drapery folds with subtle gold zari embroidery, lush natural foliage under the gentle shade of ancient flowering trees. Atmospheric lighting with a luminous glowing horizon and misty tranquil waters. Full-bleed edge-to-edge painting, seamless composition, absolutely no borders, no frames, no paper margins, no text, no modern 3D render. Wide 16:10 landscape format with calm, uncluttered left third."
ch_0_5,0,5,How Gokarṇa attained final beatitude (along with others),धुन्धुकारीको प्रेतयोनिकी प्राप्ति और उससे उद्धार,"Scene from Mahatmya, Chapter 5 (""How Gokarṇa attained final beatitude (along with others)"" / ""धुन्धुकारीको प्रेतयोनिकी प्राप्ति और उससे उद्धार""): A poignant, devotional depiction capturing the divine narrative essence of this chapter. Color palette centered around antique gold with warm golden sunrise, sacred river mist, amber dawn tones. Main sacred figures and spiritual interaction arranged gracefully in the center and right foreground, leaving the left third calm with gentle waters, soft misty horizon, or quiet sky. A sublime classical Indian devotional masterpiece painting, Bengal School of Art and Kangra wash style, delicate tempera and watercolor on fine textured handmade wasli paper. Soft poetic fine-line brushwork, expressive soulful faces with classical Indian beauty, fluid natural drapery folds with subtle gold zari embroidery, lush natural foliage under the gentle shade of ancient flowering trees. Atmospheric lighting with a luminous glowing horizon and misty tranquil waters. Full-bleed edge-to-edge painting, seamless composition, absolutely no borders, no frames, no paper margins, no text, no modern 3D render. Wide 16:10 landscape format with calm, uncluttered left third."
ch_0_6,0,6,The procedure of hearing Śrīmad Bhāgavata in a week detailed,सप्ताहयज्ञकी विधि,"Scene from Mahatmya, Chapter 6 (""The procedure of hearing Śrīmad Bhāgavata in a week detailed"" / ""सप्ताहयज्ञकी विधि""): A poignant, devotional depiction capturing the divine narrative essence of this chapter. Color palette centered around antique gold with warm golden sunrise, sacred river mist, amber dawn tones. Main sacred figures and spiritual interaction arranged gracefully in the center and right foreground, leaving the left third calm with gentle waters, soft misty horizon, or quiet sky. A sublime classical Indian devotional masterpiece painting, Bengal School of Art and Kangra wash style, delicate tempera and watercolor on fine textured handmade wasli paper. Soft poetic fine-line brushwork, expressive soulful faces with classical Indian beauty, fluid natural drapery folds with subtle gold zari embroidery, lush natural foliage under the gentle shade of ancient flowering trees. Atmospheric lighting with a luminous glowing horizon and misty tranquil waters. Full-bleed edge-to-edge painting, seamless composition, absolutely no borders, no frames, no paper margins, no text, no modern 3D render. Wide 16:10 landscape format with calm, uncluttered left third."
ch_1_1,1,1,śaunaka and other sages enquire of the famous Sūta* (Ugraśravā),श्रीसूतजीसे शौनकादि ऋषियोंका प्रश्न,"Scene from Skandha 1, Chapter 1 (""śaunaka and other sages enquire of the famous Sūta* (Ugraśravā)"" / ""श्रीसूतजीसे शौनकादि ऋषियोंका प्रश्न""): A poignant, devotional depiction capturing the divine narrative essence of this chapter. Color palette centered around saffron orange with warm saffron-orange and amber sunset, sacred sacrificial firelight, forest dusk. Main sacred figures and spiritual interaction arranged gracefully in the center and right foreground, leaving the left third calm with gentle waters, soft misty horizon, or quiet sky. A sublime classical Indian devotional masterpiece painting, Bengal School of Art and Kangra wash style, delicate tempera and watercolor on fine textured handmade wasli paper. Soft poetic fine-line brushwork, expressive soulful faces with classical Indian beauty, fluid natural drapery folds with subtle gold zari embroidery, lush natural foliage under the gentle shade of ancient flowering trees. Atmospheric lighting with a luminous glowing horizon and misty tranquil waters. Full-bleed edge-to-edge painting, seamless composition, absolutely no borders, no frames, no paper margins, no text, no modern 3D render. Wide 16:10 landscape format with calm, uncluttered left third."
ch_1_2,1,2,Glory of the Lord’s narrative and of Devotion to Him,भगवत्कथा और भगवद्‌भक्तिका माहात्म्य,"Scene from Skandha 1, Chapter 2 (""Glory of the Lord’s narrative and of Devotion to Him"" / ""भगवत्कथा और भगवद्‌भक्तिका माहात्म्य""): A poignant, devotional depiction capturing the divine narrative essence of this chapter. Color palette centered around saffron orange with warm saffron-orange and amber sunset, sacred sacrificial firelight, forest dusk. Main sacred figures and spiritual interaction arranged gracefully in the center and right foreground, leaving the left third calm with gentle waters, soft misty horizon, or quiet sky. A sublime classical Indian devotional masterpiece painting, Bengal School of Art and Kangra wash style, delicate tempera and watercolor on fine textured handmade wasli paper. Soft poetic fine-line brushwork, expressive soulful faces with classical Indian beauty, fluid natural drapery folds with subtle gold zari embroidery, lush natural foliage under the gentle shade of ancient flowering trees. Atmospheric lighting with a luminous glowing horizon and misty tranquil waters. Full-bleed edge-to-edge painting, seamless composition, absolutely no borders, no frames, no paper margins, no text, no modern 3D render. Wide 16:10 landscape format with calm, uncluttered left third."
ch_1_3,1,3,The Lord’s Avatāras or Descents into the world of matter,भगवान्‌के अवतारोंका वर्णन,"Scene from Skandha 1, Chapter 3 (""The Lord’s Avatāras or Descents into the world of matter"" / ""भगवान्‌के अवतारोंका वर्णन""): A poignant, devotional depiction capturing the divine narrative essence of this chapter. Color palette centered around saffron orange with warm saffron-orange and amber sunset, sacred sacrificial firelight, forest dusk. Main sacred figures and spiritual interaction arranged gracefully in the center and right foreground, leaving the left third calm with gentle waters, soft misty horizon, or quiet sky. A sublime classical Indian devotional masterpiece painting, Bengal School of Art and Kangra wash style, delicate tempera and watercolor on fine textured handmade wasli paper. Soft poetic fine-line brushwork, expressive soulful faces with classical Indian beauty, fluid natural drapery folds with subtle gold zari embroidery, lush natural foliage under the gentle shade of ancient flowering trees. Atmospheric lighting with a luminous glowing horizon and misty tranquil waters. Full-bleed edge-to-edge painting, seamless composition, absolutely no borders, no frames, no paper margins, no text, no modern 3D render. Wide 16:10 landscape format with calm, uncluttered left third."
ch_1_4,1,4,A sense of frustration overtakes Vedavyāsa,महर्षि व्यासका असंतोष,"Scene from Skandha 1, Chapter 4 (""A sense of frustration overtakes Vedavyāsa"" / ""महर्षि व्यासका असंतोष""): A poignant, devotional depiction capturing the divine narrative essence of this chapter. Color palette centered around saffron orange with warm saffron-orange and amber sunset, sacred sacrificial firelight, forest dusk. Main sacred figures and spiritual interaction arranged gracefully in the center and right foreground, leaving the left third calm with gentle waters, soft misty horizon, or quiet sky. A sublime classical Indian devotional masterpiece painting, Bengal School of Art and Kangra wash style, delicate tempera and watercolor on fine textured handmade wasli paper. Soft poetic fine-line brushwork, expressive soulful faces with classical Indian beauty, fluid natural drapery folds with subtle gold zari embroidery, lush natural foliage under the gentle shade of ancient flowering trees. Atmospheric lighting with a luminous glowing horizon and misty tranquil waters. Full-bleed edge-to-edge painting, seamless composition, absolutely no borders, no frames, no paper margins, no text, no modern 3D render. Wide 16:10 landscape format with calm, uncluttered left third."
ch_1_5,1,5,Glory of singing the Lord’s praises and an account of Devarṣi Nārada’s previous life,भगवान्‌के यश-कीर्तनकी महिमा और देवर्षि नारदजीका पूर्वचरित्र,"Scene from Skandha 1, Chapter 5 (""Glory of singing the Lord’s praises and an account of Devarṣi Nārada’s previous life"" / ""भगवान्‌के यश-कीर्तनकी महिमा और देवर्षि नारदजीका पूर्वचरित्र""): A poignant, devotional depiction capturing the divine narrative essence of this chapter. Color palette centered around saffron orange with warm saffron-orange and amber sunset, sacred sacrificial firelight, forest dusk. Main sacred figures and spiritual interaction arranged gracefully in the center and right foreground, leaving the left third calm with gentle waters, soft misty horizon, or quiet sky. A sublime classical Indian devotional masterpiece painting, Bengal School of Art and Kangra wash style, delicate tempera and watercolor on fine textured handmade wasli paper. Soft poetic fine-line brushwork, expressive soulful faces with classical Indian beauty, fluid natural drapery folds with subtle gold zari embroidery, lush natural foliage under the gentle shade of ancient flowering trees. Atmospheric lighting with a luminous glowing horizon and misty tranquil waters. Full-bleed edge-to-edge painting, seamless composition, absolutely no borders, no frames, no paper margins, no text, no modern 3D render. Wide 16:10 landscape format with calm, uncluttered left third."
ch_1_6,1,6,The rest of the story of Nārada’s previous birth,नारदजीके पूर्वचरित्रका शेष भाग,"Scene from Skandha 1, Chapter 6 (""The rest of the story of Nārada’s previous birth"" / ""नारदजीके पूर्वचरित्रका शेष भाग""): A poignant, devotional depiction capturing the divine narrative essence of this chapter. Color palette centered around saffron orange with warm saffron-orange and amber sunset, sacred sacrificial firelight, forest dusk. Main sacred figures and spiritual interaction arranged gracefully in the center and right foreground, leaving the left third calm with gentle waters, soft misty horizon, or quiet sky. A sublime classical Indian devotional masterpiece painting, Bengal School of Art and Kangra wash style, delicate tempera and watercolor on fine textured handmade wasli paper. Soft poetic fine-line brushwork, expressive soulful faces with classical Indian beauty, fluid natural drapery folds with subtle gold zari embroidery, lush natural foliage under the gentle shade of ancient flowering trees. Atmospheric lighting with a luminous glowing horizon and misty tranquil waters. Full-bleed edge-to-edge painting, seamless composition, absolutely no borders, no frames, no paper margins, no text, no modern 3D render. Wide 16:10 landscape format with calm, uncluttered left third."
ch_1_7,1,7,Aśwatthāmā assassinates Draupadī’s sons and Arjuna in his turn curbs his pride,अश्वत्थामाद्वारा द्रौपदीके पुत्रोंका मारा जाना और अर्जुनके द्वारा अश्वत्थामाका मानमर्दन,"Scene from Skandha 1, Chapter 7 (""Aśwatthāmā assassinates Draupadī’s sons and Arjuna in his turn curbs his pride"" / ""अश्वत्थामाद्वारा द्रौपदीके पुत्रोंका मारा जाना और अर्जुनके द्वारा अश्वत्थामाका मानमर्दन""): A poignant, devotional depiction capturing the divine narrative essence of this chapter. Color palette centered around saffron orange with warm saffron-orange and amber sunset, sacred sacrificial firelight, forest dusk. Main sacred figures and spiritual interaction arranged gracefully in the center and right foreground, leaving the left third calm with gentle waters, soft misty horizon, or quiet sky. A sublime classical Indian devotional masterpiece painting, Bengal School of Art and Kangra wash style, delicate tempera and watercolor on fine textured handmade wasli paper. Soft poetic fine-line brushwork, expressive soulful faces with classical Indian beauty, fluid natural drapery folds with subtle gold zari embroidery, lush natural foliage under the gentle shade of ancient flowering trees. Atmospheric lighting with a luminous glowing horizon and misty tranquil waters. Full-bleed edge-to-edge painting, seamless composition, absolutely no borders, no frames, no paper margins, no text, no modern 3D render. Wide 16:10 landscape format with calm, uncluttered left third."
ch_1_8,1,8,The Lord delivers Parīkṣit in the womb and is extolled by Kuntī; Yudhiṣṭhira gives way to grief,"गर्भमें परीक्षित्‌की रक्षा, कुन्तीके द्वारा भगवान्‌की स्तुति और युधिष्ठिरका शोक","Scene from Skandha 1, Chapter 8 (""The Lord delivers Parīkṣit in the womb and is extolled by Kuntī; Yudhiṣṭhira gives way to grief"" / ""गर्भमें परीक्षित्‌की रक्षा, कुन्तीके द्वारा भगवान्‌की स्तुति और युधिष्ठिरका शोक""): A poignant, devotional depiction capturing the divine narrative essence of this chapter. Color palette centered around saffron orange with warm saffron-orange and amber sunset, sacred sacrificial firelight, forest dusk. Main sacred figures and spiritual interaction arranged gracefully in the center and right foreground, leaving the left third calm with gentle waters, soft misty horizon, or quiet sky. A sublime classical Indian devotional masterpiece painting, Bengal School of Art and Kangra wash style, delicate tempera and watercolor on fine textured handmade wasli paper. Soft poetic fine-line brushwork, expressive soulful faces with classical Indian beauty, fluid natural drapery folds with subtle gold zari embroidery, lush natural foliage under the gentle shade of ancient flowering trees. Atmospheric lighting with a luminous glowing horizon and misty tranquil waters. Full-bleed edge-to-edge painting, seamless composition, absolutely no borders, no frames, no paper margins, no text, no modern 3D render. Wide 16:10 landscape format with calm, uncluttered left third."
ch_1_9,1,9,"Yudhiṣṭhira and others call on Bhīṣma and the latter drops his mortal coil, extolling Śrī Kṛṣṇa",युधिष्ठिरादिका भीष्मजीके पास जाना और भगवान् श्रीकृष्णकी स्तुति करते हुए भीष्मजीका प्राणत्याग करना,"Scene from Skandha 1, Chapter 9 (""Yudhiṣṭhira and others call on Bhīṣma and the latter drops his mortal coil, extolling Śrī Kṛṣṇa"" / ""युधिष्ठिरादिका भीष्मजीके पास जाना और भगवान् श्रीकृष्णकी स्तुति करते हुए भीष्मजीका प्राणत्याग करना""): A poignant, devotional depiction capturing the divine narrative essence of this chapter. Color palette centered around saffron orange with warm saffron-orange and amber sunset, sacred sacrificial firelight, forest dusk. Main sacred figures and spiritual interaction arranged gracefully in the center and right foreground, leaving the left third calm with gentle waters, soft misty horizon, or quiet sky. A sublime classical Indian devotional masterpiece painting, Bengal School of Art and Kangra wash style, delicate tempera and watercolor on fine textured handmade wasli paper. Soft poetic fine-line brushwork, expressive soulful faces with classical Indian beauty, fluid natural drapery folds with subtle gold zari embroidery, lush natural foliage under the gentle shade of ancient flowering trees. Atmospheric lighting with a luminous glowing horizon and misty tranquil waters. Full-bleed edge-to-edge painting, seamless composition, absolutely no borders, no frames, no paper margins, no text, no modern 3D render. Wide 16:10 landscape format with calm, uncluttered left third."
ch_1_10,1,10,Śrī Kṛṣṇa’s Departure to Dwārakā,श्रीकृष्णका द्वारका-गमन,"Scene from Skandha 1, Chapter 10 (""Śrī Kṛṣṇa’s Departure to Dwārakā"" / ""श्रीकृष्णका द्वारका-गमन""): A poignant, devotional depiction capturing the divine narrative essence of this chapter. Color palette centered around saffron orange with warm saffron-orange and amber sunset, sacred sacrificial firelight, forest dusk. Main sacred figures and spiritual interaction arranged gracefully in the center and right foreground, leaving the left third calm with gentle waters, soft misty horizon, or quiet sky. A sublime classical Indian devotional masterpiece painting, Bengal School of Art and Kangra wash style, delicate tempera and watercolor on fine textured handmade wasli paper. Soft poetic fine-line brushwork, expressive soulful faces with classical Indian beauty, fluid natural drapery folds with subtle gold zari embroidery, lush natural foliage under the gentle shade of ancient flowering trees. Atmospheric lighting with a luminous glowing horizon and misty tranquil waters. Full-bleed edge-to-edge painting, seamless composition, absolutely no borders, no frames, no paper margins, no text, no modern 3D render. Wide 16:10 landscape format with calm, uncluttered left third."
ch_1_11,1,11,Right royal reception of Śrī Kṛṣṇa at Dwārakā,द्वारकामें श्रीकृष्णका राजोचित स्वागत,"Scene from Skandha 1, Chapter 11 (""Right royal reception of Śrī Kṛṣṇa at Dwārakā"" / ""द्वारकामें श्रीकृष्णका राजोचित स्वागत""): A poignant, devotional depiction capturing the divine narrative essence of this chapter. Color palette centered around saffron orange with warm saffron-orange and amber sunset, sacred sacrificial firelight, forest dusk. Main sacred figures and spiritual interaction arranged gracefully in the center and right foreground, leaving the left third calm with gentle waters, soft misty horizon, or quiet sky. A sublime classical Indian devotional masterpiece painting, Bengal School of Art and Kangra wash style, delicate tempera and watercolor on fine textured handmade wasli paper. Soft poetic fine-line brushwork, expressive soulful faces with classical Indian beauty, fluid natural drapery folds with subtle gold zari embroidery, lush natural foliage under the gentle shade of ancient flowering trees. Atmospheric lighting with a luminous glowing horizon and misty tranquil waters. Full-bleed edge-to-edge painting, seamless composition, absolutely no borders, no frames, no paper margins, no text, no modern 3D render. Wide 16:10 landscape format with calm, uncluttered left third."
ch_1_12,1,12,Birth of Parīkṣit,परीक्षित्‌का जन्म,"Scene from Skandha 1, Chapter 12 (""Birth of Parīkṣit"" / ""परीक्षित्‌का जन्म""): A poignant, devotional depiction capturing the divine narrative essence of this chapter. Color palette centered around saffron orange with warm saffron-orange and amber sunset, sacred sacrificial firelight, forest dusk. Main sacred figures and spiritual interaction arranged gracefully in the center and right foreground, leaving the left third calm with gentle waters, soft misty horizon, or quiet sky. A sublime classical Indian devotional masterpiece painting, Bengal School of Art and Kangra wash style, delicate tempera and watercolor on fine textured handmade wasli paper. Soft poetic fine-line brushwork, expressive soulful faces with classical Indian beauty, fluid natural drapery folds with subtle gold zari embroidery, lush natural foliage under the gentle shade of ancient flowering trees. Atmospheric lighting with a luminous glowing horizon and misty tranquil waters. Full-bleed edge-to-edge painting, seamless composition, absolutely no borders, no frames, no paper margins, no text, no modern 3D render. Wide 16:10 landscape format with calm, uncluttered left third."
ch_1_13,1,13,"Departure of Dhṛtarāṣṭra and his wife Gāndhārī, for the forest at the instance of Vidura",विदुरजीके उपदेशसे धृतराष्ट्र और गान्धारीका वनमें जाना,"Scene from Skandha 1, Chapter 13 (""Departure of Dhṛtarāṣṭra and his wife Gāndhārī, for the forest at the instance of Vidura"" / ""विदुरजीके उपदेशसे धृतराष्ट्र और गान्धारीका वनमें जाना""): A poignant, devotional depiction capturing the divine narrative essence of this chapter. Color palette centered around saffron orange with warm saffron-orange and amber sunset, sacred sacrificial firelight, forest dusk. Main sacred figures and spiritual interaction arranged gracefully in the center and right foreground, leaving the left third calm with gentle waters, soft misty horizon, or quiet sky. A sublime classical Indian devotional masterpiece painting, Bengal School of Art and Kangra wash style, delicate tempera and watercolor on fine textured handmade wasli paper. Soft poetic fine-line brushwork, expressive soulful faces with classical Indian beauty, fluid natural drapery folds with subtle gold zari embroidery, lush natural foliage under the gentle shade of ancient flowering trees. Atmospheric lighting with a luminous glowing horizon and misty tranquil waters. Full-bleed edge-to-edge painting, seamless composition, absolutely no borders, no frames, no paper margins, no text, no modern 3D render. Wide 16:10 landscape format with calm, uncluttered left third."
ch_1_14,1,14,King Yudhiṣṭhira grows apprehensive at the sight of evil omens and Arjuna returns from Dwārakā,अपशकुन देखकर महाराज युधिष्ठिरका शंका करना और अर्जुनका द्वारकासे लौटना,"Scene from Skandha 1, Chapter 14 (""King Yudhiṣṭhira grows apprehensive at the sight of evil omens and Arjuna returns from Dwārakā"" / ""अपशकुन देखकर महाराज युधिष्ठिरका शंका करना और अर्जुनका द्वारकासे लौटना""): A poignant, devotional depiction capturing the divine narrative essence of this chapter. Color palette centered around saffron orange with warm saffron-orange and amber sunset, sacred sacrificial firelight, forest dusk. Main sacred figures and spiritual interaction arranged gracefully in the center and right foreground, leaving the left third calm with gentle waters, soft misty horizon, or quiet sky. A sublime classical Indian devotional masterpiece painting, Bengal School of Art and Kangra wash style, delicate tempera and watercolor on fine textured handmade wasli paper. Soft poetic fine-line brushwork, expressive soulful faces with classical Indian beauty, fluid natural drapery folds with subtle gold zari embroidery, lush natural foliage under the gentle shade of ancient flowering trees. Atmospheric lighting with a luminous glowing horizon and misty tranquil waters. Full-bleed edge-to-edge painting, seamless composition, absolutely no borders, no frames, no paper margins, no text, no modern 3D render. Wide 16:10 landscape format with calm, uncluttered left third."
ch_1_15,1,15,"Stricken with grief at their separation from Śrī Kṛṣṇa, the Pāṇḍavas install Parīkṣit on the throne of Hastināpura and ascend to heaven",कृष्णविरहव्यथित पाण्डवोंका परीक्षित्‌को राज्य देकर स्वर्ग सिधारना,"Scene from Skandha 1, Chapter 15 (""Stricken with grief at their separation from Śrī Kṛṣṇa, the Pāṇḍavas install Parīkṣit on the throne of Hastināpura and ascend to heaven"" / ""कृष्णविरहव्यथित पाण्डवोंका परीक्षित्‌को राज्य देकर स्वर्ग सिधारना""): A poignant, devotional depiction capturing the divine narrative essence of this chapter. Color palette centered around saffron orange with warm saffron-orange and amber sunset, sacred sacrificial firelight, forest dusk. Main sacred figures and spiritual interaction arranged gracefully in the center and right foreground, leaving the left third calm with gentle waters, soft misty horizon, or quiet sky. A sublime classical Indian devotional masterpiece painting, Bengal School of Art and Kangra wash style, delicate tempera and watercolor on fine textured handmade wasli paper. Soft poetic fine-line brushwork, expressive soulful faces with classical Indian beauty, fluid natural drapery folds with subtle gold zari embroidery, lush natural foliage under the gentle shade of ancient flowering trees. Atmospheric lighting with a luminous glowing horizon and misty tranquil waters. Full-bleed edge-to-edge painting, seamless composition, absolutely no borders, no frames, no paper margins, no text, no modern 3D render. Wide 16:10 landscape format with calm, uncluttered left third."
ch_1_16,1,16,Conquest of the world by king Parīkṣit and the dialogue between Dharma (the god of piety) and Mother Earth,परीक्षित्‌की दिग्विजय तथा धर्म और पृथ्वीका संवाद,"Scene from Skandha 1, Chapter 16 (""Conquest of the world by king Parīkṣit and the dialogue between Dharma (the god of piety) and Mother Earth"" / ""परीक्षित्‌की दिग्विजय तथा धर्म और पृथ्वीका संवाद""): A poignant, devotional depiction capturing the divine narrative essence of this chapter. Color palette centered around saffron orange with warm saffron-orange and amber sunset, sacred sacrificial firelight, forest dusk. Main sacred figures and spiritual interaction arranged gracefully in the center and right foreground, leaving the left third calm with gentle waters, soft misty horizon, or quiet sky. A sublime classical Indian devotional masterpiece painting, Bengal School of Art and Kangra wash style, delicate tempera and watercolor on fine textured handmade wasli paper. Soft poetic fine-line brushwork, expressive soulful faces with classical Indian beauty, fluid natural drapery folds with subtle gold zari embroidery, lush natural foliage under the gentle shade of ancient flowering trees. Atmospheric lighting with a luminous glowing horizon and misty tranquil waters. Full-bleed edge-to-edge painting, seamless composition, absolutely no borders, no frames, no paper margins, no text, no modern 3D render. Wide 16:10 landscape format with calm, uncluttered left third."
ch_1_17,1,17,King Parīkṣit subdues Kali,महाराज परीक्षित्‌द्वारा कलियुगका दमन,"Scene from Skandha 1, Chapter 17 (""King Parīkṣit subdues Kali"" / ""महाराज परीक्षित्‌द्वारा कलियुगका दमन""): A poignant, devotional depiction capturing the divine narrative essence of this chapter. Color palette centered around saffron orange with warm saffron-orange and amber sunset, sacred sacrificial firelight, forest dusk. Main sacred figures and spiritual interaction arranged gracefully in the center and right foreground, leaving the left third calm with gentle waters, soft misty horizon, or quiet sky. A sublime classical Indian devotional masterpiece painting, Bengal School of Art and Kangra wash style, delicate tempera and watercolor on fine textured handmade wasli paper. Soft poetic fine-line brushwork, expressive soulful faces with classical Indian beauty, fluid natural drapery folds with subtle gold zari embroidery, lush natural foliage under the gentle shade of ancient flowering trees. Atmospheric lighting with a luminous glowing horizon and misty tranquil waters. Full-bleed edge-to-edge painting, seamless composition, absolutely no borders, no frames, no paper margins, no text, no modern 3D render. Wide 16:10 landscape format with calm, uncluttered left third."
ch_1_18,1,18,The youthful sage śṛṅgī utters an imprecation against king Parīkṣit,राजा परीक्षित्‌को शृंगी ऋषिका शाप,"Scene from Skandha 1, Chapter 18 (""The youthful sage śṛṅgī utters an imprecation against king Parīkṣit"" / ""राजा परीक्षित्‌को शृंगी ऋषिका शाप""): A poignant, devotional depiction capturing the divine narrative essence of this chapter. Color palette centered around saffron orange with warm saffron-orange and amber sunset, sacred sacrificial firelight, forest dusk. Main sacred figures and spiritual interaction arranged gracefully in the center and right foreground, leaving the left third calm with gentle waters, soft misty horizon, or quiet sky. A sublime classical Indian devotional masterpiece painting, Bengal School of Art and Kangra wash style, delicate tempera and watercolor on fine textured handmade wasli paper. Soft poetic fine-line brushwork, expressive soulful faces with classical Indian beauty, fluid natural drapery folds with subtle gold zari embroidery, lush natural foliage under the gentle shade of ancient flowering trees. Atmospheric lighting with a luminous glowing horizon and misty tranquil waters. Full-bleed edge-to-edge painting, seamless composition, absolutely no borders, no frames, no paper margins, no text, no modern 3D render. Wide 16:10 landscape format with calm, uncluttered left third."
ch_1_19,1,19,Parīkṣit takes a vow of fasting till death and śuka pays a visit to him,परीक्षित्‌का अनशनव्रत और शुकदेवजीका आगमन,"Scene from Skandha 1, Chapter 19 (""Parīkṣit takes a vow of fasting till death and śuka pays a visit to him"" / ""परीक्षित्‌का अनशनव्रत और शुकदेवजीका आगमन""): A poignant, devotional depiction capturing the divine narrative essence of this chapter. Color palette centered around saffron orange with warm saffron-orange and amber sunset, sacred sacrificial firelight, forest dusk. Main sacred figures and spiritual interaction arranged gracefully in the center and right foreground, leaving the left third calm with gentle waters, soft misty horizon, or quiet sky. A sublime classical Indian devotional masterpiece painting, Bengal School of Art and Kangra wash style, delicate tempera and watercolor on fine textured handmade wasli paper. Soft poetic fine-line brushwork, expressive soulful faces with classical Indian beauty, fluid natural drapery folds with subtle gold zari embroidery, lush natural foliage under the gentle shade of ancient flowering trees. Atmospheric lighting with a luminous glowing horizon and misty tranquil waters. Full-bleed edge-to-edge painting, seamless composition, absolutely no borders, no frames, no paper margins, no text, no modern 3D render. Wide 16:10 landscape format with calm, uncluttered left third."
ch_2_1,2,1,The process of meditation and the cosmic form of the Lord described,ध्यान-विधि और भगवान्‌के विराट्स्वरूपका वर्णन,"Scene from Skandha 2, Chapter 1 (""The process of meditation and the cosmic form of the Lord described"" / ""ध्यान-विधि और भगवान्‌के विराट्स्वरूपका वर्णन""): A poignant, devotional depiction capturing the divine narrative essence of this chapter. Color palette centered around golden yellow with luminous celestial golden heavens, solar orbs, starry lotus atmosphere. Main sacred figures and spiritual interaction arranged gracefully in the center and right foreground, leaving the left third calm with gentle waters, soft misty horizon, or quiet sky. A sublime classical Indian devotional masterpiece painting, Bengal School of Art and Kangra wash style, delicate tempera and watercolor on fine textured handmade wasli paper. Soft poetic fine-line brushwork, expressive soulful faces with classical Indian beauty, fluid natural drapery folds with subtle gold zari embroidery, lush natural foliage under the gentle shade of ancient flowering trees. Atmospheric lighting with a luminous glowing horizon and misty tranquil waters. Full-bleed edge-to-edge painting, seamless composition, absolutely no borders, no frames, no paper margins, no text, no modern 3D render. Wide 16:10 landscape format with calm, uncluttered left third."
ch_2_2,2,2,"types of Mukti (Liberation), viz., Kramamukti or gradual Liberation and Sadyomukti or immediate Liberation",भगवान्‌के स्थूल और सूक्ष्मरूपोंकी धारणा तथा क्रममुक्ति और सद्योमुक्तिका वर्णन,"Scene from Skandha 2, Chapter 2 (""types of Mukti (Liberation), viz., Kramamukti or gradual Liberation and Sadyomukti or immediate Liberation"" / ""भगवान्‌के स्थूल और सूक्ष्मरूपोंकी धारणा तथा क्रममुक्ति और सद्योमुक्तिका वर्णन""): A poignant, devotional depiction capturing the divine narrative essence of this chapter. Color palette centered around golden yellow with luminous celestial golden heavens, solar orbs, starry lotus atmosphere. Main sacred figures and spiritual interaction arranged gracefully in the center and right foreground, leaving the left third calm with gentle waters, soft misty horizon, or quiet sky. A sublime classical Indian devotional masterpiece painting, Bengal School of Art and Kangra wash style, delicate tempera and watercolor on fine textured handmade wasli paper. Soft poetic fine-line brushwork, expressive soulful faces with classical Indian beauty, fluid natural drapery folds with subtle gold zari embroidery, lush natural foliage under the gentle shade of ancient flowering trees. Atmospheric lighting with a luminous glowing horizon and misty tranquil waters. Full-bleed edge-to-edge painting, seamless composition, absolutely no borders, no frames, no paper margins, no text, no modern 3D render. Wide 16:10 landscape format with calm, uncluttered left third."
ch_2_3,2,3,the superiority of Devotion to the Lord,कामनाओंके अनुसार विभिन्न देवताओंकी उपासना तथा भगवद्‌भक्तिके प्राधान्यका निरूपण,"Scene from Skandha 2, Chapter 3 (""the superiority of Devotion to the Lord"" / ""कामनाओंके अनुसार विभिन्न देवताओंकी उपासना तथा भगवद्‌भक्तिके प्राधान्यका निरूपण""): A poignant, devotional depiction capturing the divine narrative essence of this chapter. Color palette centered around golden yellow with luminous celestial golden heavens, solar orbs, starry lotus atmosphere. Main sacred figures and spiritual interaction arranged gracefully in the center and right foreground, leaving the left third calm with gentle waters, soft misty horizon, or quiet sky. A sublime classical Indian devotional masterpiece painting, Bengal School of Art and Kangra wash style, delicate tempera and watercolor on fine textured handmade wasli paper. Soft poetic fine-line brushwork, expressive soulful faces with classical Indian beauty, fluid natural drapery folds with subtle gold zari embroidery, lush natural foliage under the gentle shade of ancient flowering trees. Atmospheric lighting with a luminous glowing horizon and misty tranquil waters. Full-bleed edge-to-edge painting, seamless composition, absolutely no borders, no frames, no paper margins, no text, no modern 3D render. Wide 16:10 landscape format with calm, uncluttered left third."
ch_2_4,2,4,The king asks a question about the creation of the universe and the sage śuka commences his discourse,राजाका सृष्टिविषयक प्रश्न और शुकदेवजीका कथारम्भ,"Scene from Skandha 2, Chapter 4 (""The king asks a question about the creation of the universe and the sage śuka commences his discourse"" / ""राजाका सृष्टिविषयक प्रश्न और शुकदेवजीका कथारम्भ""): A poignant, devotional depiction capturing the divine narrative essence of this chapter. Color palette centered around golden yellow with luminous celestial golden heavens, solar orbs, starry lotus atmosphere. Main sacred figures and spiritual interaction arranged gracefully in the center and right foreground, leaving the left third calm with gentle waters, soft misty horizon, or quiet sky. A sublime classical Indian devotional masterpiece painting, Bengal School of Art and Kangra wash style, delicate tempera and watercolor on fine textured handmade wasli paper. Soft poetic fine-line brushwork, expressive soulful faces with classical Indian beauty, fluid natural drapery folds with subtle gold zari embroidery, lush natural foliage under the gentle shade of ancient flowering trees. Atmospheric lighting with a luminous glowing horizon and misty tranquil waters. Full-bleed edge-to-edge painting, seamless composition, absolutely no borders, no frames, no paper margins, no text, no modern 3D render. Wide 16:10 landscape format with calm, uncluttered left third."
ch_2_5,2,5,A description of the cosmos,सृष्टि-वर्णन,"Scene from Skandha 2, Chapter 5 (""A description of the cosmos"" / ""सृष्टि-वर्णन""): A poignant, devotional depiction capturing the divine narrative essence of this chapter. Color palette centered around golden yellow with luminous celestial golden heavens, solar orbs, starry lotus atmosphere. Main sacred figures and spiritual interaction arranged gracefully in the center and right foreground, leaving the left third calm with gentle waters, soft misty horizon, or quiet sky. A sublime classical Indian devotional masterpiece painting, Bengal School of Art and Kangra wash style, delicate tempera and watercolor on fine textured handmade wasli paper. Soft poetic fine-line brushwork, expressive soulful faces with classical Indian beauty, fluid natural drapery folds with subtle gold zari embroidery, lush natural foliage under the gentle shade of ancient flowering trees. Atmospheric lighting with a luminous glowing horizon and misty tranquil waters. Full-bleed edge-to-edge painting, seamless composition, absolutely no borders, no frames, no paper margins, no text, no modern 3D render. Wide 16:10 landscape format with calm, uncluttered left third."
ch_2_6,2,6,Glories of the Cosmic Being,विराट्स्वरूपकी विभूतियोंका वर्णन,"Scene from Skandha 2, Chapter 6 (""Glories of the Cosmic Being"" / ""विराट्स्वरूपकी विभूतियोंका वर्णन""): A poignant, devotional depiction capturing the divine narrative essence of this chapter. Color palette centered around golden yellow with luminous celestial golden heavens, solar orbs, starry lotus atmosphere. Main sacred figures and spiritual interaction arranged gracefully in the center and right foreground, leaving the left third calm with gentle waters, soft misty horizon, or quiet sky. A sublime classical Indian devotional masterpiece painting, Bengal School of Art and Kangra wash style, delicate tempera and watercolor on fine textured handmade wasli paper. Soft poetic fine-line brushwork, expressive soulful faces with classical Indian beauty, fluid natural drapery folds with subtle gold zari embroidery, lush natural foliage under the gentle shade of ancient flowering trees. Atmospheric lighting with a luminous glowing horizon and misty tranquil waters. Full-bleed edge-to-edge painting, seamless composition, absolutely no borders, no frames, no paper margins, no text, no modern 3D render. Wide 16:10 landscape format with calm, uncluttered left third."
ch_2_7,2,7,The stories of the Lord’s sportful descents,भगवान्‌के लीलावतारोंकी कथा,"Scene from Skandha 2, Chapter 7 (""The stories of the Lord’s sportful descents"" / ""भगवान्‌के लीलावतारोंकी कथा""): A poignant, devotional depiction capturing the divine narrative essence of this chapter. Color palette centered around golden yellow with luminous celestial golden heavens, solar orbs, starry lotus atmosphere. Main sacred figures and spiritual interaction arranged gracefully in the center and right foreground, leaving the left third calm with gentle waters, soft misty horizon, or quiet sky. A sublime classical Indian devotional masterpiece painting, Bengal School of Art and Kangra wash style, delicate tempera and watercolor on fine textured handmade wasli paper. Soft poetic fine-line brushwork, expressive soulful faces with classical Indian beauty, fluid natural drapery folds with subtle gold zari embroidery, lush natural foliage under the gentle shade of ancient flowering trees. Atmospheric lighting with a luminous glowing horizon and misty tranquil waters. Full-bleed edge-to-edge painting, seamless composition, absolutely no borders, no frames, no paper margins, no text, no modern 3D render. Wide 16:10 landscape format with calm, uncluttered left third."
ch_2_8,2,8,King Parīkṣit asks various questions of the sage śuka,राजा परीक्षित्‌के विविध प्रश्न,"Scene from Skandha 2, Chapter 8 (""King Parīkṣit asks various questions of the sage śuka"" / ""राजा परीक्षित्‌के विविध प्रश्न""): A poignant, devotional depiction capturing the divine narrative essence of this chapter. Color palette centered around golden yellow with luminous celestial golden heavens, solar orbs, starry lotus atmosphere. Main sacred figures and spiritual interaction arranged gracefully in the center and right foreground, leaving the left third calm with gentle waters, soft misty horizon, or quiet sky. A sublime classical Indian devotional masterpiece painting, Bengal School of Art and Kangra wash style, delicate tempera and watercolor on fine textured handmade wasli paper. Soft poetic fine-line brushwork, expressive soulful faces with classical Indian beauty, fluid natural drapery folds with subtle gold zari embroidery, lush natural foliage under the gentle shade of ancient flowering trees. Atmospheric lighting with a luminous glowing horizon and misty tranquil waters. Full-bleed edge-to-edge painting, seamless composition, absolutely no borders, no frames, no paper margins, no text, no modern 3D render. Wide 16:10 landscape format with calm, uncluttered left third."
ch_2_9,2,9,"text of the Bhāgavata, consisting of four couplets only",ब्रह्माजीका भगवद्धामदर्शन और भगवान्‌के द्वारा उन्हें चतुःश्लोकी भागवतका उपदेश,"Scene from Skandha 2, Chapter 9 (""text of the Bhāgavata, consisting of four couplets only"" / ""ब्रह्माजीका भगवद्धामदर्शन और भगवान्‌के द्वारा उन्हें चतुःश्लोकी भागवतका उपदेश""): A poignant, devotional depiction capturing the divine narrative essence of this chapter. Color palette centered around golden yellow with luminous celestial golden heavens, solar orbs, starry lotus atmosphere. Main sacred figures and spiritual interaction arranged gracefully in the center and right foreground, leaving the left third calm with gentle waters, soft misty horizon, or quiet sky. A sublime classical Indian devotional masterpiece painting, Bengal School of Art and Kangra wash style, delicate tempera and watercolor on fine textured handmade wasli paper. Soft poetic fine-line brushwork, expressive soulful faces with classical Indian beauty, fluid natural drapery folds with subtle gold zari embroidery, lush natural foliage under the gentle shade of ancient flowering trees. Atmospheric lighting with a luminous glowing horizon and misty tranquil waters. Full-bleed edge-to-edge painting, seamless composition, absolutely no borders, no frames, no paper margins, no text, no modern 3D render. Wide 16:10 landscape format with calm, uncluttered left third."
ch_2_10,2,10,The ten characteristic features of the Bhāgavata,भागवतके दस लक्षण,"Scene from Skandha 2, Chapter 10 (""The ten characteristic features of the Bhāgavata"" / ""भागवतके दस लक्षण""): A poignant, devotional depiction capturing the divine narrative essence of this chapter. Color palette centered around golden yellow with luminous celestial golden heavens, solar orbs, starry lotus atmosphere. Main sacred figures and spiritual interaction arranged gracefully in the center and right foreground, leaving the left third calm with gentle waters, soft misty horizon, or quiet sky. A sublime classical Indian devotional masterpiece painting, Bengal School of Art and Kangra wash style, delicate tempera and watercolor on fine textured handmade wasli paper. Soft poetic fine-line brushwork, expressive soulful faces with classical Indian beauty, fluid natural drapery folds with subtle gold zari embroidery, lush natural foliage under the gentle shade of ancient flowering trees. Atmospheric lighting with a luminous glowing horizon and misty tranquil waters. Full-bleed edge-to-edge painting, seamless composition, absolutely no borders, no frames, no paper margins, no text, no modern 3D render. Wide 16:10 landscape format with calm, uncluttered left third."
ch_3_1,3,1,Meeting of Uddhava and Vidura,उद्धव और विदुरकी भेंट,"Scene from Skandha 3, Chapter 1 (""Meeting of Uddhava and Vidura"" / ""उद्धव और विदुरकी भेंट""): A poignant, devotional depiction capturing the divine narrative essence of this chapter. Color palette centered around ochre with ochre and earth tones, primordial ocean spray, lotus clouds. Main sacred figures and spiritual interaction arranged gracefully in the center and right foreground, leaving the left third calm with gentle waters, soft misty horizon, or quiet sky. A sublime classical Indian devotional masterpiece painting, Bengal School of Art and Kangra wash style, delicate tempera and watercolor on fine textured handmade wasli paper. Soft poetic fine-line brushwork, expressive soulful faces with classical Indian beauty, fluid natural drapery folds with subtle gold zari embroidery, lush natural foliage under the gentle shade of ancient flowering trees. Atmospheric lighting with a luminous glowing horizon and misty tranquil waters. Full-bleed edge-to-edge painting, seamless composition, absolutely no borders, no frames, no paper margins, no text, no modern 3D render. Wide 16:10 landscape format with calm, uncluttered left third."
ch_3_2,3,2,Uddhava recounts the childish sports of the Lord,उद्धवजीद्वारा भगवान्‌की बाललीलाओंका वर्णन,"Scene from Skandha 3, Chapter 2 (""Uddhava recounts the childish sports of the Lord"" / ""उद्धवजीद्वारा भगवान्‌की बाललीलाओंका वर्णन""): A poignant, devotional depiction capturing the divine narrative essence of this chapter. Color palette centered around ochre with ochre and earth tones, primordial ocean spray, lotus clouds. Main sacred figures and spiritual interaction arranged gracefully in the center and right foreground, leaving the left third calm with gentle waters, soft misty horizon, or quiet sky. A sublime classical Indian devotional masterpiece painting, Bengal School of Art and Kangra wash style, delicate tempera and watercolor on fine textured handmade wasli paper. Soft poetic fine-line brushwork, expressive soulful faces with classical Indian beauty, fluid natural drapery folds with subtle gold zari embroidery, lush natural foliage under the gentle shade of ancient flowering trees. Atmospheric lighting with a luminous glowing horizon and misty tranquil waters. Full-bleed edge-to-edge painting, seamless composition, absolutely no borders, no frames, no paper margins, no text, no modern 3D render. Wide 16:10 landscape format with calm, uncluttered left third."
ch_3_3,3,3,A brief survey of the Lord’s other exploits,भगवान्‌के अन्य लीलाचरित्रोंका वर्णन,"Scene from Skandha 3, Chapter 3 (""A brief survey of the Lord’s other exploits"" / ""भगवान्‌के अन्य लीलाचरित्रोंका वर्णन""): A poignant, devotional depiction capturing the divine narrative essence of this chapter. Color palette centered around ochre with ochre and earth tones, primordial ocean spray, lotus clouds. Main sacred figures and spiritual interaction arranged gracefully in the center and right foreground, leaving the left third calm with gentle waters, soft misty horizon, or quiet sky. A sublime classical Indian devotional masterpiece painting, Bengal School of Art and Kangra wash style, delicate tempera and watercolor on fine textured handmade wasli paper. Soft poetic fine-line brushwork, expressive soulful faces with classical Indian beauty, fluid natural drapery folds with subtle gold zari embroidery, lush natural foliage under the gentle shade of ancient flowering trees. Atmospheric lighting with a luminous glowing horizon and misty tranquil waters. Full-bleed edge-to-edge painting, seamless composition, absolutely no borders, no frames, no paper margins, no text, no modern 3D render. Wide 16:10 landscape format with calm, uncluttered left third."
ch_3_4,3,4,"As directed by Uddhava, Vidura calls on the sage Maitreya by hurling abuses.",उद्धवजीसे विदा होकर विदुरजीका मैत्रेय ऋषिके पास जाना,"Scene from Skandha 3, Chapter 4 (""As directed by Uddhava, Vidura calls on the sage Maitreya by hurling abuses."" / ""उद्धवजीसे विदा होकर विदुरजीका मैत्रेय ऋषिके पास जाना""): A poignant, devotional depiction capturing the divine narrative essence of this chapter. Color palette centered around ochre with ochre and earth tones, primordial ocean spray, lotus clouds. Main sacred figures and spiritual interaction arranged gracefully in the center and right foreground, leaving the left third calm with gentle waters, soft misty horizon, or quiet sky. A sublime classical Indian devotional masterpiece painting, Bengal School of Art and Kangra wash style, delicate tempera and watercolor on fine textured handmade wasli paper. Soft poetic fine-line brushwork, expressive soulful faces with classical Indian beauty, fluid natural drapery folds with subtle gold zari embroidery, lush natural foliage under the gentle shade of ancient flowering trees. Atmospheric lighting with a luminous glowing horizon and misty tranquil waters. Full-bleed edge-to-edge painting, seamless composition, absolutely no borders, no frames, no paper margins, no text, no modern 3D render. Wide 16:10 landscape format with calm, uncluttered left third."
ch_3_5,3,5,The sage Maitreya describes the process of creation in reply to Vidura’s question,विदुरजीका प्रश्न और मैत्रेयजीका सृष्टिक्रम वर्णन,"Scene from Skandha 3, Chapter 5 (""The sage Maitreya describes the process of creation in reply to Vidura’s question"" / ""विदुरजीका प्रश्न और मैत्रेयजीका सृष्टिक्रम वर्णन""): A poignant, devotional depiction capturing the divine narrative essence of this chapter. Color palette centered around ochre with ochre and earth tones, primordial ocean spray, lotus clouds. Main sacred figures and spiritual interaction arranged gracefully in the center and right foreground, leaving the left third calm with gentle waters, soft misty horizon, or quiet sky. A sublime classical Indian devotional masterpiece painting, Bengal School of Art and Kangra wash style, delicate tempera and watercolor on fine textured handmade wasli paper. Soft poetic fine-line brushwork, expressive soulful faces with classical Indian beauty, fluid natural drapery folds with subtle gold zari embroidery, lush natural foliage under the gentle shade of ancient flowering trees. Atmospheric lighting with a luminous glowing horizon and misty tranquil waters. Full-bleed edge-to-edge painting, seamless composition, absolutely no borders, no frames, no paper margins, no text, no modern 3D render. Wide 16:10 landscape format with calm, uncluttered left third."
ch_3_6,3,6,Appearance of the Cosmic Body,विराट् शरीरकी उत्पत्ति,"Scene from Skandha 3, Chapter 6 (""Appearance of the Cosmic Body"" / ""विराट् शरीरकी उत्पत्ति""): A poignant, devotional depiction capturing the divine narrative essence of this chapter. Color palette centered around ochre with ochre and earth tones, primordial ocean spray, lotus clouds. Main sacred figures and spiritual interaction arranged gracefully in the center and right foreground, leaving the left third calm with gentle waters, soft misty horizon, or quiet sky. A sublime classical Indian devotional masterpiece painting, Bengal School of Art and Kangra wash style, delicate tempera and watercolor on fine textured handmade wasli paper. Soft poetic fine-line brushwork, expressive soulful faces with classical Indian beauty, fluid natural drapery folds with subtle gold zari embroidery, lush natural foliage under the gentle shade of ancient flowering trees. Atmospheric lighting with a luminous glowing horizon and misty tranquil waters. Full-bleed edge-to-edge painting, seamless composition, absolutely no borders, no frames, no paper margins, no text, no modern 3D render. Wide 16:10 landscape format with calm, uncluttered left third."
ch_3_7,3,7,Vidura’s questions,विदुरजीके प्रश्न,"Scene from Skandha 3, Chapter 7 (""Vidura’s questions"" / ""विदुरजीके प्रश्न""): A poignant, devotional depiction capturing the divine narrative essence of this chapter. Color palette centered around ochre with ochre and earth tones, primordial ocean spray, lotus clouds. Main sacred figures and spiritual interaction arranged gracefully in the center and right foreground, leaving the left third calm with gentle waters, soft misty horizon, or quiet sky. A sublime classical Indian devotional masterpiece painting, Bengal School of Art and Kangra wash style, delicate tempera and watercolor on fine textured handmade wasli paper. Soft poetic fine-line brushwork, expressive soulful faces with classical Indian beauty, fluid natural drapery folds with subtle gold zari embroidery, lush natural foliage under the gentle shade of ancient flowering trees. Atmospheric lighting with a luminous glowing horizon and misty tranquil waters. Full-bleed edge-to-edge painting, seamless composition, absolutely no borders, no frames, no paper margins, no text, no modern 3D render. Wide 16:10 landscape format with calm, uncluttered left third."
ch_3_8,3,8,Brahmā’s manifestation,ब्रह्माजीकी उत्पत्ति,"Scene from Skandha 3, Chapter 8 (""Brahmā’s manifestation"" / ""ब्रह्माजीकी उत्पत्ति""): A poignant, devotional depiction capturing the divine narrative essence of this chapter. Color palette centered around ochre with ochre and earth tones, primordial ocean spray, lotus clouds. Main sacred figures and spiritual interaction arranged gracefully in the center and right foreground, leaving the left third calm with gentle waters, soft misty horizon, or quiet sky. A sublime classical Indian devotional masterpiece painting, Bengal School of Art and Kangra wash style, delicate tempera and watercolor on fine textured handmade wasli paper. Soft poetic fine-line brushwork, expressive soulful faces with classical Indian beauty, fluid natural drapery folds with subtle gold zari embroidery, lush natural foliage under the gentle shade of ancient flowering trees. Atmospheric lighting with a luminous glowing horizon and misty tranquil waters. Full-bleed edge-to-edge painting, seamless composition, absolutely no borders, no frames, no paper margins, no text, no modern 3D render. Wide 16:10 landscape format with calm, uncluttered left third."
ch_3_9,3,9,Brahmā extols the Lord,ब्रह्माजीद्वारा भगवान्‌की स्तुति,"Scene from Skandha 3, Chapter 9 (""Brahmā extols the Lord"" / ""ब्रह्माजीद्वारा भगवान्‌की स्तुति""): A poignant, devotional depiction capturing the divine narrative essence of this chapter. Color palette centered around ochre with ochre and earth tones, primordial ocean spray, lotus clouds. Main sacred figures and spiritual interaction arranged gracefully in the center and right foreground, leaving the left third calm with gentle waters, soft misty horizon, or quiet sky. A sublime classical Indian devotional masterpiece painting, Bengal School of Art and Kangra wash style, delicate tempera and watercolor on fine textured handmade wasli paper. Soft poetic fine-line brushwork, expressive soulful faces with classical Indian beauty, fluid natural drapery folds with subtle gold zari embroidery, lush natural foliage under the gentle shade of ancient flowering trees. Atmospheric lighting with a luminous glowing horizon and misty tranquil waters. Full-bleed edge-to-edge painting, seamless composition, absolutely no borders, no frames, no paper margins, no text, no modern 3D render. Wide 16:10 landscape format with calm, uncluttered left third."
ch_3_10,3,10,Description of the tenfold creation,दस प्रकारकी सृष्टिका वर्णन,"Scene from Skandha 3, Chapter 10 (""Description of the tenfold creation"" / ""दस प्रकारकी सृष्टिका वर्णन""): A poignant, devotional depiction capturing the divine narrative essence of this chapter. Color palette centered around ochre with ochre and earth tones, primordial ocean spray, lotus clouds. Main sacred figures and spiritual interaction arranged gracefully in the center and right foreground, leaving the left third calm with gentle waters, soft misty horizon, or quiet sky. A sublime classical Indian devotional masterpiece painting, Bengal School of Art and Kangra wash style, delicate tempera and watercolor on fine textured handmade wasli paper. Soft poetic fine-line brushwork, expressive soulful faces with classical Indian beauty, fluid natural drapery folds with subtle gold zari embroidery, lush natural foliage under the gentle shade of ancient flowering trees. Atmospheric lighting with a luminous glowing horizon and misty tranquil waters. Full-bleed edge-to-edge painting, seamless composition, absolutely no borders, no frames, no paper margins, no text, no modern 3D render. Wide 16:10 landscape format with calm, uncluttered left third."
ch_3_11,3,11,Divisions of Time such as Manvantara and so on,मन्वन्तरादि कालविभागका वर्णन,"Scene from Skandha 3, Chapter 11 (""Divisions of Time such as Manvantara and so on"" / ""मन्वन्तरादि कालविभागका वर्णन""): A poignant, devotional depiction capturing the divine narrative essence of this chapter. Color palette centered around ochre with ochre and earth tones, primordial ocean spray, lotus clouds. Main sacred figures and spiritual interaction arranged gracefully in the center and right foreground, leaving the left third calm with gentle waters, soft misty horizon, or quiet sky. A sublime classical Indian devotional masterpiece painting, Bengal School of Art and Kangra wash style, delicate tempera and watercolor on fine textured handmade wasli paper. Soft poetic fine-line brushwork, expressive soulful faces with classical Indian beauty, fluid natural drapery folds with subtle gold zari embroidery, lush natural foliage under the gentle shade of ancient flowering trees. Atmospheric lighting with a luminous glowing horizon and misty tranquil waters. Full-bleed edge-to-edge painting, seamless composition, absolutely no borders, no frames, no paper margins, no text, no modern 3D render. Wide 16:10 landscape format with calm, uncluttered left third."
ch_3_12,3,12,The multiplication of creation,सृष्टिका विस्तार,"Scene from Skandha 3, Chapter 12 (""The multiplication of creation"" / ""सृष्टिका विस्तार""): A poignant, devotional depiction capturing the divine narrative essence of this chapter. Color palette centered around ochre with ochre and earth tones, primordial ocean spray, lotus clouds. Main sacred figures and spiritual interaction arranged gracefully in the center and right foreground, leaving the left third calm with gentle waters, soft misty horizon, or quiet sky. A sublime classical Indian devotional masterpiece painting, Bengal School of Art and Kangra wash style, delicate tempera and watercolor on fine textured handmade wasli paper. Soft poetic fine-line brushwork, expressive soulful faces with classical Indian beauty, fluid natural drapery folds with subtle gold zari embroidery, lush natural foliage under the gentle shade of ancient flowering trees. Atmospheric lighting with a luminous glowing horizon and misty tranquil waters. Full-bleed edge-to-edge painting, seamless composition, absolutely no borders, no frames, no paper margins, no text, no modern 3D render. Wide 16:10 landscape format with calm, uncluttered left third."
ch_3_13,3,13,The Lord’s Descent as the Divine Boar,वाराह-अवतारकी कथा,"Scene from Skandha 3, Chapter 13 (""The Lord’s Descent as the Divine Boar"" / ""वाराह-अवतारकी कथा""): A poignant, devotional depiction capturing the divine narrative essence of this chapter. Color palette centered around ochre with ochre and earth tones, primordial ocean spray, lotus clouds. Main sacred figures and spiritual interaction arranged gracefully in the center and right foreground, leaving the left third calm with gentle waters, soft misty horizon, or quiet sky. A sublime classical Indian devotional masterpiece painting, Bengal School of Art and Kangra wash style, delicate tempera and watercolor on fine textured handmade wasli paper. Soft poetic fine-line brushwork, expressive soulful faces with classical Indian beauty, fluid natural drapery folds with subtle gold zari embroidery, lush natural foliage under the gentle shade of ancient flowering trees. Atmospheric lighting with a luminous glowing horizon and misty tranquil waters. Full-bleed edge-to-edge painting, seamless composition, absolutely no borders, no frames, no paper margins, no text, no modern 3D render. Wide 16:10 landscape format with calm, uncluttered left third."
ch_3_14,3,14,Diti’s conception,दितिका गर्भधारण,"Scene from Skandha 3, Chapter 14 (""Diti’s conception"" / ""दितिका गर्भधारण""): A poignant, devotional depiction capturing the divine narrative essence of this chapter. Color palette centered around ochre with ochre and earth tones, primordial ocean spray, lotus clouds. Main sacred figures and spiritual interaction arranged gracefully in the center and right foreground, leaving the left third calm with gentle waters, soft misty horizon, or quiet sky. A sublime classical Indian devotional masterpiece painting, Bengal School of Art and Kangra wash style, delicate tempera and watercolor on fine textured handmade wasli paper. Soft poetic fine-line brushwork, expressive soulful faces with classical Indian beauty, fluid natural drapery folds with subtle gold zari embroidery, lush natural foliage under the gentle shade of ancient flowering trees. Atmospheric lighting with a luminous glowing horizon and misty tranquil waters. Full-bleed edge-to-edge painting, seamless composition, absolutely no borders, no frames, no paper margins, no text, no modern 3D render. Wide 16:10 landscape format with calm, uncluttered left third."
ch_3_15,3,15,Sanaka and his three brothers pronounce a curse against Jaya and Vijaya,जय-विजयको सनकादिका शाप,"Scene from Skandha 3, Chapter 15 (""Sanaka and his three brothers pronounce a curse against Jaya and Vijaya"" / ""जय-विजयको सनकादिका शाप""): A poignant, devotional depiction capturing the divine narrative essence of this chapter. Color palette centered around ochre with ochre and earth tones, primordial ocean spray, lotus clouds. Main sacred figures and spiritual interaction arranged gracefully in the center and right foreground, leaving the left third calm with gentle waters, soft misty horizon, or quiet sky. A sublime classical Indian devotional masterpiece painting, Bengal School of Art and Kangra wash style, delicate tempera and watercolor on fine textured handmade wasli paper. Soft poetic fine-line brushwork, expressive soulful faces with classical Indian beauty, fluid natural drapery folds with subtle gold zari embroidery, lush natural foliage under the gentle shade of ancient flowering trees. Atmospheric lighting with a luminous glowing horizon and misty tranquil waters. Full-bleed edge-to-edge painting, seamless composition, absolutely no borders, no frames, no paper margins, no text, no modern 3D render. Wide 16:10 landscape format with calm, uncluttered left third."
ch_3_16,3,16,The fall of Jaya and Vijaya from Vaikuṇṭha,जय-विजयका वैकुण्ठसे पतन,"Scene from Skandha 3, Chapter 16 (""The fall of Jaya and Vijaya from Vaikuṇṭha"" / ""जय-विजयका वैकुण्ठसे पतन""): A poignant, devotional depiction capturing the divine narrative essence of this chapter. Color palette centered around ochre with ochre and earth tones, primordial ocean spray, lotus clouds. Main sacred figures and spiritual interaction arranged gracefully in the center and right foreground, leaving the left third calm with gentle waters, soft misty horizon, or quiet sky. A sublime classical Indian devotional masterpiece painting, Bengal School of Art and Kangra wash style, delicate tempera and watercolor on fine textured handmade wasli paper. Soft poetic fine-line brushwork, expressive soulful faces with classical Indian beauty, fluid natural drapery folds with subtle gold zari embroidery, lush natural foliage under the gentle shade of ancient flowering trees. Atmospheric lighting with a luminous glowing horizon and misty tranquil waters. Full-bleed edge-to-edge painting, seamless composition, absolutely no borders, no frames, no paper margins, no text, no modern 3D render. Wide 16:10 landscape format with calm, uncluttered left third."
ch_3_17,3,17,Birth of Hiraṇyakaśipu and Hiraṇyākṣa and the latter’s conquest of the four quarters,हिरण्यकशिपु और हिरण्याक्षका जन्म तथा हिरण्याक्षकी दिग्विजय,"Scene from Skandha 3, Chapter 17 (""Birth of Hiraṇyakaśipu and Hiraṇyākṣa and the latter’s conquest of the four quarters"" / ""हिरण्यकशिपु और हिरण्याक्षका जन्म तथा हिरण्याक्षकी दिग्विजय""): A poignant, devotional depiction capturing the divine narrative essence of this chapter. Color palette centered around ochre with ochre and earth tones, primordial ocean spray, lotus clouds. Main sacred figures and spiritual interaction arranged gracefully in the center and right foreground, leaving the left third calm with gentle waters, soft misty horizon, or quiet sky. A sublime classical Indian devotional masterpiece painting, Bengal School of Art and Kangra wash style, delicate tempera and watercolor on fine textured handmade wasli paper. Soft poetic fine-line brushwork, expressive soulful faces with classical Indian beauty, fluid natural drapery folds with subtle gold zari embroidery, lush natural foliage under the gentle shade of ancient flowering trees. Atmospheric lighting with a luminous glowing horizon and misty tranquil waters. Full-bleed edge-to-edge painting, seamless composition, absolutely no borders, no frames, no paper margins, no text, no modern 3D render. Wide 16:10 landscape format with calm, uncluttered left third."
ch_3_18,3,18,Encounter of the Divine Boar with Hiraṇyākṣa,हिरण्याक्षके साथ वराहभगवान्‌का युद्ध,"Scene from Skandha 3, Chapter 18 (""Encounter of the Divine Boar with Hiraṇyākṣa"" / ""हिरण्याक्षके साथ वराहभगवान्‌का युद्ध""): A poignant, devotional depiction capturing the divine narrative essence of this chapter. Color palette centered around ochre with ochre and earth tones, primordial ocean spray, lotus clouds. Main sacred figures and spiritual interaction arranged gracefully in the center and right foreground, leaving the left third calm with gentle waters, soft misty horizon, or quiet sky. A sublime classical Indian devotional masterpiece painting, Bengal School of Art and Kangra wash style, delicate tempera and watercolor on fine textured handmade wasli paper. Soft poetic fine-line brushwork, expressive soulful faces with classical Indian beauty, fluid natural drapery folds with subtle gold zari embroidery, lush natural foliage under the gentle shade of ancient flowering trees. Atmospheric lighting with a luminous glowing horizon and misty tranquil waters. Full-bleed edge-to-edge painting, seamless composition, absolutely no borders, no frames, no paper margins, no text, no modern 3D render. Wide 16:10 landscape format with calm, uncluttered left third."
ch_3_19,3,19,Death of Hiraṇyākṣa,हिरण्याक्ष-वध,"Scene from Skandha 3, Chapter 19 (""Death of Hiraṇyākṣa"" / ""हिरण्याक्ष-वध""): A poignant, devotional depiction capturing the divine narrative essence of this chapter. Color palette centered around ochre with ochre and earth tones, primordial ocean spray, lotus clouds. Main sacred figures and spiritual interaction arranged gracefully in the center and right foreground, leaving the left third calm with gentle waters, soft misty horizon, or quiet sky. A sublime classical Indian devotional masterpiece painting, Bengal School of Art and Kangra wash style, delicate tempera and watercolor on fine textured handmade wasli paper. Soft poetic fine-line brushwork, expressive soulful faces with classical Indian beauty, fluid natural drapery folds with subtle gold zari embroidery, lush natural foliage under the gentle shade of ancient flowering trees. Atmospheric lighting with a luminous glowing horizon and misty tranquil waters. Full-bleed edge-to-edge painting, seamless composition, absolutely no borders, no frames, no paper margins, no text, no modern 3D render. Wide 16:10 landscape format with calm, uncluttered left third."
ch_3_20,3,20,The various species of living beings created by Brahmā see the light?,ब्रह्माजीकी रची हुई अनेक प्रकारकी सृष्टिका वर्णन,"Scene from Skandha 3, Chapter 20 (""The various species of living beings created by Brahmā see the light?"" / ""ब्रह्माजीकी रची हुई अनेक प्रकारकी सृष्टिका वर्णन""): A poignant, devotional depiction capturing the divine narrative essence of this chapter. Color palette centered around ochre with ochre and earth tones, primordial ocean spray, lotus clouds. Main sacred figures and spiritual interaction arranged gracefully in the center and right foreground, leaving the left third calm with gentle waters, soft misty horizon, or quiet sky. A sublime classical Indian devotional masterpiece painting, Bengal School of Art and Kangra wash style, delicate tempera and watercolor on fine textured handmade wasli paper. Soft poetic fine-line brushwork, expressive soulful faces with classical Indian beauty, fluid natural drapery folds with subtle gold zari embroidery, lush natural foliage under the gentle shade of ancient flowering trees. Atmospheric lighting with a luminous glowing horizon and misty tranquil waters. Full-bleed edge-to-edge painting, seamless composition, absolutely no borders, no frames, no paper margins, no text, no modern 3D render. Wide 16:10 landscape format with calm, uncluttered left third."
ch_3_21,3,21,The sage Kardama practises austere penance and the Lord confers a boon on him,कर्दमजीकी तपस्या और भगवान्‌का वरदान,"Scene from Skandha 3, Chapter 21 (""The sage Kardama practises austere penance and the Lord confers a boon on him"" / ""कर्दमजीकी तपस्या और भगवान्‌का वरदान""): A poignant, devotional depiction capturing the divine narrative essence of this chapter. Color palette centered around ochre with ochre and earth tones, primordial ocean spray, lotus clouds. Main sacred figures and spiritual interaction arranged gracefully in the center and right foreground, leaving the left third calm with gentle waters, soft misty horizon, or quiet sky. A sublime classical Indian devotional masterpiece painting, Bengal School of Art and Kangra wash style, delicate tempera and watercolor on fine textured handmade wasli paper. Soft poetic fine-line brushwork, expressive soulful faces with classical Indian beauty, fluid natural drapery folds with subtle gold zari embroidery, lush natural foliage under the gentle shade of ancient flowering trees. Atmospheric lighting with a luminous glowing horizon and misty tranquil waters. Full-bleed edge-to-edge painting, seamless composition, absolutely no borders, no frames, no paper margins, no text, no modern 3D render. Wide 16:10 landscape format with calm, uncluttered left third."
ch_3_22,3,22,The sage Kardama accepts the hand of Devahūti,देवहूतिके साथ कर्दम प्रजापतिका विवाह,"Scene from Skandha 3, Chapter 22 (""The sage Kardama accepts the hand of Devahūti"" / ""देवहूतिके साथ कर्दम प्रजापतिका विवाह""): A poignant, devotional depiction capturing the divine narrative essence of this chapter. Color palette centered around ochre with ochre and earth tones, primordial ocean spray, lotus clouds. Main sacred figures and spiritual interaction arranged gracefully in the center and right foreground, leaving the left third calm with gentle waters, soft misty horizon, or quiet sky. A sublime classical Indian devotional masterpiece painting, Bengal School of Art and Kangra wash style, delicate tempera and watercolor on fine textured handmade wasli paper. Soft poetic fine-line brushwork, expressive soulful faces with classical Indian beauty, fluid natural drapery folds with subtle gold zari embroidery, lush natural foliage under the gentle shade of ancient flowering trees. Atmospheric lighting with a luminous glowing horizon and misty tranquil waters. Full-bleed edge-to-edge painting, seamless composition, absolutely no borders, no frames, no paper margins, no text, no modern 3D render. Wide 16:10 landscape format with calm, uncluttered left third."
ch_3_23,3,23,Amorous pastimes of Kardama and Devahūti,कर्दम और देवहूतिका विहार,"Scene from Skandha 3, Chapter 23 (""Amorous pastimes of Kardama and Devahūti"" / ""कर्दम और देवहूतिका विहार""): A poignant, devotional depiction capturing the divine narrative essence of this chapter. Color palette centered around ochre with ochre and earth tones, primordial ocean spray, lotus clouds. Main sacred figures and spiritual interaction arranged gracefully in the center and right foreground, leaving the left third calm with gentle waters, soft misty horizon, or quiet sky. A sublime classical Indian devotional masterpiece painting, Bengal School of Art and Kangra wash style, delicate tempera and watercolor on fine textured handmade wasli paper. Soft poetic fine-line brushwork, expressive soulful faces with classical Indian beauty, fluid natural drapery folds with subtle gold zari embroidery, lush natural foliage under the gentle shade of ancient flowering trees. Atmospheric lighting with a luminous glowing horizon and misty tranquil waters. Full-bleed edge-to-edge painting, seamless composition, absolutely no borders, no frames, no paper margins, no text, no modern 3D render. Wide 16:10 landscape format with calm, uncluttered left third."
ch_3_24,3,24,Descent of Lord Kapila,श्रीकपिलदेवजीका जन्म,"Scene from Skandha 3, Chapter 24 (""Descent of Lord Kapila"" / ""श्रीकपिलदेवजीका जन्म""): A poignant, devotional depiction capturing the divine narrative essence of this chapter. Color palette centered around ochre with ochre and earth tones, primordial ocean spray, lotus clouds. Main sacred figures and spiritual interaction arranged gracefully in the center and right foreground, leaving the left third calm with gentle waters, soft misty horizon, or quiet sky. A sublime classical Indian devotional masterpiece painting, Bengal School of Art and Kangra wash style, delicate tempera and watercolor on fine textured handmade wasli paper. Soft poetic fine-line brushwork, expressive soulful faces with classical Indian beauty, fluid natural drapery folds with subtle gold zari embroidery, lush natural foliage under the gentle shade of ancient flowering trees. Atmospheric lighting with a luminous glowing horizon and misty tranquil waters. Full-bleed edge-to-edge painting, seamless composition, absolutely no borders, no frames, no paper margins, no text, no modern 3D render. Wide 16:10 landscape format with calm, uncluttered left third."
ch_3_25,3,25,Lord Kapila expatiates on the glory of Devotion in response to the query of mother Devahūti,देवहूतिका प्रश्न तथा भगवान् कपिलद्वारा भक्तियोगकी महिमाका वर्णन,"Scene from Skandha 3, Chapter 25 (""Lord Kapila expatiates on the glory of Devotion in response to the query of mother Devahūti"" / ""देवहूतिका प्रश्न तथा भगवान् कपिलद्वारा भक्तियोगकी महिमाका वर्णन""): A poignant, devotional depiction capturing the divine narrative essence of this chapter. Color palette centered around ochre with ochre and earth tones, primordial ocean spray, lotus clouds. Main sacred figures and spiritual interaction arranged gracefully in the center and right foreground, leaving the left third calm with gentle waters, soft misty horizon, or quiet sky. A sublime classical Indian devotional masterpiece painting, Bengal School of Art and Kangra wash style, delicate tempera and watercolor on fine textured handmade wasli paper. Soft poetic fine-line brushwork, expressive soulful faces with classical Indian beauty, fluid natural drapery folds with subtle gold zari embroidery, lush natural foliage under the gentle shade of ancient flowering trees. Atmospheric lighting with a luminous glowing horizon and misty tranquil waters. Full-bleed edge-to-edge painting, seamless composition, absolutely no borders, no frames, no paper margins, no text, no modern 3D render. Wide 16:10 landscape format with calm, uncluttered left third."
ch_3_26,3,26,The process of evolution of the Mahat-tattva and other fundamental principles,महदादि भिन्न-भिन्न तत्त्वोंकी उत्पत्तिका वर्णन,"Scene from Skandha 3, Chapter 26 (""The process of evolution of the Mahat-tattva and other fundamental principles"" / ""महदादि भिन्न-भिन्न तत्त्वोंकी उत्पत्तिका वर्णन""): A poignant, devotional depiction capturing the divine narrative essence of this chapter. Color palette centered around ochre with ochre and earth tones, primordial ocean spray, lotus clouds. Main sacred figures and spiritual interaction arranged gracefully in the center and right foreground, leaving the left third calm with gentle waters, soft misty horizon, or quiet sky. A sublime classical Indian devotional masterpiece painting, Bengal School of Art and Kangra wash style, delicate tempera and watercolor on fine textured handmade wasli paper. Soft poetic fine-line brushwork, expressive soulful faces with classical Indian beauty, fluid natural drapery folds with subtle gold zari embroidery, lush natural foliage under the gentle shade of ancient flowering trees. Atmospheric lighting with a luminous glowing horizon and misty tranquil waters. Full-bleed edge-to-edge painting, seamless composition, absolutely no borders, no frames, no paper margins, no text, no modern 3D render. Wide 16:10 landscape format with calm, uncluttered left third."
ch_3_27,3,27,How to attain Liberation through the differentiation of Matter and Spirit?,प्रकृति-पुरुषके विवेकसे मोक्ष-प्राप्तिका वर्णन,"Scene from Skandha 3, Chapter 27 (""How to attain Liberation through the differentiation of Matter and Spirit?"" / ""प्रकृति-पुरुषके विवेकसे मोक्ष-प्राप्तिका वर्णन""): A poignant, devotional depiction capturing the divine narrative essence of this chapter. Color palette centered around ochre with ochre and earth tones, primordial ocean spray, lotus clouds. Main sacred figures and spiritual interaction arranged gracefully in the center and right foreground, leaving the left third calm with gentle waters, soft misty horizon, or quiet sky. A sublime classical Indian devotional masterpiece painting, Bengal School of Art and Kangra wash style, delicate tempera and watercolor on fine textured handmade wasli paper. Soft poetic fine-line brushwork, expressive soulful faces with classical Indian beauty, fluid natural drapery folds with subtle gold zari embroidery, lush natural foliage under the gentle shade of ancient flowering trees. Atmospheric lighting with a luminous glowing horizon and misty tranquil waters. Full-bleed edge-to-edge painting, seamless composition, absolutely no borders, no frames, no paper margins, no text, no modern 3D render. Wide 16:10 landscape format with calm, uncluttered left third."
ch_3_28,3,28,The process of the eightfold Yoga,अष्टांगयोगकी विधि,"Scene from Skandha 3, Chapter 28 (""The process of the eightfold Yoga"" / ""अष्टांगयोगकी विधि""): A poignant, devotional depiction capturing the divine narrative essence of this chapter. Color palette centered around ochre with ochre and earth tones, primordial ocean spray, lotus clouds. Main sacred figures and spiritual interaction arranged gracefully in the center and right foreground, leaving the left third calm with gentle waters, soft misty horizon, or quiet sky. A sublime classical Indian devotional masterpiece painting, Bengal School of Art and Kangra wash style, delicate tempera and watercolor on fine textured handmade wasli paper. Soft poetic fine-line brushwork, expressive soulful faces with classical Indian beauty, fluid natural drapery folds with subtle gold zari embroidery, lush natural foliage under the gentle shade of ancient flowering trees. Atmospheric lighting with a luminous glowing horizon and misty tranquil waters. Full-bleed edge-to-edge painting, seamless composition, absolutely no borders, no frames, no paper margins, no text, no modern 3D render. Wide 16:10 landscape format with calm, uncluttered left third."
ch_3_29,3,29,True meaning of devotion and the glory of Time,भक्तिका मर्म और कालकी महिमा,"Scene from Skandha 3, Chapter 29 (""True meaning of devotion and the glory of Time"" / ""भक्तिका मर्म और कालकी महिमा""): A poignant, devotional depiction capturing the divine narrative essence of this chapter. Color palette centered around ochre with ochre and earth tones, primordial ocean spray, lotus clouds. Main sacred figures and spiritual interaction arranged gracefully in the center and right foreground, leaving the left third calm with gentle waters, soft misty horizon, or quiet sky. A sublime classical Indian devotional masterpiece painting, Bengal School of Art and Kangra wash style, delicate tempera and watercolor on fine textured handmade wasli paper. Soft poetic fine-line brushwork, expressive soulful faces with classical Indian beauty, fluid natural drapery folds with subtle gold zari embroidery, lush natural foliage under the gentle shade of ancient flowering trees. Atmospheric lighting with a luminous glowing horizon and misty tranquil waters. Full-bleed edge-to-edge painting, seamless composition, absolutely no borders, no frames, no paper margins, no text, no modern 3D render. Wide 16:10 landscape format with calm, uncluttered left third."
ch_3_30,3,30,"Downfall of men attached to their body, home, etc.",देह-गेहमें आसक्त पुरुषोंकी अधोगतिका वर्णन,"Scene from Skandha 3, Chapter 30 (""Downfall of men attached to their body, home, etc."" / ""देह-गेहमें आसक्त पुरुषोंकी अधोगतिका वर्णन""): A poignant, devotional depiction capturing the divine narrative essence of this chapter. Color palette centered around ochre with ochre and earth tones, primordial ocean spray, lotus clouds. Main sacred figures and spiritual interaction arranged gracefully in the center and right foreground, leaving the left third calm with gentle waters, soft misty horizon, or quiet sky. A sublime classical Indian devotional masterpiece painting, Bengal School of Art and Kangra wash style, delicate tempera and watercolor on fine textured handmade wasli paper. Soft poetic fine-line brushwork, expressive soulful faces with classical Indian beauty, fluid natural drapery folds with subtle gold zari embroidery, lush natural foliage under the gentle shade of ancient flowering trees. Atmospheric lighting with a luminous glowing horizon and misty tranquil waters. Full-bleed edge-to-edge painting, seamless composition, absolutely no borders, no frames, no paper margins, no text, no modern 3D render. Wide 16:10 landscape format with calm, uncluttered left third."
ch_3_31,3,31,The stages of growth of a human embryo,मनुष्ययोनिको प्राप्त हुए जीवकी गतिका वर्णन,"Scene from Skandha 3, Chapter 31 (""The stages of growth of a human embryo"" / ""मनुष्ययोनिको प्राप्त हुए जीवकी गतिका वर्णन""): A poignant, devotional depiction capturing the divine narrative essence of this chapter. Color palette centered around ochre with ochre and earth tones, primordial ocean spray, lotus clouds. Main sacred figures and spiritual interaction arranged gracefully in the center and right foreground, leaving the left third calm with gentle waters, soft misty horizon, or quiet sky. A sublime classical Indian devotional masterpiece painting, Bengal School of Art and Kangra wash style, delicate tempera and watercolor on fine textured handmade wasli paper. Soft poetic fine-line brushwork, expressive soulful faces with classical Indian beauty, fluid natural drapery folds with subtle gold zari embroidery, lush natural foliage under the gentle shade of ancient flowering trees. Atmospheric lighting with a luminous glowing horizon and misty tranquil waters. Full-bleed edge-to-edge painting, seamless composition, absolutely no borders, no frames, no paper margins, no text, no modern 3D render. Wide 16:10 landscape format with calm, uncluttered left third."
ch_3_32,3,32,"“Dark Path” and so on, and the superiority of Bhaktiyoga",धूममार्ग और अर्चिरादि मार्गसे जानेवालोंकी गतिका और भक्तियोगकी उत्कृष्टताका वर्णन,"Scene from Skandha 3, Chapter 32 (""“Dark Path” and so on, and the superiority of Bhaktiyoga"" / ""धूममार्ग और अर्चिरादि मार्गसे जानेवालोंकी गतिका और भक्तियोगकी उत्कृष्टताका वर्णन""): A poignant, devotional depiction capturing the divine narrative essence of this chapter. Color palette centered around ochre with ochre and earth tones, primordial ocean spray, lotus clouds. Main sacred figures and spiritual interaction arranged gracefully in the center and right foreground, leaving the left third calm with gentle waters, soft misty horizon, or quiet sky. A sublime classical Indian devotional masterpiece painting, Bengal School of Art and Kangra wash style, delicate tempera and watercolor on fine textured handmade wasli paper. Soft poetic fine-line brushwork, expressive soulful faces with classical Indian beauty, fluid natural drapery folds with subtle gold zari embroidery, lush natural foliage under the gentle shade of ancient flowering trees. Atmospheric lighting with a luminous glowing horizon and misty tranquil waters. Full-bleed edge-to-edge painting, seamless composition, absolutely no borders, no frames, no paper margins, no text, no modern 3D render. Wide 16:10 landscape format with calm, uncluttered left third."
ch_3_33,3,33,Devahūti receives the light of wisdom and attains final beatitude,देवहूतिको तत्त्वज्ञान एवं मोक्षपदकी प्राप्ति,"Scene from Skandha 3, Chapter 33 (""Devahūti receives the light of wisdom and attains final beatitude"" / ""देवहूतिको तत्त्वज्ञान एवं मोक्षपदकी प्राप्ति""): A poignant, devotional depiction capturing the divine narrative essence of this chapter. Color palette centered around ochre with ochre and earth tones, primordial ocean spray, lotus clouds. Main sacred figures and spiritual interaction arranged gracefully in the center and right foreground, leaving the left third calm with gentle waters, soft misty horizon, or quiet sky. A sublime classical Indian devotional masterpiece painting, Bengal School of Art and Kangra wash style, delicate tempera and watercolor on fine textured handmade wasli paper. Soft poetic fine-line brushwork, expressive soulful faces with classical Indian beauty, fluid natural drapery folds with subtle gold zari embroidery, lush natural foliage under the gentle shade of ancient flowering trees. Atmospheric lighting with a luminous glowing horizon and misty tranquil waters. Full-bleed edge-to-edge painting, seamless composition, absolutely no borders, no frames, no paper margins, no text, no modern 3D render. Wide 16:10 landscape format with calm, uncluttered left third."
ch_4_1,4,1,The Progeny of Swāyambhuva Manu’s Daughters,स्वायम्भुव-मनुकी कन्याओंके वंशका वर्णन,"Scene from Skandha 4, Chapter 1 (""The Progeny of Swāyambhuva Manu’s Daughters"" / ""स्वायम्भुव-मनुकी कन्याओंके वंशका वर्णन""): A poignant, devotional depiction capturing the divine narrative essence of this chapter. Color palette centered around leaf green with emerald and forest green tones, tranquil night glade, glowing fireflies and single pole star. Main sacred figures and spiritual interaction arranged gracefully in the center and right foreground, leaving the left third calm with gentle waters, soft misty horizon, or quiet sky. A sublime classical Indian devotional masterpiece painting, Bengal School of Art and Kangra wash style, delicate tempera and watercolor on fine textured handmade wasli paper. Soft poetic fine-line brushwork, expressive soulful faces with classical Indian beauty, fluid natural drapery folds with subtle gold zari embroidery, lush natural foliage under the gentle shade of ancient flowering trees. Atmospheric lighting with a luminous glowing horizon and misty tranquil waters. Full-bleed edge-to-edge painting, seamless composition, absolutely no borders, no frames, no paper margins, no text, no modern 3D render. Wide 16:10 landscape format with calm, uncluttered left third."
ch_4_2,4,2,Spiteful feeling between Lord śiva and Dakṣa,भगवान् शिव और दक्ष प्रजापतिका मनोमालिन्य,"Scene from Skandha 4, Chapter 2 (""Spiteful feeling between Lord śiva and Dakṣa"" / ""भगवान् शिव और दक्ष प्रजापतिका मनोमालिन्य""): A poignant, devotional depiction capturing the divine narrative essence of this chapter. Color palette centered around leaf green with emerald and forest green tones, tranquil night glade, glowing fireflies and single pole star. Main sacred figures and spiritual interaction arranged gracefully in the center and right foreground, leaving the left third calm with gentle waters, soft misty horizon, or quiet sky. A sublime classical Indian devotional masterpiece painting, Bengal School of Art and Kangra wash style, delicate tempera and watercolor on fine textured handmade wasli paper. Soft poetic fine-line brushwork, expressive soulful faces with classical Indian beauty, fluid natural drapery folds with subtle gold zari embroidery, lush natural foliage under the gentle shade of ancient flowering trees. Atmospheric lighting with a luminous glowing horizon and misty tranquil waters. Full-bleed edge-to-edge painting, seamless composition, absolutely no borders, no frames, no paper margins, no text, no modern 3D render. Wide 16:10 landscape format with calm, uncluttered left third."
ch_4_3,4,3,Satī insists on joining the sacrificial festival at her father’s,सतीका पिताके यहाँ यज्ञोत्सवमें जानेके लिये आग्रह करना,"Scene from Skandha 4, Chapter 3 (""Satī insists on joining the sacrificial festival at her father’s"" / ""सतीका पिताके यहाँ यज्ञोत्सवमें जानेके लिये आग्रह करना""): A poignant, devotional depiction capturing the divine narrative essence of this chapter. Color palette centered around leaf green with emerald and forest green tones, tranquil night glade, glowing fireflies and single pole star. Main sacred figures and spiritual interaction arranged gracefully in the center and right foreground, leaving the left third calm with gentle waters, soft misty horizon, or quiet sky. A sublime classical Indian devotional masterpiece painting, Bengal School of Art and Kangra wash style, delicate tempera and watercolor on fine textured handmade wasli paper. Soft poetic fine-line brushwork, expressive soulful faces with classical Indian beauty, fluid natural drapery folds with subtle gold zari embroidery, lush natural foliage under the gentle shade of ancient flowering trees. Atmospheric lighting with a luminous glowing horizon and misty tranquil waters. Full-bleed edge-to-edge painting, seamless composition, absolutely no borders, no frames, no paper margins, no text, no modern 3D render. Wide 16:10 landscape format with calm, uncluttered left third."
ch_4_4,4,4,Satī burns herself with the fire of Yoga,सतीका अग्निप्रवेश,"Scene from Skandha 4, Chapter 4 (""Satī burns herself with the fire of Yoga"" / ""सतीका अग्निप्रवेश""): A poignant, devotional depiction capturing the divine narrative essence of this chapter. Color palette centered around leaf green with emerald and forest green tones, tranquil night glade, glowing fireflies and single pole star. Main sacred figures and spiritual interaction arranged gracefully in the center and right foreground, leaving the left third calm with gentle waters, soft misty horizon, or quiet sky. A sublime classical Indian devotional masterpiece painting, Bengal School of Art and Kangra wash style, delicate tempera and watercolor on fine textured handmade wasli paper. Soft poetic fine-line brushwork, expressive soulful faces with classical Indian beauty, fluid natural drapery folds with subtle gold zari embroidery, lush natural foliage under the gentle shade of ancient flowering trees. Atmospheric lighting with a luminous glowing horizon and misty tranquil waters. Full-bleed edge-to-edge painting, seamless composition, absolutely no borders, no frames, no paper margins, no text, no modern 3D render. Wide 16:10 landscape format with calm, uncluttered left third."
ch_4_5,4,5,Vīrabhadra wrecks Dakṣa’s sacrifice and beheads him,वीरभद्रकृत दक्षयज्ञविध्वंस और दक्षवध,"Scene from Skandha 4, Chapter 5 (""Vīrabhadra wrecks Dakṣa’s sacrifice and beheads him"" / ""वीरभद्रकृत दक्षयज्ञविध्वंस और दक्षवध""): A poignant, devotional depiction capturing the divine narrative essence of this chapter. Color palette centered around leaf green with emerald and forest green tones, tranquil night glade, glowing fireflies and single pole star. Main sacred figures and spiritual interaction arranged gracefully in the center and right foreground, leaving the left third calm with gentle waters, soft misty horizon, or quiet sky. A sublime classical Indian devotional masterpiece painting, Bengal School of Art and Kangra wash style, delicate tempera and watercolor on fine textured handmade wasli paper. Soft poetic fine-line brushwork, expressive soulful faces with classical Indian beauty, fluid natural drapery folds with subtle gold zari embroidery, lush natural foliage under the gentle shade of ancient flowering trees. Atmospheric lighting with a luminous glowing horizon and misty tranquil waters. Full-bleed edge-to-edge painting, seamless composition, absolutely no borders, no frames, no paper margins, no text, no modern 3D render. Wide 16:10 landscape format with calm, uncluttered left third."
ch_4_6,4,6,Brahmā and the other gods proceed to Kailāsa and appease Lord Śiva,ब्रह्मादि देवताओंका कैलास जाकर श्रीमहादेवजीको मनाना,"Scene from Skandha 4, Chapter 6 (""Brahmā and the other gods proceed to Kailāsa and appease Lord Śiva"" / ""ब्रह्मादि देवताओंका कैलास जाकर श्रीमहादेवजीको मनाना""): A poignant, devotional depiction capturing the divine narrative essence of this chapter. Color palette centered around leaf green with emerald and forest green tones, tranquil night glade, glowing fireflies and single pole star. Main sacred figures and spiritual interaction arranged gracefully in the center and right foreground, leaving the left third calm with gentle waters, soft misty horizon, or quiet sky. A sublime classical Indian devotional masterpiece painting, Bengal School of Art and Kangra wash style, delicate tempera and watercolor on fine textured handmade wasli paper. Soft poetic fine-line brushwork, expressive soulful faces with classical Indian beauty, fluid natural drapery folds with subtle gold zari embroidery, lush natural foliage under the gentle shade of ancient flowering trees. Atmospheric lighting with a luminous glowing horizon and misty tranquil waters. Full-bleed edge-to-edge painting, seamless composition, absolutely no borders, no frames, no paper margins, no text, no modern 3D render. Wide 16:10 landscape format with calm, uncluttered left third."
ch_4_7,4,7,Completion of Dakṣa’s Sacrifice,दक्षयज्ञकी पूर्ति,"Scene from Skandha 4, Chapter 7 (""Completion of Dakṣa’s Sacrifice"" / ""दक्षयज्ञकी पूर्ति""): A poignant, devotional depiction capturing the divine narrative essence of this chapter. Color palette centered around leaf green with emerald and forest green tones, tranquil night glade, glowing fireflies and single pole star. Main sacred figures and spiritual interaction arranged gracefully in the center and right foreground, leaving the left third calm with gentle waters, soft misty horizon, or quiet sky. A sublime classical Indian devotional masterpiece painting, Bengal School of Art and Kangra wash style, delicate tempera and watercolor on fine textured handmade wasli paper. Soft poetic fine-line brushwork, expressive soulful faces with classical Indian beauty, fluid natural drapery folds with subtle gold zari embroidery, lush natural foliage under the gentle shade of ancient flowering trees. Atmospheric lighting with a luminous glowing horizon and misty tranquil waters. Full-bleed edge-to-edge painting, seamless composition, absolutely no borders, no frames, no paper margins, no text, no modern 3D render. Wide 16:10 landscape format with calm, uncluttered left third."
ch_4_8,4,8,Dhruva’s departure for the woods,ध्रुवका वन-गमन,"Scene from Skandha 4, Chapter 8 (""Dhruva’s departure for the woods"" / ""ध्रुवका वन-गमन""): A poignant, devotional depiction capturing the divine narrative essence of this chapter. Color palette centered around leaf green with emerald and forest green tones, tranquil night glade, glowing fireflies and single pole star. Main sacred figures and spiritual interaction arranged gracefully in the center and right foreground, leaving the left third calm with gentle waters, soft misty horizon, or quiet sky. A sublime classical Indian devotional masterpiece painting, Bengal School of Art and Kangra wash style, delicate tempera and watercolor on fine textured handmade wasli paper. Soft poetic fine-line brushwork, expressive soulful faces with classical Indian beauty, fluid natural drapery folds with subtle gold zari embroidery, lush natural foliage under the gentle shade of ancient flowering trees. Atmospheric lighting with a luminous glowing horizon and misty tranquil waters. Full-bleed edge-to-edge painting, seamless composition, absolutely no borders, no frames, no paper margins, no text, no modern 3D render. Wide 16:10 landscape format with calm, uncluttered left third."
ch_4_9,4,9,Dhruva returns home after receiving a boon from the Lord,ध्रुवका वर पाकर घर लौटना,"Scene from Skandha 4, Chapter 9 (""Dhruva returns home after receiving a boon from the Lord"" / ""ध्रुवका वर पाकर घर लौटना""): A poignant, devotional depiction capturing the divine narrative essence of this chapter. Color palette centered around leaf green with emerald and forest green tones, tranquil night glade, glowing fireflies and single pole star. Main sacred figures and spiritual interaction arranged gracefully in the center and right foreground, leaving the left third calm with gentle waters, soft misty horizon, or quiet sky. A sublime classical Indian devotional masterpiece painting, Bengal School of Art and Kangra wash style, delicate tempera and watercolor on fine textured handmade wasli paper. Soft poetic fine-line brushwork, expressive soulful faces with classical Indian beauty, fluid natural drapery folds with subtle gold zari embroidery, lush natural foliage under the gentle shade of ancient flowering trees. Atmospheric lighting with a luminous glowing horizon and misty tranquil waters. Full-bleed edge-to-edge painting, seamless composition, absolutely no borders, no frames, no paper margins, no text, no modern 3D render. Wide 16:10 landscape format with calm, uncluttered left third."
ch_4_10,4,10,Uttama’s death at the hands of the Yakṣas and Dhruva’s encounter with them,"उत्तमका मारा जाना, ध्रुवका यक्षोंके साथ युद्ध","Scene from Skandha 4, Chapter 10 (""Uttama’s death at the hands of the Yakṣas and Dhruva’s encounter with them"" / ""उत्तमका मारा जाना, ध्रुवका यक्षोंके साथ युद्ध""): A poignant, devotional depiction capturing the divine narrative essence of this chapter. Color palette centered around leaf green with emerald and forest green tones, tranquil night glade, glowing fireflies and single pole star. Main sacred figures and spiritual interaction arranged gracefully in the center and right foreground, leaving the left third calm with gentle waters, soft misty horizon, or quiet sky. A sublime classical Indian devotional masterpiece painting, Bengal School of Art and Kangra wash style, delicate tempera and watercolor on fine textured handmade wasli paper. Soft poetic fine-line brushwork, expressive soulful faces with classical Indian beauty, fluid natural drapery folds with subtle gold zari embroidery, lush natural foliage under the gentle shade of ancient flowering trees. Atmospheric lighting with a luminous glowing horizon and misty tranquil waters. Full-bleed edge-to-edge painting, seamless composition, absolutely no borders, no frames, no paper margins, no text, no modern 3D render. Wide 16:10 landscape format with calm, uncluttered left third."
ch_4_11,4,11,Swāyambhuva Manu intervenes and persuades Dhruva to cease fighting,स्वायम्भुव-मनुका ध्रुवजीको युद्ध बंद करनेके लिये समझाना,"Scene from Skandha 4, Chapter 11 (""Swāyambhuva Manu intervenes and persuades Dhruva to cease fighting"" / ""स्वायम्भुव-मनुका ध्रुवजीको युद्ध बंद करनेके लिये समझाना""): A poignant, devotional depiction capturing the divine narrative essence of this chapter. Color palette centered around leaf green with emerald and forest green tones, tranquil night glade, glowing fireflies and single pole star. Main sacred figures and spiritual interaction arranged gracefully in the center and right foreground, leaving the left third calm with gentle waters, soft misty horizon, or quiet sky. A sublime classical Indian devotional masterpiece painting, Bengal School of Art and Kangra wash style, delicate tempera and watercolor on fine textured handmade wasli paper. Soft poetic fine-line brushwork, expressive soulful faces with classical Indian beauty, fluid natural drapery folds with subtle gold zari embroidery, lush natural foliage under the gentle shade of ancient flowering trees. Atmospheric lighting with a luminous glowing horizon and misty tranquil waters. Full-bleed edge-to-edge painting, seamless composition, absolutely no borders, no frames, no paper margins, no text, no modern 3D render. Wide 16:10 landscape format with calm, uncluttered left third."
ch_4_12,4,12,"Kubera confers a boon on Dhruva, who ascends to the abode of Lord Viṣṇu",ध्रुवजीको कुबेरका वरदान और विष्णुलोककी प्राप्ति,"Scene from Skandha 4, Chapter 12 (""Kubera confers a boon on Dhruva, who ascends to the abode of Lord Viṣṇu"" / ""ध्रुवजीको कुबेरका वरदान और विष्णुलोककी प्राप्ति""): A poignant, devotional depiction capturing the divine narrative essence of this chapter. Color palette centered around leaf green with emerald and forest green tones, tranquil night glade, glowing fireflies and single pole star. Main sacred figures and spiritual interaction arranged gracefully in the center and right foreground, leaving the left third calm with gentle waters, soft misty horizon, or quiet sky. A sublime classical Indian devotional masterpiece painting, Bengal School of Art and Kangra wash style, delicate tempera and watercolor on fine textured handmade wasli paper. Soft poetic fine-line brushwork, expressive soulful faces with classical Indian beauty, fluid natural drapery folds with subtle gold zari embroidery, lush natural foliage under the gentle shade of ancient flowering trees. Atmospheric lighting with a luminous glowing horizon and misty tranquil waters. Full-bleed edge-to-edge painting, seamless composition, absolutely no borders, no frames, no paper margins, no text, no modern 3D render. Wide 16:10 landscape format with calm, uncluttered left third."
ch_4_13,4,13,Dhruva’s posterity and the narrative of king Aṅga,"ध्रुववंशका वर्णन, राजा अंगका चरित्र","Scene from Skandha 4, Chapter 13 (""Dhruva’s posterity and the narrative of king Aṅga"" / ""ध्रुववंशका वर्णन, राजा अंगका चरित्र""): A poignant, devotional depiction capturing the divine narrative essence of this chapter. Color palette centered around leaf green with emerald and forest green tones, tranquil night glade, glowing fireflies and single pole star. Main sacred figures and spiritual interaction arranged gracefully in the center and right foreground, leaving the left third calm with gentle waters, soft misty horizon, or quiet sky. A sublime classical Indian devotional masterpiece painting, Bengal School of Art and Kangra wash style, delicate tempera and watercolor on fine textured handmade wasli paper. Soft poetic fine-line brushwork, expressive soulful faces with classical Indian beauty, fluid natural drapery folds with subtle gold zari embroidery, lush natural foliage under the gentle shade of ancient flowering trees. Atmospheric lighting with a luminous glowing horizon and misty tranquil waters. Full-bleed edge-to-edge painting, seamless composition, absolutely no borders, no frames, no paper margins, no text, no modern 3D render. Wide 16:10 landscape format with calm, uncluttered left third."
ch_4_14,4,14,The story of king Vena,राजा वेनकी कथा,"Scene from Skandha 4, Chapter 14 (""The story of king Vena"" / ""राजा वेनकी कथा""): A poignant, devotional depiction capturing the divine narrative essence of this chapter. Color palette centered around leaf green with emerald and forest green tones, tranquil night glade, glowing fireflies and single pole star. Main sacred figures and spiritual interaction arranged gracefully in the center and right foreground, leaving the left third calm with gentle waters, soft misty horizon, or quiet sky. A sublime classical Indian devotional masterpiece painting, Bengal School of Art and Kangra wash style, delicate tempera and watercolor on fine textured handmade wasli paper. Soft poetic fine-line brushwork, expressive soulful faces with classical Indian beauty, fluid natural drapery folds with subtle gold zari embroidery, lush natural foliage under the gentle shade of ancient flowering trees. Atmospheric lighting with a luminous glowing horizon and misty tranquil waters. Full-bleed edge-to-edge painting, seamless composition, absolutely no borders, no frames, no paper margins, no text, no modern 3D render. Wide 16:10 landscape format with calm, uncluttered left third."
ch_4_15,4,15,Descent and coronation of king Pṛthu,महाराज पृथुका आविर्भाव और राज्याभिषेक,"Scene from Skandha 4, Chapter 15 (""Descent and coronation of king Pṛthu"" / ""महाराज पृथुका आविर्भाव और राज्याभिषेक""): A poignant, devotional depiction capturing the divine narrative essence of this chapter. Color palette centered around leaf green with emerald and forest green tones, tranquil night glade, glowing fireflies and single pole star. Main sacred figures and spiritual interaction arranged gracefully in the center and right foreground, leaving the left third calm with gentle waters, soft misty horizon, or quiet sky. A sublime classical Indian devotional masterpiece painting, Bengal School of Art and Kangra wash style, delicate tempera and watercolor on fine textured handmade wasli paper. Soft poetic fine-line brushwork, expressive soulful faces with classical Indian beauty, fluid natural drapery folds with subtle gold zari embroidery, lush natural foliage under the gentle shade of ancient flowering trees. Atmospheric lighting with a luminous glowing horizon and misty tranquil waters. Full-bleed edge-to-edge painting, seamless composition, absolutely no borders, no frames, no paper margins, no text, no modern 3D render. Wide 16:10 landscape format with calm, uncluttered left third."
ch_4_16,4,16,Glorification of king Pṛthu by the bards,वंदीजनद्वारा महाराज पृथुकी स्तुति,"Scene from Skandha 4, Chapter 16 (""Glorification of king Pṛthu by the bards"" / ""वंदीजनद्वारा महाराज पृथुकी स्तुति""): A poignant, devotional depiction capturing the divine narrative essence of this chapter. Color palette centered around leaf green with emerald and forest green tones, tranquil night glade, glowing fireflies and single pole star. Main sacred figures and spiritual interaction arranged gracefully in the center and right foreground, leaving the left third calm with gentle waters, soft misty horizon, or quiet sky. A sublime classical Indian devotional masterpiece painting, Bengal School of Art and Kangra wash style, delicate tempera and watercolor on fine textured handmade wasli paper. Soft poetic fine-line brushwork, expressive soulful faces with classical Indian beauty, fluid natural drapery folds with subtle gold zari embroidery, lush natural foliage under the gentle shade of ancient flowering trees. Atmospheric lighting with a luminous glowing horizon and misty tranquil waters. Full-bleed edge-to-edge painting, seamless composition, absolutely no borders, no frames, no paper margins, no text, no modern 3D render. Wide 16:10 landscape format with calm, uncluttered left third."
ch_4_17,4,17,King Pṛthu gets angry with Earth and the latter extols him,महाराज पृथुका पृथ्वीपर कुपित होना और पृथ्वीके द्वारा उनकी स्तुति करना,"Scene from Skandha 4, Chapter 17 (""King Pṛthu gets angry with Earth and the latter extols him"" / ""महाराज पृथुका पृथ्वीपर कुपित होना और पृथ्वीके द्वारा उनकी स्तुति करना""): A poignant, devotional depiction capturing the divine narrative essence of this chapter. Color palette centered around leaf green with emerald and forest green tones, tranquil night glade, glowing fireflies and single pole star. Main sacred figures and spiritual interaction arranged gracefully in the center and right foreground, leaving the left third calm with gentle waters, soft misty horizon, or quiet sky. A sublime classical Indian devotional masterpiece painting, Bengal School of Art and Kangra wash style, delicate tempera and watercolor on fine textured handmade wasli paper. Soft poetic fine-line brushwork, expressive soulful faces with classical Indian beauty, fluid natural drapery folds with subtle gold zari embroidery, lush natural foliage under the gentle shade of ancient flowering trees. Atmospheric lighting with a luminous glowing horizon and misty tranquil waters. Full-bleed edge-to-edge painting, seamless composition, absolutely no borders, no frames, no paper margins, no text, no modern 3D render. Wide 16:10 landscape format with calm, uncluttered left third."
ch_4_18,4,18,King Pṛthu milks goddess Earth in the form of a cow,पृथ्वी-दोहन,"Scene from Skandha 4, Chapter 18 (""King Pṛthu milks goddess Earth in the form of a cow"" / ""पृथ्वी-दोहन""): A poignant, devotional depiction capturing the divine narrative essence of this chapter. Color palette centered around leaf green with emerald and forest green tones, tranquil night glade, glowing fireflies and single pole star. Main sacred figures and spiritual interaction arranged gracefully in the center and right foreground, leaving the left third calm with gentle waters, soft misty horizon, or quiet sky. A sublime classical Indian devotional masterpiece painting, Bengal School of Art and Kangra wash style, delicate tempera and watercolor on fine textured handmade wasli paper. Soft poetic fine-line brushwork, expressive soulful faces with classical Indian beauty, fluid natural drapery folds with subtle gold zari embroidery, lush natural foliage under the gentle shade of ancient flowering trees. Atmospheric lighting with a luminous glowing horizon and misty tranquil waters. Full-bleed edge-to-edge painting, seamless composition, absolutely no borders, no frames, no paper margins, no text, no modern 3D render. Wide 16:10 landscape format with calm, uncluttered left third."
ch_4_19,4,19,King Pṛthu performs a hundred horse-sacrifices,महाराज पृथुके सौ अश्वमेध यज्ञ,"Scene from Skandha 4, Chapter 19 (""King Pṛthu performs a hundred horse-sacrifices"" / ""महाराज पृथुके सौ अश्वमेध यज्ञ""): A poignant, devotional depiction capturing the divine narrative essence of this chapter. Color palette centered around leaf green with emerald and forest green tones, tranquil night glade, glowing fireflies and single pole star. Main sacred figures and spiritual interaction arranged gracefully in the center and right foreground, leaving the left third calm with gentle waters, soft misty horizon, or quiet sky. A sublime classical Indian devotional masterpiece painting, Bengal School of Art and Kangra wash style, delicate tempera and watercolor on fine textured handmade wasli paper. Soft poetic fine-line brushwork, expressive soulful faces with classical Indian beauty, fluid natural drapery folds with subtle gold zari embroidery, lush natural foliage under the gentle shade of ancient flowering trees. Atmospheric lighting with a luminous glowing horizon and misty tranquil waters. Full-bleed edge-to-edge painting, seamless composition, absolutely no borders, no frames, no paper margins, no text, no modern 3D render. Wide 16:10 landscape format with calm, uncluttered left third."
ch_4_20,4,20,Lord Viṣṇu manifests Himself in the sacrificial hall of king Pṛthu their Self.,महाराज पृथुकी यज्ञशालामें श्रीविष्णुभगवान्‌का प्रादुर्भाव,"Scene from Skandha 4, Chapter 20 (""Lord Viṣṇu manifests Himself in the sacrificial hall of king Pṛthu their Self."" / ""महाराज पृथुकी यज्ञशालामें श्रीविष्णुभगवान्‌का प्रादुर्भाव""): A poignant, devotional depiction capturing the divine narrative essence of this chapter. Color palette centered around leaf green with emerald and forest green tones, tranquil night glade, glowing fireflies and single pole star. Main sacred figures and spiritual interaction arranged gracefully in the center and right foreground, leaving the left third calm with gentle waters, soft misty horizon, or quiet sky. A sublime classical Indian devotional masterpiece painting, Bengal School of Art and Kangra wash style, delicate tempera and watercolor on fine textured handmade wasli paper. Soft poetic fine-line brushwork, expressive soulful faces with classical Indian beauty, fluid natural drapery folds with subtle gold zari embroidery, lush natural foliage under the gentle shade of ancient flowering trees. Atmospheric lighting with a luminous glowing horizon and misty tranquil waters. Full-bleed edge-to-edge painting, seamless composition, absolutely no borders, no frames, no paper margins, no text, no modern 3D render. Wide 16:10 landscape format with calm, uncluttered left third."
ch_4_21,4,21,King Pṛthu’s teaching to his subjects,महाराज पृथुका अपनी प्रजाको उपदेश,"Scene from Skandha 4, Chapter 21 (""King Pṛthu’s teaching to his subjects"" / ""महाराज पृथुका अपनी प्रजाको उपदेश""): A poignant, devotional depiction capturing the divine narrative essence of this chapter. Color palette centered around leaf green with emerald and forest green tones, tranquil night glade, glowing fireflies and single pole star. Main sacred figures and spiritual interaction arranged gracefully in the center and right foreground, leaving the left third calm with gentle waters, soft misty horizon, or quiet sky. A sublime classical Indian devotional masterpiece painting, Bengal School of Art and Kangra wash style, delicate tempera and watercolor on fine textured handmade wasli paper. Soft poetic fine-line brushwork, expressive soulful faces with classical Indian beauty, fluid natural drapery folds with subtle gold zari embroidery, lush natural foliage under the gentle shade of ancient flowering trees. Atmospheric lighting with a luminous glowing horizon and misty tranquil waters. Full-bleed edge-to-edge painting, seamless composition, absolutely no borders, no frames, no paper margins, no text, no modern 3D render. Wide 16:10 landscape format with calm, uncluttered left third."
ch_4_22,4,22,The sage Sanaka and his three brothers impart instruction to king Pṛthu,महाराज पृथुको सनकादिका उपदेश,"Scene from Skandha 4, Chapter 22 (""The sage Sanaka and his three brothers impart instruction to king Pṛthu"" / ""महाराज पृथुको सनकादिका उपदेश""): A poignant, devotional depiction capturing the divine narrative essence of this chapter. Color palette centered around leaf green with emerald and forest green tones, tranquil night glade, glowing fireflies and single pole star. Main sacred figures and spiritual interaction arranged gracefully in the center and right foreground, leaving the left third calm with gentle waters, soft misty horizon, or quiet sky. A sublime classical Indian devotional masterpiece painting, Bengal School of Art and Kangra wash style, delicate tempera and watercolor on fine textured handmade wasli paper. Soft poetic fine-line brushwork, expressive soulful faces with classical Indian beauty, fluid natural drapery folds with subtle gold zari embroidery, lush natural foliage under the gentle shade of ancient flowering trees. Atmospheric lighting with a luminous glowing horizon and misty tranquil waters. Full-bleed edge-to-edge painting, seamless composition, absolutely no borders, no frames, no paper margins, no text, no modern 3D render. Wide 16:10 landscape format with calm, uncluttered left third."
ch_4_23,4,23,King Pṛthu practises asceticism and departs for the other world,राजा पृथुकी तपस्या और परलोकगमन,"Scene from Skandha 4, Chapter 23 (""King Pṛthu practises asceticism and departs for the other world"" / ""राजा पृथुकी तपस्या और परलोकगमन""): A poignant, devotional depiction capturing the divine narrative essence of this chapter. Color palette centered around leaf green with emerald and forest green tones, tranquil night glade, glowing fireflies and single pole star. Main sacred figures and spiritual interaction arranged gracefully in the center and right foreground, leaving the left third calm with gentle waters, soft misty horizon, or quiet sky. A sublime classical Indian devotional masterpiece painting, Bengal School of Art and Kangra wash style, delicate tempera and watercolor on fine textured handmade wasli paper. Soft poetic fine-line brushwork, expressive soulful faces with classical Indian beauty, fluid natural drapery folds with subtle gold zari embroidery, lush natural foliage under the gentle shade of ancient flowering trees. Atmospheric lighting with a luminous glowing horizon and misty tranquil waters. Full-bleed edge-to-edge painting, seamless composition, absolutely no borders, no frames, no paper margins, no text, no modern 3D render. Wide 16:10 landscape format with calm, uncluttered left third."
ch_4_24,4,24,The hymn sung by Lord śiva (and taught to the Pracetās),पृथुकी वंशपरम्परा और प्रचेताओंको भगवान् रुद्रका उपदेश,"Scene from Skandha 4, Chapter 24 (""The hymn sung by Lord śiva (and taught to the Pracetās)"" / ""पृथुकी वंशपरम्परा और प्रचेताओंको भगवान् रुद्रका उपदेश""): A poignant, devotional depiction capturing the divine narrative essence of this chapter. Color palette centered around leaf green with emerald and forest green tones, tranquil night glade, glowing fireflies and single pole star. Main sacred figures and spiritual interaction arranged gracefully in the center and right foreground, leaving the left third calm with gentle waters, soft misty horizon, or quiet sky. A sublime classical Indian devotional masterpiece painting, Bengal School of Art and Kangra wash style, delicate tempera and watercolor on fine textured handmade wasli paper. Soft poetic fine-line brushwork, expressive soulful faces with classical Indian beauty, fluid natural drapery folds with subtle gold zari embroidery, lush natural foliage under the gentle shade of ancient flowering trees. Atmospheric lighting with a luminous glowing horizon and misty tranquil waters. Full-bleed edge-to-edge painting, seamless composition, absolutely no borders, no frames, no paper margins, no text, no modern 3D render. Wide 16:10 landscape format with calm, uncluttered left third."
ch_4_25,4,25,Introductory part of the parable of Purañjana,पुरंजनोपाख्यानका प्रारम्भ,"Scene from Skandha 4, Chapter 25 (""Introductory part of the parable of Purañjana"" / ""पुरंजनोपाख्यानका प्रारम्भ""): A poignant, devotional depiction capturing the divine narrative essence of this chapter. Color palette centered around leaf green with emerald and forest green tones, tranquil night glade, glowing fireflies and single pole star. Main sacred figures and spiritual interaction arranged gracefully in the center and right foreground, leaving the left third calm with gentle waters, soft misty horizon, or quiet sky. A sublime classical Indian devotional masterpiece painting, Bengal School of Art and Kangra wash style, delicate tempera and watercolor on fine textured handmade wasli paper. Soft poetic fine-line brushwork, expressive soulful faces with classical Indian beauty, fluid natural drapery folds with subtle gold zari embroidery, lush natural foliage under the gentle shade of ancient flowering trees. Atmospheric lighting with a luminous glowing horizon and misty tranquil waters. Full-bleed edge-to-edge painting, seamless composition, absolutely no borders, no frames, no paper margins, no text, no modern 3D render. Wide 16:10 landscape format with calm, uncluttered left third."
ch_4_26,4,26,Purañjana goes a-hunting to the forest and the queen gets angry with him,राजा पुरंजनका शिकार खेलने वनमें जाना और रानीका कुपित होना,"Scene from Skandha 4, Chapter 26 (""Purañjana goes a-hunting to the forest and the queen gets angry with him"" / ""राजा पुरंजनका शिकार खेलने वनमें जाना और रानीका कुपित होना""): A poignant, devotional depiction capturing the divine narrative essence of this chapter. Color palette centered around leaf green with emerald and forest green tones, tranquil night glade, glowing fireflies and single pole star. Main sacred figures and spiritual interaction arranged gracefully in the center and right foreground, leaving the left third calm with gentle waters, soft misty horizon, or quiet sky. A sublime classical Indian devotional masterpiece painting, Bengal School of Art and Kangra wash style, delicate tempera and watercolor on fine textured handmade wasli paper. Soft poetic fine-line brushwork, expressive soulful faces with classical Indian beauty, fluid natural drapery folds with subtle gold zari embroidery, lush natural foliage under the gentle shade of ancient flowering trees. Atmospheric lighting with a luminous glowing horizon and misty tranquil waters. Full-bleed edge-to-edge painting, seamless composition, absolutely no borders, no frames, no paper margins, no text, no modern 3D render. Wide 16:10 landscape format with calm, uncluttered left third."
ch_4_27,4,27,Raid of Caṇḍavega against the capital of Purañjana and the story of Kālakanyā,पुरंजनपुरीपर चण्डवेगकी चढ़ाई तथा कालकन्याका चरित्र,"Scene from Skandha 4, Chapter 27 (""Raid of Caṇḍavega against the capital of Purañjana and the story of Kālakanyā"" / ""पुरंजनपुरीपर चण्डवेगकी चढ़ाई तथा कालकन्याका चरित्र""): A poignant, devotional depiction capturing the divine narrative essence of this chapter. Color palette centered around leaf green with emerald and forest green tones, tranquil night glade, glowing fireflies and single pole star. Main sacred figures and spiritual interaction arranged gracefully in the center and right foreground, leaving the left third calm with gentle waters, soft misty horizon, or quiet sky. A sublime classical Indian devotional masterpiece painting, Bengal School of Art and Kangra wash style, delicate tempera and watercolor on fine textured handmade wasli paper. Soft poetic fine-line brushwork, expressive soulful faces with classical Indian beauty, fluid natural drapery folds with subtle gold zari embroidery, lush natural foliage under the gentle shade of ancient flowering trees. Atmospheric lighting with a luminous glowing horizon and misty tranquil waters. Full-bleed edge-to-edge painting, seamless composition, absolutely no borders, no frames, no paper margins, no text, no modern 3D render. Wide 16:10 landscape format with calm, uncluttered left third."
ch_4_28,4,28,"Purañjana is reborn as a woman and attains liberation through the teaching of his friend, Avijñāta",पुरंजनको स्त्रीयोनिकी प्राप्ति और अविज्ञातके उपदेशसे उसका मुक्त होना,"Scene from Skandha 4, Chapter 28 (""Purañjana is reborn as a woman and attains liberation through the teaching of his friend, Avijñāta"" / ""पुरंजनको स्त्रीयोनिकी प्राप्ति और अविज्ञातके उपदेशसे उसका मुक्त होना""): A poignant, devotional depiction capturing the divine narrative essence of this chapter. Color palette centered around leaf green with emerald and forest green tones, tranquil night glade, glowing fireflies and single pole star. Main sacred figures and spiritual interaction arranged gracefully in the center and right foreground, leaving the left third calm with gentle waters, soft misty horizon, or quiet sky. A sublime classical Indian devotional masterpiece painting, Bengal School of Art and Kangra wash style, delicate tempera and watercolor on fine textured handmade wasli paper. Soft poetic fine-line brushwork, expressive soulful faces with classical Indian beauty, fluid natural drapery folds with subtle gold zari embroidery, lush natural foliage under the gentle shade of ancient flowering trees. Atmospheric lighting with a luminous glowing horizon and misty tranquil waters. Full-bleed edge-to-edge painting, seamless composition, absolutely no borders, no frames, no paper margins, no text, no modern 3D render. Wide 16:10 landscape format with calm, uncluttered left third."
ch_4_29,4,29,The Dialogue between king Prācīnabarhi and the sage Nārada (continued),पुरंजनोपाख्यानका तात्पर्य,"Scene from Skandha 4, Chapter 29 (""The Dialogue between king Prācīnabarhi and the sage Nārada (continued)"" / ""पुरंजनोपाख्यानका तात्पर्य""): A poignant, devotional depiction capturing the divine narrative essence of this chapter. Color palette centered around leaf green with emerald and forest green tones, tranquil night glade, glowing fireflies and single pole star. Main sacred figures and spiritual interaction arranged gracefully in the center and right foreground, leaving the left third calm with gentle waters, soft misty horizon, or quiet sky. A sublime classical Indian devotional masterpiece painting, Bengal School of Art and Kangra wash style, delicate tempera and watercolor on fine textured handmade wasli paper. Soft poetic fine-line brushwork, expressive soulful faces with classical Indian beauty, fluid natural drapery folds with subtle gold zari embroidery, lush natural foliage under the gentle shade of ancient flowering trees. Atmospheric lighting with a luminous glowing horizon and misty tranquil waters. Full-bleed edge-to-edge painting, seamless composition, absolutely no borders, no frames, no paper margins, no text, no modern 3D render. Wide 16:10 landscape format with calm, uncluttered left third."
ch_4_30,4,30,their city and marry the foster-daughter of the trees,प्रचेताओंको श्रीविष्णुभगवान्‌का वरदान,"Scene from Skandha 4, Chapter 30 (""their city and marry the foster-daughter of the trees"" / ""प्रचेताओंको श्रीविष्णुभगवान्‌का वरदान""): A poignant, devotional depiction capturing the divine narrative essence of this chapter. Color palette centered around leaf green with emerald and forest green tones, tranquil night glade, glowing fireflies and single pole star. Main sacred figures and spiritual interaction arranged gracefully in the center and right foreground, leaving the left third calm with gentle waters, soft misty horizon, or quiet sky. A sublime classical Indian devotional masterpiece painting, Bengal School of Art and Kangra wash style, delicate tempera and watercolor on fine textured handmade wasli paper. Soft poetic fine-line brushwork, expressive soulful faces with classical Indian beauty, fluid natural drapery folds with subtle gold zari embroidery, lush natural foliage under the gentle shade of ancient flowering trees. Atmospheric lighting with a luminous glowing horizon and misty tranquil waters. Full-bleed edge-to-edge painting, seamless composition, absolutely no borders, no frames, no paper margins, no text, no modern 3D render. Wide 16:10 landscape format with calm, uncluttered left third."
ch_4_31,4,31,The story of the Pracetās,प्रचेताओंको श्रीनारदजीका उपदेश और उनका परमपद-लाभ,"Scene from Skandha 4, Chapter 31 (""The story of the Pracetās"" / ""प्रचेताओंको श्रीनारदजीका उपदेश और उनका परमपद-लाभ""): A poignant, devotional depiction capturing the divine narrative essence of this chapter. Color palette centered around leaf green with emerald and forest green tones, tranquil night glade, glowing fireflies and single pole star. Main sacred figures and spiritual interaction arranged gracefully in the center and right foreground, leaving the left third calm with gentle waters, soft misty horizon, or quiet sky. A sublime classical Indian devotional masterpiece painting, Bengal School of Art and Kangra wash style, delicate tempera and watercolor on fine textured handmade wasli paper. Soft poetic fine-line brushwork, expressive soulful faces with classical Indian beauty, fluid natural drapery folds with subtle gold zari embroidery, lush natural foliage under the gentle shade of ancient flowering trees. Atmospheric lighting with a luminous glowing horizon and misty tranquil waters. Full-bleed edge-to-edge painting, seamless composition, absolutely no borders, no frames, no paper margins, no text, no modern 3D render. Wide 16:10 landscape format with calm, uncluttered left third."
ch_5_1,5,1,The story of Priyavrata,प्रियव्रत-चरित्र,"Scene from Skandha 5, Chapter 1 (""The story of Priyavrata"" / ""प्रियव्रत-चरित्र""): A poignant, devotional depiction capturing the divine narrative essence of this chapter. Color palette centered around jade green with jade green and celestial turquoise, concentric sacred mandala realms, verdant meadows. Main sacred figures and spiritual interaction arranged gracefully in the center and right foreground, leaving the left third calm with gentle waters, soft misty horizon, or quiet sky. A sublime classical Indian devotional masterpiece painting, Bengal School of Art and Kangra wash style, delicate tempera and watercolor on fine textured handmade wasli paper. Soft poetic fine-line brushwork, expressive soulful faces with classical Indian beauty, fluid natural drapery folds with subtle gold zari embroidery, lush natural foliage under the gentle shade of ancient flowering trees. Atmospheric lighting with a luminous glowing horizon and misty tranquil waters. Full-bleed edge-to-edge painting, seamless composition, absolutely no borders, no frames, no paper margins, no text, no modern 3D render. Wide 16:10 landscape format with calm, uncluttered left third."
ch_5_2,5,2,An account of Āgnīdhra,आग्नीध्र-चरित्र,"Scene from Skandha 5, Chapter 2 (""An account of Āgnīdhra"" / ""आग्नीध्र-चरित्र""): A poignant, devotional depiction capturing the divine narrative essence of this chapter. Color palette centered around jade green with jade green and celestial turquoise, concentric sacred mandala realms, verdant meadows. Main sacred figures and spiritual interaction arranged gracefully in the center and right foreground, leaving the left third calm with gentle waters, soft misty horizon, or quiet sky. A sublime classical Indian devotional masterpiece painting, Bengal School of Art and Kangra wash style, delicate tempera and watercolor on fine textured handmade wasli paper. Soft poetic fine-line brushwork, expressive soulful faces with classical Indian beauty, fluid natural drapery folds with subtle gold zari embroidery, lush natural foliage under the gentle shade of ancient flowering trees. Atmospheric lighting with a luminous glowing horizon and misty tranquil waters. Full-bleed edge-to-edge painting, seamless composition, absolutely no borders, no frames, no paper margins, no text, no modern 3D render. Wide 16:10 landscape format with calm, uncluttered left third."
ch_5_3,5,3,The descent of Lord Ṛṣabha,राजा नाभिका चरित्र,"Scene from Skandha 5, Chapter 3 (""The descent of Lord Ṛṣabha"" / ""राजा नाभिका चरित्र""): A poignant, devotional depiction capturing the divine narrative essence of this chapter. Color palette centered around jade green with jade green and celestial turquoise, concentric sacred mandala realms, verdant meadows. Main sacred figures and spiritual interaction arranged gracefully in the center and right foreground, leaving the left third calm with gentle waters, soft misty horizon, or quiet sky. A sublime classical Indian devotional masterpiece painting, Bengal School of Art and Kangra wash style, delicate tempera and watercolor on fine textured handmade wasli paper. Soft poetic fine-line brushwork, expressive soulful faces with classical Indian beauty, fluid natural drapery folds with subtle gold zari embroidery, lush natural foliage under the gentle shade of ancient flowering trees. Atmospheric lighting with a luminous glowing horizon and misty tranquil waters. Full-bleed edge-to-edge painting, seamless composition, absolutely no borders, no frames, no paper margins, no text, no modern 3D render. Wide 16:10 landscape format with calm, uncluttered left third."
ch_5_4,5,4,The sovereignty of Ṛṣabha,ऋषभदेवजीका राज्यशासन,"Scene from Skandha 5, Chapter 4 (""The sovereignty of Ṛṣabha"" / ""ऋषभदेवजीका राज्यशासन""): A poignant, devotional depiction capturing the divine narrative essence of this chapter. Color palette centered around jade green with jade green and celestial turquoise, concentric sacred mandala realms, verdant meadows. Main sacred figures and spiritual interaction arranged gracefully in the center and right foreground, leaving the left third calm with gentle waters, soft misty horizon, or quiet sky. A sublime classical Indian devotional masterpiece painting, Bengal School of Art and Kangra wash style, delicate tempera and watercolor on fine textured handmade wasli paper. Soft poetic fine-line brushwork, expressive soulful faces with classical Indian beauty, fluid natural drapery folds with subtle gold zari embroidery, lush natural foliage under the gentle shade of ancient flowering trees. Atmospheric lighting with a luminous glowing horizon and misty tranquil waters. Full-bleed edge-to-edge painting, seamless composition, absolutely no borders, no frames, no paper margins, no text, no modern 3D render. Wide 16:10 landscape format with calm, uncluttered left third."
ch_5_5,5,5,ascetic who has shaken off worldly feelings and obligations,ऋषभजीका अपने पुत्रोंको उपदेश देना और स्वयं अवधूतवृत्ति ग्रहण करना,"Scene from Skandha 5, Chapter 5 (""ascetic who has shaken off worldly feelings and obligations"" / ""ऋषभजीका अपने पुत्रोंको उपदेश देना और स्वयं अवधूतवृत्ति ग्रहण करना""): A poignant, devotional depiction capturing the divine narrative essence of this chapter. Color palette centered around jade green with jade green and celestial turquoise, concentric sacred mandala realms, verdant meadows. Main sacred figures and spiritual interaction arranged gracefully in the center and right foreground, leaving the left third calm with gentle waters, soft misty horizon, or quiet sky. A sublime classical Indian devotional masterpiece painting, Bengal School of Art and Kangra wash style, delicate tempera and watercolor on fine textured handmade wasli paper. Soft poetic fine-line brushwork, expressive soulful faces with classical Indian beauty, fluid natural drapery folds with subtle gold zari embroidery, lush natural foliage under the gentle shade of ancient flowering trees. Atmospheric lighting with a luminous glowing horizon and misty tranquil waters. Full-bleed edge-to-edge painting, seamless composition, absolutely no borders, no frames, no paper margins, no text, no modern 3D render. Wide 16:10 landscape format with calm, uncluttered left third."
ch_5_6,5,6,Lord Ṛṣabha quits His body,ऋषभदेवजीका देहत्याग,"Scene from Skandha 5, Chapter 6 (""Lord Ṛṣabha quits His body"" / ""ऋषभदेवजीका देहत्याग""): A poignant, devotional depiction capturing the divine narrative essence of this chapter. Color palette centered around jade green with jade green and celestial turquoise, concentric sacred mandala realms, verdant meadows. Main sacred figures and spiritual interaction arranged gracefully in the center and right foreground, leaving the left third calm with gentle waters, soft misty horizon, or quiet sky. A sublime classical Indian devotional masterpiece painting, Bengal School of Art and Kangra wash style, delicate tempera and watercolor on fine textured handmade wasli paper. Soft poetic fine-line brushwork, expressive soulful faces with classical Indian beauty, fluid natural drapery folds with subtle gold zari embroidery, lush natural foliage under the gentle shade of ancient flowering trees. Atmospheric lighting with a luminous glowing horizon and misty tranquil waters. Full-bleed edge-to-edge painting, seamless composition, absolutely no borders, no frames, no paper margins, no text, no modern 3D render. Wide 16:10 landscape format with calm, uncluttered left third."
ch_5_7,5,7,The story of Bharata,भरत-चरित्र,"Scene from Skandha 5, Chapter 7 (""The story of Bharata"" / ""भरत-चरित्र""): A poignant, devotional depiction capturing the divine narrative essence of this chapter. Color palette centered around jade green with jade green and celestial turquoise, concentric sacred mandala realms, verdant meadows. Main sacred figures and spiritual interaction arranged gracefully in the center and right foreground, leaving the left third calm with gentle waters, soft misty horizon, or quiet sky. A sublime classical Indian devotional masterpiece painting, Bengal School of Art and Kangra wash style, delicate tempera and watercolor on fine textured handmade wasli paper. Soft poetic fine-line brushwork, expressive soulful faces with classical Indian beauty, fluid natural drapery folds with subtle gold zari embroidery, lush natural foliage under the gentle shade of ancient flowering trees. Atmospheric lighting with a luminous glowing horizon and misty tranquil waters. Full-bleed edge-to-edge painting, seamless composition, absolutely no borders, no frames, no paper margins, no text, no modern 3D render. Wide 16:10 landscape format with calm, uncluttered left third."
ch_5_8,5,8,Bharata conceives an infatuation for a fawn and is reborn as a deer,भरतजीका मृगके मोहमें फँसकर मृगयोनिमें जन्म लेना,"Scene from Skandha 5, Chapter 8 (""Bharata conceives an infatuation for a fawn and is reborn as a deer"" / ""भरतजीका मृगके मोहमें फँसकर मृगयोनिमें जन्म लेना""): A poignant, devotional depiction capturing the divine narrative essence of this chapter. Color palette centered around jade green with jade green and celestial turquoise, concentric sacred mandala realms, verdant meadows. Main sacred figures and spiritual interaction arranged gracefully in the center and right foreground, leaving the left third calm with gentle waters, soft misty horizon, or quiet sky. A sublime classical Indian devotional masterpiece painting, Bengal School of Art and Kangra wash style, delicate tempera and watercolor on fine textured handmade wasli paper. Soft poetic fine-line brushwork, expressive soulful faces with classical Indian beauty, fluid natural drapery folds with subtle gold zari embroidery, lush natural foliage under the gentle shade of ancient flowering trees. Atmospheric lighting with a luminous glowing horizon and misty tranquil waters. Full-bleed edge-to-edge painting, seamless composition, absolutely no borders, no frames, no paper margins, no text, no modern 3D render. Wide 16:10 landscape format with calm, uncluttered left third."
ch_5_9,5,9,Bharata reborn for a second time in a Brāhmaṇa family,भरतजीका ब्राह्मणकुलमें जन्म,"Scene from Skandha 5, Chapter 9 (""Bharata reborn for a second time in a Brāhmaṇa family"" / ""भरतजीका ब्राह्मणकुलमें जन्म""): A poignant, devotional depiction capturing the divine narrative essence of this chapter. Color palette centered around jade green with jade green and celestial turquoise, concentric sacred mandala realms, verdant meadows. Main sacred figures and spiritual interaction arranged gracefully in the center and right foreground, leaving the left third calm with gentle waters, soft misty horizon, or quiet sky. A sublime classical Indian devotional masterpiece painting, Bengal School of Art and Kangra wash style, delicate tempera and watercolor on fine textured handmade wasli paper. Soft poetic fine-line brushwork, expressive soulful faces with classical Indian beauty, fluid natural drapery folds with subtle gold zari embroidery, lush natural foliage under the gentle shade of ancient flowering trees. Atmospheric lighting with a luminous glowing horizon and misty tranquil waters. Full-bleed edge-to-edge painting, seamless composition, absolutely no borders, no frames, no paper margins, no text, no modern 3D render. Wide 16:10 landscape format with calm, uncluttered left third."
ch_5_10,5,10,The meeting of Jaḍabharata with king Rahūgaṇa,जडभरत और राजा रहूगणकी भेंट,"Scene from Skandha 5, Chapter 10 (""The meeting of Jaḍabharata with king Rahūgaṇa"" / ""जडभरत और राजा रहूगणकी भेंट""): A poignant, devotional depiction capturing the divine narrative essence of this chapter. Color palette centered around jade green with jade green and celestial turquoise, concentric sacred mandala realms, verdant meadows. Main sacred figures and spiritual interaction arranged gracefully in the center and right foreground, leaving the left third calm with gentle waters, soft misty horizon, or quiet sky. A sublime classical Indian devotional masterpiece painting, Bengal School of Art and Kangra wash style, delicate tempera and watercolor on fine textured handmade wasli paper. Soft poetic fine-line brushwork, expressive soulful faces with classical Indian beauty, fluid natural drapery folds with subtle gold zari embroidery, lush natural foliage under the gentle shade of ancient flowering trees. Atmospheric lighting with a luminous glowing horizon and misty tranquil waters. Full-bleed edge-to-edge painting, seamless composition, absolutely no borders, no frames, no paper margins, no text, no modern 3D render. Wide 16:10 landscape format with calm, uncluttered left third."
ch_5_11,5,11,Bharata’s teaching to king Rahūgaṇa,राजा रहूगणको भरतजीका उपदेश,"Scene from Skandha 5, Chapter 11 (""Bharata’s teaching to king Rahūgaṇa"" / ""राजा रहूगणको भरतजीका उपदेश""): A poignant, devotional depiction capturing the divine narrative essence of this chapter. Color palette centered around jade green with jade green and celestial turquoise, concentric sacred mandala realms, verdant meadows. Main sacred figures and spiritual interaction arranged gracefully in the center and right foreground, leaving the left third calm with gentle waters, soft misty horizon, or quiet sky. A sublime classical Indian devotional masterpiece painting, Bengal School of Art and Kangra wash style, delicate tempera and watercolor on fine textured handmade wasli paper. Soft poetic fine-line brushwork, expressive soulful faces with classical Indian beauty, fluid natural drapery folds with subtle gold zari embroidery, lush natural foliage under the gentle shade of ancient flowering trees. Atmospheric lighting with a luminous glowing horizon and misty tranquil waters. Full-bleed edge-to-edge painting, seamless composition, absolutely no borders, no frames, no paper margins, no text, no modern 3D render. Wide 16:10 landscape format with calm, uncluttered left third."
ch_5_12,5,12,Bharata answers the query of Rahūgaṇa,रहूगणका प्रश्न और भरतजीका समाधान,"Scene from Skandha 5, Chapter 12 (""Bharata answers the query of Rahūgaṇa"" / ""रहूगणका प्रश्न और भरतजीका समाधान""): A poignant, devotional depiction capturing the divine narrative essence of this chapter. Color palette centered around jade green with jade green and celestial turquoise, concentric sacred mandala realms, verdant meadows. Main sacred figures and spiritual interaction arranged gracefully in the center and right foreground, leaving the left third calm with gentle waters, soft misty horizon, or quiet sky. A sublime classical Indian devotional masterpiece painting, Bengal School of Art and Kangra wash style, delicate tempera and watercolor on fine textured handmade wasli paper. Soft poetic fine-line brushwork, expressive soulful faces with classical Indian beauty, fluid natural drapery folds with subtle gold zari embroidery, lush natural foliage under the gentle shade of ancient flowering trees. Atmospheric lighting with a luminous glowing horizon and misty tranquil waters. Full-bleed edge-to-edge painting, seamless composition, absolutely no borders, no frames, no paper margins, no text, no modern 3D render. Wide 16:10 landscape format with calm, uncluttered left third."
ch_5_13,5,13,Bharata allegorically represents this state of worldly existence as a forest and the doubts of Rahūgaṇa get resolved,भवाटवीका वर्णन और रहूगणका संशयनाश,"Scene from Skandha 5, Chapter 13 (""Bharata allegorically represents this state of worldly existence as a forest and the doubts of Rahūgaṇa get resolved"" / ""भवाटवीका वर्णन और रहूगणका संशयनाश""): A poignant, devotional depiction capturing the divine narrative essence of this chapter. Color palette centered around jade green with jade green and celestial turquoise, concentric sacred mandala realms, verdant meadows. Main sacred figures and spiritual interaction arranged gracefully in the center and right foreground, leaving the left third calm with gentle waters, soft misty horizon, or quiet sky. A sublime classical Indian devotional masterpiece painting, Bengal School of Art and Kangra wash style, delicate tempera and watercolor on fine textured handmade wasli paper. Soft poetic fine-line brushwork, expressive soulful faces with classical Indian beauty, fluid natural drapery folds with subtle gold zari embroidery, lush natural foliage under the gentle shade of ancient flowering trees. Atmospheric lighting with a luminous glowing horizon and misty tranquil waters. Full-bleed edge-to-edge painting, seamless composition, absolutely no borders, no frames, no paper margins, no text, no modern 3D render. Wide 16:10 landscape format with calm, uncluttered left third."
ch_5_14,5,14,Jaḍabharata elucidated the meaning of the allegory,भवाटवीका स्पष्टीकरण,"Scene from Skandha 5, Chapter 14 (""Jaḍabharata elucidated the meaning of the allegory"" / ""भवाटवीका स्पष्टीकरण""): A poignant, devotional depiction capturing the divine narrative essence of this chapter. Color palette centered around jade green with jade green and celestial turquoise, concentric sacred mandala realms, verdant meadows. Main sacred figures and spiritual interaction arranged gracefully in the center and right foreground, leaving the left third calm with gentle waters, soft misty horizon, or quiet sky. A sublime classical Indian devotional masterpiece painting, Bengal School of Art and Kangra wash style, delicate tempera and watercolor on fine textured handmade wasli paper. Soft poetic fine-line brushwork, expressive soulful faces with classical Indian beauty, fluid natural drapery folds with subtle gold zari embroidery, lush natural foliage under the gentle shade of ancient flowering trees. Atmospheric lighting with a luminous glowing horizon and misty tranquil waters. Full-bleed edge-to-edge painting, seamless composition, absolutely no borders, no frames, no paper margins, no text, no modern 3D render. Wide 16:10 landscape format with calm, uncluttered left third."
ch_5_15,5,15,An account of Priyavrata’s posterity continued,भरतके वंशका वर्णन,"Scene from Skandha 5, Chapter 15 (""An account of Priyavrata’s posterity continued"" / ""भरतके वंशका वर्णन""): A poignant, devotional depiction capturing the divine narrative essence of this chapter. Color palette centered around jade green with jade green and celestial turquoise, concentric sacred mandala realms, verdant meadows. Main sacred figures and spiritual interaction arranged gracefully in the center and right foreground, leaving the left third calm with gentle waters, soft misty horizon, or quiet sky. A sublime classical Indian devotional masterpiece painting, Bengal School of Art and Kangra wash style, delicate tempera and watercolor on fine textured handmade wasli paper. Soft poetic fine-line brushwork, expressive soulful faces with classical Indian beauty, fluid natural drapery folds with subtle gold zari embroidery, lush natural foliage under the gentle shade of ancient flowering trees. Atmospheric lighting with a luminous glowing horizon and misty tranquil waters. Full-bleed edge-to-edge painting, seamless composition, absolutely no borders, no frames, no paper margins, no text, no modern 3D render. Wide 16:10 landscape format with calm, uncluttered left third."
ch_5_16,5,16,A description of the terrestrial world,भुवनकोशका वर्णन,"Scene from Skandha 5, Chapter 16 (""A description of the terrestrial world"" / ""भुवनकोशका वर्णन""): A poignant, devotional depiction capturing the divine narrative essence of this chapter. Color palette centered around jade green with jade green and celestial turquoise, concentric sacred mandala realms, verdant meadows. Main sacred figures and spiritual interaction arranged gracefully in the center and right foreground, leaving the left third calm with gentle waters, soft misty horizon, or quiet sky. A sublime classical Indian devotional masterpiece painting, Bengal School of Art and Kangra wash style, delicate tempera and watercolor on fine textured handmade wasli paper. Soft poetic fine-line brushwork, expressive soulful faces with classical Indian beauty, fluid natural drapery folds with subtle gold zari embroidery, lush natural foliage under the gentle shade of ancient flowering trees. Atmospheric lighting with a luminous glowing horizon and misty tranquil waters. Full-bleed edge-to-edge painting, seamless composition, absolutely no borders, no frames, no paper margins, no text, no modern 3D render. Wide 16:10 landscape format with calm, uncluttered left third."
ch_5_17,5,17,Lord Saṅkarṣaṇa by the divine śaṅkara,गंगाजीका विवरण और भगवान् शंकरकृत संकर्षणदेवकी स्तुति,"Scene from Skandha 5, Chapter 17 (""Lord Saṅkarṣaṇa by the divine śaṅkara"" / ""गंगाजीका विवरण और भगवान् शंकरकृत संकर्षणदेवकी स्तुति""): A poignant, devotional depiction capturing the divine narrative essence of this chapter. Color palette centered around jade green with jade green and celestial turquoise, concentric sacred mandala realms, verdant meadows. Main sacred figures and spiritual interaction arranged gracefully in the center and right foreground, leaving the left third calm with gentle waters, soft misty horizon, or quiet sky. A sublime classical Indian devotional masterpiece painting, Bengal School of Art and Kangra wash style, delicate tempera and watercolor on fine textured handmade wasli paper. Soft poetic fine-line brushwork, expressive soulful faces with classical Indian beauty, fluid natural drapery folds with subtle gold zari embroidery, lush natural foliage under the gentle shade of ancient flowering trees. Atmospheric lighting with a luminous glowing horizon and misty tranquil waters. Full-bleed edge-to-edge painting, seamless composition, absolutely no borders, no frames, no paper margins, no text, no modern 3D render. Wide 16:10 landscape format with calm, uncluttered left third."
ch_5_18,5,18,A description of (the various Varṣas) of the terrestrial globe continued,भिन्न-भिन्न वर्षोंका वर्णन,"Scene from Skandha 5, Chapter 18 (""A description of (the various Varṣas) of the terrestrial globe continued"" / ""भिन्न-भिन्न वर्षोंका वर्णन""): A poignant, devotional depiction capturing the divine narrative essence of this chapter. Color palette centered around jade green with jade green and celestial turquoise, concentric sacred mandala realms, verdant meadows. Main sacred figures and spiritual interaction arranged gracefully in the center and right foreground, leaving the left third calm with gentle waters, soft misty horizon, or quiet sky. A sublime classical Indian devotional masterpiece painting, Bengal School of Art and Kangra wash style, delicate tempera and watercolor on fine textured handmade wasli paper. Soft poetic fine-line brushwork, expressive soulful faces with classical Indian beauty, fluid natural drapery folds with subtle gold zari embroidery, lush natural foliage under the gentle shade of ancient flowering trees. Atmospheric lighting with a luminous glowing horizon and misty tranquil waters. Full-bleed edge-to-edge painting, seamless composition, absolutely no borders, no frames, no paper margins, no text, no modern 3D render. Wide 16:10 landscape format with calm, uncluttered left third."
ch_5_19,5,19,The description of Jambūdwīpa concluded,किम्पुरुष और भारतवर्षका वर्णन,"Scene from Skandha 5, Chapter 19 (""The description of Jambūdwīpa concluded"" / ""किम्पुरुष और भारतवर्षका वर्णन""): A poignant, devotional depiction capturing the divine narrative essence of this chapter. Color palette centered around jade green with jade green and celestial turquoise, concentric sacred mandala realms, verdant meadows. Main sacred figures and spiritual interaction arranged gracefully in the center and right foreground, leaving the left third calm with gentle waters, soft misty horizon, or quiet sky. A sublime classical Indian devotional masterpiece painting, Bengal School of Art and Kangra wash style, delicate tempera and watercolor on fine textured handmade wasli paper. Soft poetic fine-line brushwork, expressive soulful faces with classical Indian beauty, fluid natural drapery folds with subtle gold zari embroidery, lush natural foliage under the gentle shade of ancient flowering trees. Atmospheric lighting with a luminous glowing horizon and misty tranquil waters. Full-bleed edge-to-edge painting, seamless composition, absolutely no borders, no frames, no paper margins, no text, no modern 3D render. Wide 16:10 landscape format with calm, uncluttered left third."
ch_5_20,5,20,A description of the other six Dwīpas and the mountain-range called Lokāloka,अन्य छः द्वीपों तथा लोकालोक-पर्वतका वर्णन,"Scene from Skandha 5, Chapter 20 (""A description of the other six Dwīpas and the mountain-range called Lokāloka"" / ""अन्य छः द्वीपों तथा लोकालोक-पर्वतका वर्णन""): A poignant, devotional depiction capturing the divine narrative essence of this chapter. Color palette centered around jade green with jade green and celestial turquoise, concentric sacred mandala realms, verdant meadows. Main sacred figures and spiritual interaction arranged gracefully in the center and right foreground, leaving the left third calm with gentle waters, soft misty horizon, or quiet sky. A sublime classical Indian devotional masterpiece painting, Bengal School of Art and Kangra wash style, delicate tempera and watercolor on fine textured handmade wasli paper. Soft poetic fine-line brushwork, expressive soulful faces with classical Indian beauty, fluid natural drapery folds with subtle gold zari embroidery, lush natural foliage under the gentle shade of ancient flowering trees. Atmospheric lighting with a luminous glowing horizon and misty tranquil waters. Full-bleed edge-to-edge painting, seamless composition, absolutely no borders, no frames, no paper margins, no text, no modern 3D render. Wide 16:10 landscape format with calm, uncluttered left third."
ch_5_21,5,21,A description of the stellar sphere as well as of the chariot of the sun-god and his entourage,सूर्यके रथ और उसकी गतिका वर्णन,"Scene from Skandha 5, Chapter 21 (""A description of the stellar sphere as well as of the chariot of the sun-god and his entourage"" / ""सूर्यके रथ और उसकी गतिका वर्णन""): A poignant, devotional depiction capturing the divine narrative essence of this chapter. Color palette centered around jade green with jade green and celestial turquoise, concentric sacred mandala realms, verdant meadows. Main sacred figures and spiritual interaction arranged gracefully in the center and right foreground, leaving the left third calm with gentle waters, soft misty horizon, or quiet sky. A sublime classical Indian devotional masterpiece painting, Bengal School of Art and Kangra wash style, delicate tempera and watercolor on fine textured handmade wasli paper. Soft poetic fine-line brushwork, expressive soulful faces with classical Indian beauty, fluid natural drapery folds with subtle gold zari embroidery, lush natural foliage under the gentle shade of ancient flowering trees. Atmospheric lighting with a luminous glowing horizon and misty tranquil waters. Full-bleed edge-to-edge painting, seamless composition, absolutely no borders, no frames, no paper margins, no text, no modern 3D render. Wide 16:10 landscape format with calm, uncluttered left third."
ch_5_22,5,22,The relative position of the planets and their movements,भिन्न-भिन्न ग्रहोंकी स्थिति और गतिका वर्णन,"Scene from Skandha 5, Chapter 22 (""The relative position of the planets and their movements"" / ""भिन्न-भिन्न ग्रहोंकी स्थिति और गतिका वर्णन""): A poignant, devotional depiction capturing the divine narrative essence of this chapter. Color palette centered around jade green with jade green and celestial turquoise, concentric sacred mandala realms, verdant meadows. Main sacred figures and spiritual interaction arranged gracefully in the center and right foreground, leaving the left third calm with gentle waters, soft misty horizon, or quiet sky. A sublime classical Indian devotional masterpiece painting, Bengal School of Art and Kangra wash style, delicate tempera and watercolor on fine textured handmade wasli paper. Soft poetic fine-line brushwork, expressive soulful faces with classical Indian beauty, fluid natural drapery folds with subtle gold zari embroidery, lush natural foliage under the gentle shade of ancient flowering trees. Atmospheric lighting with a luminous glowing horizon and misty tranquil waters. Full-bleed edge-to-edge painting, seamless composition, absolutely no borders, no frames, no paper margins, no text, no modern 3D render. Wide 16:10 landscape format with calm, uncluttered left third."
ch_5_23,5,23,The disposition of the stellar sphere represented in the form of a dolphin,शिशुमारचक्रका वर्णन,"Scene from Skandha 5, Chapter 23 (""The disposition of the stellar sphere represented in the form of a dolphin"" / ""शिशुमारचक्रका वर्णन""): A poignant, devotional depiction capturing the divine narrative essence of this chapter. Color palette centered around jade green with jade green and celestial turquoise, concentric sacred mandala realms, verdant meadows. Main sacred figures and spiritual interaction arranged gracefully in the center and right foreground, leaving the left third calm with gentle waters, soft misty horizon, or quiet sky. A sublime classical Indian devotional masterpiece painting, Bengal School of Art and Kangra wash style, delicate tempera and watercolor on fine textured handmade wasli paper. Soft poetic fine-line brushwork, expressive soulful faces with classical Indian beauty, fluid natural drapery folds with subtle gold zari embroidery, lush natural foliage under the gentle shade of ancient flowering trees. Atmospheric lighting with a luminous glowing horizon and misty tranquil waters. Full-bleed edge-to-edge painting, seamless composition, absolutely no borders, no frames, no paper margins, no text, no modern 3D render. Wide 16:10 landscape format with calm, uncluttered left third."
ch_5_24,5,24,"The position of Rāhu etc., and the limits of the heaven like subterranean regions","राहु आदिकी स्थिति, अतलादि नीचेके लोकोंका वर्णन","Scene from Skandha 5, Chapter 24 (""The position of Rāhu etc., and the limits of the heaven like subterranean regions"" / ""राहु आदिकी स्थिति, अतलादि नीचेके लोकोंका वर्णन""): A poignant, devotional depiction capturing the divine narrative essence of this chapter. Color palette centered around jade green with jade green and celestial turquoise, concentric sacred mandala realms, verdant meadows. Main sacred figures and spiritual interaction arranged gracefully in the center and right foreground, leaving the left third calm with gentle waters, soft misty horizon, or quiet sky. A sublime classical Indian devotional masterpiece painting, Bengal School of Art and Kangra wash style, delicate tempera and watercolor on fine textured handmade wasli paper. Soft poetic fine-line brushwork, expressive soulful faces with classical Indian beauty, fluid natural drapery folds with subtle gold zari embroidery, lush natural foliage under the gentle shade of ancient flowering trees. Atmospheric lighting with a luminous glowing horizon and misty tranquil waters. Full-bleed edge-to-edge painting, seamless composition, absolutely no borders, no frames, no paper margins, no text, no modern 3D render. Wide 16:10 landscape format with calm, uncluttered left third."
ch_5_25,5,25,A supplement to the description of the subterranean system,श्रीसङ्कर्षणदेवका विवरण और स्तुति,"Scene from Skandha 5, Chapter 25 (""A supplement to the description of the subterranean system"" / ""श्रीसङ्कर्षणदेवका विवरण और स्तुति""): A poignant, devotional depiction capturing the divine narrative essence of this chapter. Color palette centered around jade green with jade green and celestial turquoise, concentric sacred mandala realms, verdant meadows. Main sacred figures and spiritual interaction arranged gracefully in the center and right foreground, leaving the left third calm with gentle waters, soft misty horizon, or quiet sky. A sublime classical Indian devotional masterpiece painting, Bengal School of Art and Kangra wash style, delicate tempera and watercolor on fine textured handmade wasli paper. Soft poetic fine-line brushwork, expressive soulful faces with classical Indian beauty, fluid natural drapery folds with subtle gold zari embroidery, lush natural foliage under the gentle shade of ancient flowering trees. Atmospheric lighting with a luminous glowing horizon and misty tranquil waters. Full-bleed edge-to-edge painting, seamless composition, absolutely no borders, no frames, no paper margins, no text, no modern 3D render. Wide 16:10 landscape format with calm, uncluttered left third."
ch_5_26,5,26,A description of the infernal regions,नरकोंकी विभिन्न गतियोंका वर्णन,"Scene from Skandha 5, Chapter 26 (""A description of the infernal regions"" / ""नरकोंकी विभिन्न गतियोंका वर्णन""): A poignant, devotional depiction capturing the divine narrative essence of this chapter. Color palette centered around jade green with jade green and celestial turquoise, concentric sacred mandala realms, verdant meadows. Main sacred figures and spiritual interaction arranged gracefully in the center and right foreground, leaving the left third calm with gentle waters, soft misty horizon, or quiet sky. A sublime classical Indian devotional masterpiece painting, Bengal School of Art and Kangra wash style, delicate tempera and watercolor on fine textured handmade wasli paper. Soft poetic fine-line brushwork, expressive soulful faces with classical Indian beauty, fluid natural drapery folds with subtle gold zari embroidery, lush natural foliage under the gentle shade of ancient flowering trees. Atmospheric lighting with a luminous glowing horizon and misty tranquil waters. Full-bleed edge-to-edge painting, seamless composition, absolutely no borders, no frames, no paper margins, no text, no modern 3D render. Wide 16:10 landscape format with calm, uncluttered left third."
ch_6_1,6,1,The Introductory part of the story of Ajāmila,अजामिलोपाख्यानका प्रारम्भ,"Scene from Skandha 6, Chapter 1 (""The Introductory part of the story of Ajāmila"" / ""अजामिलोपाख्यानका प्रारम्भ""): A poignant, devotional depiction capturing the divine narrative essence of this chapter. Color palette centered around deep teal with deep teal and indigo twilight, celestial golden auras, tranquil evening courtyard. Main sacred figures and spiritual interaction arranged gracefully in the center and right foreground, leaving the left third calm with gentle waters, soft misty horizon, or quiet sky. A sublime classical Indian devotional masterpiece painting, Bengal School of Art and Kangra wash style, delicate tempera and watercolor on fine textured handmade wasli paper. Soft poetic fine-line brushwork, expressive soulful faces with classical Indian beauty, fluid natural drapery folds with subtle gold zari embroidery, lush natural foliage under the gentle shade of ancient flowering trees. Atmospheric lighting with a luminous glowing horizon and misty tranquil waters. Full-bleed edge-to-edge painting, seamless composition, absolutely no borders, no frames, no paper margins, no text, no modern 3D render. Wide 16:10 landscape format with calm, uncluttered left third."
ch_6_2,6,2,The messengers of Lord Viṣṇu expound the Bhāgavata Dharma (the cult of Devotion) and Ajāmila ascends to the Lord’s supreme Abode,विष्णुदूतोंद्वारा भागवतधर्म-निरूपण और अजामिलका परमधामगमन,"Scene from Skandha 6, Chapter 2 (""The messengers of Lord Viṣṇu expound the Bhāgavata Dharma (the cult of Devotion) and Ajāmila ascends to the Lord’s supreme Abode"" / ""विष्णुदूतोंद्वारा भागवतधर्म-निरूपण और अजामिलका परमधामगमन""): A poignant, devotional depiction capturing the divine narrative essence of this chapter. Color palette centered around deep teal with deep teal and indigo twilight, celestial golden auras, tranquil evening courtyard. Main sacred figures and spiritual interaction arranged gracefully in the center and right foreground, leaving the left third calm with gentle waters, soft misty horizon, or quiet sky. A sublime classical Indian devotional masterpiece painting, Bengal School of Art and Kangra wash style, delicate tempera and watercolor on fine textured handmade wasli paper. Soft poetic fine-line brushwork, expressive soulful faces with classical Indian beauty, fluid natural drapery folds with subtle gold zari embroidery, lush natural foliage under the gentle shade of ancient flowering trees. Atmospheric lighting with a luminous glowing horizon and misty tranquil waters. Full-bleed edge-to-edge painting, seamless composition, absolutely no borders, no frames, no paper margins, no text, no modern 3D render. Wide 16:10 landscape format with calm, uncluttered left third."
ch_6_3,6,3,A dialogue between Yama (the god of retribution) and his messengers,यम और यमदूतोंका संवाद,"Scene from Skandha 6, Chapter 3 (""A dialogue between Yama (the god of retribution) and his messengers"" / ""यम और यमदूतोंका संवाद""): A poignant, devotional depiction capturing the divine narrative essence of this chapter. Color palette centered around deep teal with deep teal and indigo twilight, celestial golden auras, tranquil evening courtyard. Main sacred figures and spiritual interaction arranged gracefully in the center and right foreground, leaving the left third calm with gentle waters, soft misty horizon, or quiet sky. A sublime classical Indian devotional masterpiece painting, Bengal School of Art and Kangra wash style, delicate tempera and watercolor on fine textured handmade wasli paper. Soft poetic fine-line brushwork, expressive soulful faces with classical Indian beauty, fluid natural drapery folds with subtle gold zari embroidery, lush natural foliage under the gentle shade of ancient flowering trees. Atmospheric lighting with a luminous glowing horizon and misty tranquil waters. Full-bleed edge-to-edge painting, seamless composition, absolutely no borders, no frames, no paper margins, no text, no modern 3D render. Wide 16:10 landscape format with calm, uncluttered left third."
ch_6_4,6,4,Dakṣa extols the Lord who appears in person before him,दक्षके द्वारा भगवान्‌की स्तुति और भगवान्‌का प्रादुर्भाव,"Scene from Skandha 6, Chapter 4 (""Dakṣa extols the Lord who appears in person before him"" / ""दक्षके द्वारा भगवान्‌की स्तुति और भगवान्‌का प्रादुर्भाव""): A poignant, devotional depiction capturing the divine narrative essence of this chapter. Color palette centered around deep teal with deep teal and indigo twilight, celestial golden auras, tranquil evening courtyard. Main sacred figures and spiritual interaction arranged gracefully in the center and right foreground, leaving the left third calm with gentle waters, soft misty horizon, or quiet sky. A sublime classical Indian devotional masterpiece painting, Bengal School of Art and Kangra wash style, delicate tempera and watercolor on fine textured handmade wasli paper. Soft poetic fine-line brushwork, expressive soulful faces with classical Indian beauty, fluid natural drapery folds with subtle gold zari embroidery, lush natural foliage under the gentle shade of ancient flowering trees. Atmospheric lighting with a luminous glowing horizon and misty tranquil waters. Full-bleed edge-to-edge painting, seamless composition, absolutely no borders, no frames, no paper margins, no text, no modern 3D render. Wide 16:10 landscape format with calm, uncluttered left third."
ch_6_5,6,5,Nārada subjected to an execration (by Dakṣa),श्रीनारदजीके उपदेशसे दक्षपुत्रोंकी विरक्ति तथा नारदजीको दक्षका शाप,"Scene from Skandha 6, Chapter 5 (""Nārada subjected to an execration (by Dakṣa)"" / ""श्रीनारदजीके उपदेशसे दक्षपुत्रोंकी विरक्ति तथा नारदजीको दक्षका शाप""): A poignant, devotional depiction capturing the divine narrative essence of this chapter. Color palette centered around deep teal with deep teal and indigo twilight, celestial golden auras, tranquil evening courtyard. Main sacred figures and spiritual interaction arranged gracefully in the center and right foreground, leaving the left third calm with gentle waters, soft misty horizon, or quiet sky. A sublime classical Indian devotional masterpiece painting, Bengal School of Art and Kangra wash style, delicate tempera and watercolor on fine textured handmade wasli paper. Soft poetic fine-line brushwork, expressive soulful faces with classical Indian beauty, fluid natural drapery folds with subtle gold zari embroidery, lush natural foliage under the gentle shade of ancient flowering trees. Atmospheric lighting with a luminous glowing horizon and misty tranquil waters. Full-bleed edge-to-edge painting, seamless composition, absolutely no borders, no frames, no paper margins, no text, no modern 3D render. Wide 16:10 landscape format with calm, uncluttered left third."
ch_6_6,6,6,The posterity of Dakṣa through his sixty daughters,दक्षप्रजापतिकी साठ कन्याओंके वंशका विवरण,"Scene from Skandha 6, Chapter 6 (""The posterity of Dakṣa through his sixty daughters"" / ""दक्षप्रजापतिकी साठ कन्याओंके वंशका विवरण""): A poignant, devotional depiction capturing the divine narrative essence of this chapter. Color palette centered around deep teal with deep teal and indigo twilight, celestial golden auras, tranquil evening courtyard. Main sacred figures and spiritual interaction arranged gracefully in the center and right foreground, leaving the left third calm with gentle waters, soft misty horizon, or quiet sky. A sublime classical Indian devotional masterpiece painting, Bengal School of Art and Kangra wash style, delicate tempera and watercolor on fine textured handmade wasli paper. Soft poetic fine-line brushwork, expressive soulful faces with classical Indian beauty, fluid natural drapery folds with subtle gold zari embroidery, lush natural foliage under the gentle shade of ancient flowering trees. Atmospheric lighting with a luminous glowing horizon and misty tranquil waters. Full-bleed edge-to-edge painting, seamless composition, absolutely no borders, no frames, no paper margins, no text, no modern 3D render. Wide 16:10 landscape format with calm, uncluttered left third."
ch_6_7,6,7,"Deserted by the sage Bṛhaspati, the god choose Viśwarūpa for their preceptor",बृहस्पतिजीके द्वारा देवताओंका त्याग और विश्वरूपका देवगुरुके रूपमें वरण,"Scene from Skandha 6, Chapter 7 (""Deserted by the sage Bṛhaspati, the god choose Viśwarūpa for their preceptor"" / ""बृहस्पतिजीके द्वारा देवताओंका त्याग और विश्वरूपका देवगुरुके रूपमें वरण""): A poignant, devotional depiction capturing the divine narrative essence of this chapter. Color palette centered around deep teal with deep teal and indigo twilight, celestial golden auras, tranquil evening courtyard. Main sacred figures and spiritual interaction arranged gracefully in the center and right foreground, leaving the left third calm with gentle waters, soft misty horizon, or quiet sky. A sublime classical Indian devotional masterpiece painting, Bengal School of Art and Kangra wash style, delicate tempera and watercolor on fine textured handmade wasli paper. Soft poetic fine-line brushwork, expressive soulful faces with classical Indian beauty, fluid natural drapery folds with subtle gold zari embroidery, lush natural foliage under the gentle shade of ancient flowering trees. Atmospheric lighting with a luminous glowing horizon and misty tranquil waters. Full-bleed edge-to-edge painting, seamless composition, absolutely no borders, no frames, no paper margins, no text, no modern 3D render. Wide 16:10 landscape format with calm, uncluttered left third."
ch_6_8,6,8,The text of the holy Nārāyaṇa-Kavaca (a prayer invoking the protection of Lord Nārāyaṇa) taught to Indra,नारायणकवचका उपदेश,"Scene from Skandha 6, Chapter 8 (""The text of the holy Nārāyaṇa-Kavaca (a prayer invoking the protection of Lord Nārāyaṇa) taught to Indra"" / ""नारायणकवचका उपदेश""): A poignant, devotional depiction capturing the divine narrative essence of this chapter. Color palette centered around deep teal with deep teal and indigo twilight, celestial golden auras, tranquil evening courtyard. Main sacred figures and spiritual interaction arranged gracefully in the center and right foreground, leaving the left third calm with gentle waters, soft misty horizon, or quiet sky. A sublime classical Indian devotional masterpiece painting, Bengal School of Art and Kangra wash style, delicate tempera and watercolor on fine textured handmade wasli paper. Soft poetic fine-line brushwork, expressive soulful faces with classical Indian beauty, fluid natural drapery folds with subtle gold zari embroidery, lush natural foliage under the gentle shade of ancient flowering trees. Atmospheric lighting with a luminous glowing horizon and misty tranquil waters. Full-bleed edge-to-edge painting, seamless composition, absolutely no borders, no frames, no paper margins, no text, no modern 3D render. Wide 16:10 landscape format with calm, uncluttered left third."
ch_6_9,6,9,"brother of Viśwarūpa), the gods call on the sage Dadhīci at the instance of the Lord","विश्वरूपका वध, वृत्रासुरद्वारा देवताओंकी हार और भगवान्‌की प्रेरणासे देवताओंका दधीचि ऋषिके पास जाना","Scene from Skandha 6, Chapter 9 (""brother of Viśwarūpa), the gods call on the sage Dadhīci at the instance of the Lord"" / ""विश्वरूपका वध, वृत्रासुरद्वारा देवताओंकी हार और भगवान्‌की प्रेरणासे देवताओंका दधीचि ऋषिके पास जाना""): A poignant, devotional depiction capturing the divine narrative essence of this chapter. Color palette centered around deep teal with deep teal and indigo twilight, celestial golden auras, tranquil evening courtyard. Main sacred figures and spiritual interaction arranged gracefully in the center and right foreground, leaving the left third calm with gentle waters, soft misty horizon, or quiet sky. A sublime classical Indian devotional masterpiece painting, Bengal School of Art and Kangra wash style, delicate tempera and watercolor on fine textured handmade wasli paper. Soft poetic fine-line brushwork, expressive soulful faces with classical Indian beauty, fluid natural drapery folds with subtle gold zari embroidery, lush natural foliage under the gentle shade of ancient flowering trees. Atmospheric lighting with a luminous glowing horizon and misty tranquil waters. Full-bleed edge-to-edge painting, seamless composition, absolutely no borders, no frames, no paper margins, no text, no modern 3D render. Wide 16:10 landscape format with calm, uncluttered left third."
ch_6_10,6,10,An account of the conflict between Indra and Vṛtra,देवताओंद्वारा दधीचि ऋषिकी अस्थियोंसे वज्रनिर्माण और वृत्रासुरकी सेनापर आक्रमण,"Scene from Skandha 6, Chapter 10 (""An account of the conflict between Indra and Vṛtra"" / ""देवताओंद्वारा दधीचि ऋषिकी अस्थियोंसे वज्रनिर्माण और वृत्रासुरकी सेनापर आक्रमण""): A poignant, devotional depiction capturing the divine narrative essence of this chapter. Color palette centered around deep teal with deep teal and indigo twilight, celestial golden auras, tranquil evening courtyard. Main sacred figures and spiritual interaction arranged gracefully in the center and right foreground, leaving the left third calm with gentle waters, soft misty horizon, or quiet sky. A sublime classical Indian devotional masterpiece painting, Bengal School of Art and Kangra wash style, delicate tempera and watercolor on fine textured handmade wasli paper. Soft poetic fine-line brushwork, expressive soulful faces with classical Indian beauty, fluid natural drapery folds with subtle gold zari embroidery, lush natural foliage under the gentle shade of ancient flowering trees. Atmospheric lighting with a luminous glowing horizon and misty tranquil waters. Full-bleed edge-to-edge painting, seamless composition, absolutely no borders, no frames, no paper margins, no text, no modern 3D render. Wide 16:10 landscape format with calm, uncluttered left third."
ch_6_11,6,11,Vṛtra’s teaching to Indra,वृत्रासुरकी वीरवाणी और भगवत्प्राप्ति,"Scene from Skandha 6, Chapter 11 (""Vṛtra’s teaching to Indra"" / ""वृत्रासुरकी वीरवाणी और भगवत्प्राप्ति""): A poignant, devotional depiction capturing the divine narrative essence of this chapter. Color palette centered around deep teal with deep teal and indigo twilight, celestial golden auras, tranquil evening courtyard. Main sacred figures and spiritual interaction arranged gracefully in the center and right foreground, leaving the left third calm with gentle waters, soft misty horizon, or quiet sky. A sublime classical Indian devotional masterpiece painting, Bengal School of Art and Kangra wash style, delicate tempera and watercolor on fine textured handmade wasli paper. Soft poetic fine-line brushwork, expressive soulful faces with classical Indian beauty, fluid natural drapery folds with subtle gold zari embroidery, lush natural foliage under the gentle shade of ancient flowering trees. Atmospheric lighting with a luminous glowing horizon and misty tranquil waters. Full-bleed edge-to-edge painting, seamless composition, absolutely no borders, no frames, no paper margins, no text, no modern 3D render. Wide 16:10 landscape format with calm, uncluttered left third."
ch_6_12,6,12,The demon Vṛtra slain,वृत्रासुरका वध,"Scene from Skandha 6, Chapter 12 (""The demon Vṛtra slain"" / ""वृत्रासुरका वध""): A poignant, devotional depiction capturing the divine narrative essence of this chapter. Color palette centered around deep teal with deep teal and indigo twilight, celestial golden auras, tranquil evening courtyard. Main sacred figures and spiritual interaction arranged gracefully in the center and right foreground, leaving the left third calm with gentle waters, soft misty horizon, or quiet sky. A sublime classical Indian devotional masterpiece painting, Bengal School of Art and Kangra wash style, delicate tempera and watercolor on fine textured handmade wasli paper. Soft poetic fine-line brushwork, expressive soulful faces with classical Indian beauty, fluid natural drapery folds with subtle gold zari embroidery, lush natural foliage under the gentle shade of ancient flowering trees. Atmospheric lighting with a luminous glowing horizon and misty tranquil waters. Full-bleed edge-to-edge painting, seamless composition, absolutely no borders, no frames, no paper margins, no text, no modern 3D render. Wide 16:10 landscape format with calm, uncluttered left third."
ch_6_13,6,13,Indra’s Victory,इन्द्रपर ब्रह्महत्याका आक्रमण,"Scene from Skandha 6, Chapter 13 (""Indra’s Victory"" / ""इन्द्रपर ब्रह्महत्याका आक्रमण""): A poignant, devotional depiction capturing the divine narrative essence of this chapter. Color palette centered around deep teal with deep teal and indigo twilight, celestial golden auras, tranquil evening courtyard. Main sacred figures and spiritual interaction arranged gracefully in the center and right foreground, leaving the left third calm with gentle waters, soft misty horizon, or quiet sky. A sublime classical Indian devotional masterpiece painting, Bengal School of Art and Kangra wash style, delicate tempera and watercolor on fine textured handmade wasli paper. Soft poetic fine-line brushwork, expressive soulful faces with classical Indian beauty, fluid natural drapery folds with subtle gold zari embroidery, lush natural foliage under the gentle shade of ancient flowering trees. Atmospheric lighting with a luminous glowing horizon and misty tranquil waters. Full-bleed edge-to-edge painting, seamless composition, absolutely no borders, no frames, no paper margins, no text, no modern 3D render. Wide 16:10 landscape format with calm, uncluttered left third."
ch_6_14,6,14,The Lament of Citraketu,वृत्रासुरका पूर्वचरित्र,"Scene from Skandha 6, Chapter 14 (""The Lament of Citraketu"" / ""वृत्रासुरका पूर्वचरित्र""): A poignant, devotional depiction capturing the divine narrative essence of this chapter. Color palette centered around deep teal with deep teal and indigo twilight, celestial golden auras, tranquil evening courtyard. Main sacred figures and spiritual interaction arranged gracefully in the center and right foreground, leaving the left third calm with gentle waters, soft misty horizon, or quiet sky. A sublime classical Indian devotional masterpiece painting, Bengal School of Art and Kangra wash style, delicate tempera and watercolor on fine textured handmade wasli paper. Soft poetic fine-line brushwork, expressive soulful faces with classical Indian beauty, fluid natural drapery folds with subtle gold zari embroidery, lush natural foliage under the gentle shade of ancient flowering trees. Atmospheric lighting with a luminous glowing horizon and misty tranquil waters. Full-bleed edge-to-edge painting, seamless composition, absolutely no borders, no frames, no paper margins, no text, no modern 3D render. Wide 16:10 landscape format with calm, uncluttered left third."
ch_6_15,6,15,Citraketu consoled,चित्रकेतुको अंगिरा और नारदजीका उपदेश,"Scene from Skandha 6, Chapter 15 (""Citraketu consoled"" / ""चित्रकेतुको अंगिरा और नारदजीका उपदेश""): A poignant, devotional depiction capturing the divine narrative essence of this chapter. Color palette centered around deep teal with deep teal and indigo twilight, celestial golden auras, tranquil evening courtyard. Main sacred figures and spiritual interaction arranged gracefully in the center and right foreground, leaving the left third calm with gentle waters, soft misty horizon, or quiet sky. A sublime classical Indian devotional masterpiece painting, Bengal School of Art and Kangra wash style, delicate tempera and watercolor on fine textured handmade wasli paper. Soft poetic fine-line brushwork, expressive soulful faces with classical Indian beauty, fluid natural drapery folds with subtle gold zari embroidery, lush natural foliage under the gentle shade of ancient flowering trees. Atmospheric lighting with a luminous glowing horizon and misty tranquil waters. Full-bleed edge-to-edge painting, seamless composition, absolutely no borders, no frames, no paper margins, no text, no modern 3D render. Wide 16:10 landscape format with calm, uncluttered left third."
ch_6_16,6,16,Citraketu realizes his oneness with the Supreme Spirit,चित्रकेतुका वैराग्य तथा संकर्षणदेवके दर्शन,"Scene from Skandha 6, Chapter 16 (""Citraketu realizes his oneness with the Supreme Spirit"" / ""चित्रकेतुका वैराग्य तथा संकर्षणदेवके दर्शन""): A poignant, devotional depiction capturing the divine narrative essence of this chapter. Color palette centered around deep teal with deep teal and indigo twilight, celestial golden auras, tranquil evening courtyard. Main sacred figures and spiritual interaction arranged gracefully in the center and right foreground, leaving the left third calm with gentle waters, soft misty horizon, or quiet sky. A sublime classical Indian devotional masterpiece painting, Bengal School of Art and Kangra wash style, delicate tempera and watercolor on fine textured handmade wasli paper. Soft poetic fine-line brushwork, expressive soulful faces with classical Indian beauty, fluid natural drapery folds with subtle gold zari embroidery, lush natural foliage under the gentle shade of ancient flowering trees. Atmospheric lighting with a luminous glowing horizon and misty tranquil waters. Full-bleed edge-to-edge painting, seamless composition, absolutely no borders, no frames, no paper margins, no text, no modern 3D render. Wide 16:10 landscape format with calm, uncluttered left third."
ch_6_17,6,17,Citraketu cursed (by Goddess Pārvatī),चित्रकेतुको पार्वतीजीका शाप,"Scene from Skandha 6, Chapter 17 (""Citraketu cursed (by Goddess Pārvatī)"" / ""चित्रकेतुको पार्वतीजीका शाप""): A poignant, devotional depiction capturing the divine narrative essence of this chapter. Color palette centered around deep teal with deep teal and indigo twilight, celestial golden auras, tranquil evening courtyard. Main sacred figures and spiritual interaction arranged gracefully in the center and right foreground, leaving the left third calm with gentle waters, soft misty horizon, or quiet sky. A sublime classical Indian devotional masterpiece painting, Bengal School of Art and Kangra wash style, delicate tempera and watercolor on fine textured handmade wasli paper. Soft poetic fine-line brushwork, expressive soulful faces with classical Indian beauty, fluid natural drapery folds with subtle gold zari embroidery, lush natural foliage under the gentle shade of ancient flowering trees. Atmospheric lighting with a luminous glowing horizon and misty tranquil waters. Full-bleed edge-to-edge painting, seamless composition, absolutely no borders, no frames, no paper margins, no text, no modern 3D render. Wide 16:10 landscape format with calm, uncluttered left third."
ch_6_18,6,18,An account of the birth of the Maruts (the forty-nine wind-gods),अदिति और दितिकी सन्तानोंकी तथा मरुद्‌गणोंकी उत्पत्तिका वर्णन,"Scene from Skandha 6, Chapter 18 (""An account of the birth of the Maruts (the forty-nine wind-gods)"" / ""अदिति और दितिकी सन्तानोंकी तथा मरुद्‌गणोंकी उत्पत्तिका वर्णन""): A poignant, devotional depiction capturing the divine narrative essence of this chapter. Color palette centered around deep teal with deep teal and indigo twilight, celestial golden auras, tranquil evening courtyard. Main sacred figures and spiritual interaction arranged gracefully in the center and right foreground, leaving the left third calm with gentle waters, soft misty horizon, or quiet sky. A sublime classical Indian devotional masterpiece painting, Bengal School of Art and Kangra wash style, delicate tempera and watercolor on fine textured handmade wasli paper. Soft poetic fine-line brushwork, expressive soulful faces with classical Indian beauty, fluid natural drapery folds with subtle gold zari embroidery, lush natural foliage under the gentle shade of ancient flowering trees. Atmospheric lighting with a luminous glowing horizon and misty tranquil waters. Full-bleed edge-to-edge painting, seamless composition, absolutely no borders, no frames, no paper margins, no text, no modern 3D render. Wide 16:10 landscape format with calm, uncluttered left third."
ch_6_19,6,19,The procedure of observing the sacred vow of Puṃsavana,पुंसवन-व्रतकी विधि,"Scene from Skandha 6, Chapter 19 (""The procedure of observing the sacred vow of Puṃsavana"" / ""पुंसवन-व्रतकी विधि""): A poignant, devotional depiction capturing the divine narrative essence of this chapter. Color palette centered around deep teal with deep teal and indigo twilight, celestial golden auras, tranquil evening courtyard. Main sacred figures and spiritual interaction arranged gracefully in the center and right foreground, leaving the left third calm with gentle waters, soft misty horizon, or quiet sky. A sublime classical Indian devotional masterpiece painting, Bengal School of Art and Kangra wash style, delicate tempera and watercolor on fine textured handmade wasli paper. Soft poetic fine-line brushwork, expressive soulful faces with classical Indian beauty, fluid natural drapery folds with subtle gold zari embroidery, lush natural foliage under the gentle shade of ancient flowering trees. Atmospheric lighting with a luminous glowing horizon and misty tranquil waters. Full-bleed edge-to-edge painting, seamless composition, absolutely no borders, no frames, no paper margins, no text, no modern 3D render. Wide 16:10 landscape format with calm, uncluttered left third."
ch_7_1,7,1,A dialogue between Nārada and Yudhiṣṭhira: the story of Jaya and Vijaya,नारद-युधिष्ठिर-संवाद और जय-विजयकी कथा,"Scene from Skandha 7, Chapter 1 (""A dialogue between Nārada and Yudhiṣṭhira: the story of Jaya and Vijaya"" / ""नारद-युधिष्ठिर-संवाद और जय-विजयकी कथा""): A poignant, devotional depiction capturing the divine narrative essence of this chapter. Color palette centered around vermilion with vermilion and cinnabar sunset warmth, palace pillar, protective divine golden radiance. Main sacred figures and spiritual interaction arranged gracefully in the center and right foreground, leaving the left third calm with gentle waters, soft misty horizon, or quiet sky. A sublime classical Indian devotional masterpiece painting, Bengal School of Art and Kangra wash style, delicate tempera and watercolor on fine textured handmade wasli paper. Soft poetic fine-line brushwork, expressive soulful faces with classical Indian beauty, fluid natural drapery folds with subtle gold zari embroidery, lush natural foliage under the gentle shade of ancient flowering trees. Atmospheric lighting with a luminous glowing horizon and misty tranquil waters. Full-bleed edge-to-edge painting, seamless composition, absolutely no borders, no frames, no paper margins, no text, no modern 3D render. Wide 16:10 landscape format with calm, uncluttered left third."
ch_7_2,7,2,"Hiraṇyakaśipu rids his mother (Diti) of her grief (caused by the death of his younger brother, Hiraṇyākṣa)",हिरण्याक्षका वध होनेपर हिरण्यकशिपुका अपनी माता और कुटुम्बियोंको समझाना,"Scene from Skandha 7, Chapter 2 (""Hiraṇyakaśipu rids his mother (Diti) of her grief (caused by the death of his younger brother, Hiraṇyākṣa)"" / ""हिरण्याक्षका वध होनेपर हिरण्यकशिपुका अपनी माता और कुटुम्बियोंको समझाना""): A poignant, devotional depiction capturing the divine narrative essence of this chapter. Color palette centered around vermilion with vermilion and cinnabar sunset warmth, palace pillar, protective divine golden radiance. Main sacred figures and spiritual interaction arranged gracefully in the center and right foreground, leaving the left third calm with gentle waters, soft misty horizon, or quiet sky. A sublime classical Indian devotional masterpiece painting, Bengal School of Art and Kangra wash style, delicate tempera and watercolor on fine textured handmade wasli paper. Soft poetic fine-line brushwork, expressive soulful faces with classical Indian beauty, fluid natural drapery folds with subtle gold zari embroidery, lush natural foliage under the gentle shade of ancient flowering trees. Atmospheric lighting with a luminous glowing horizon and misty tranquil waters. Full-bleed edge-to-edge painting, seamless composition, absolutely no borders, no frames, no paper margins, no text, no modern 3D render. Wide 16:10 landscape format with calm, uncluttered left third."
ch_7_3,7,3,"Hiraṇyakaśipu asks a number of boons (of Brahmā, who is pleased with his austerities)",हिरण्यकशिपुकी तपस्या और वरप्राप्ति,"Scene from Skandha 7, Chapter 3 (""Hiraṇyakaśipu asks a number of boons (of Brahmā, who is pleased with his austerities)"" / ""हिरण्यकशिपुकी तपस्या और वरप्राप्ति""): A poignant, devotional depiction capturing the divine narrative essence of this chapter. Color palette centered around vermilion with vermilion and cinnabar sunset warmth, palace pillar, protective divine golden radiance. Main sacred figures and spiritual interaction arranged gracefully in the center and right foreground, leaving the left third calm with gentle waters, soft misty horizon, or quiet sky. A sublime classical Indian devotional masterpiece painting, Bengal School of Art and Kangra wash style, delicate tempera and watercolor on fine textured handmade wasli paper. Soft poetic fine-line brushwork, expressive soulful faces with classical Indian beauty, fluid natural drapery folds with subtle gold zari embroidery, lush natural foliage under the gentle shade of ancient flowering trees. Atmospheric lighting with a luminous glowing horizon and misty tranquil waters. Full-bleed edge-to-edge painting, seamless composition, absolutely no borders, no frames, no paper margins, no text, no modern 3D render. Wide 16:10 landscape format with calm, uncluttered left third."
ch_7_4,7,4,Hiraṇyakaśipu’s atrocities and Prahrāda’s virtues recounted,हिरण्यकशिपुके अत्याचार और प्रह्लादके गुणोंका वर्णन,"Scene from Skandha 7, Chapter 4 (""Hiraṇyakaśipu’s atrocities and Prahrāda’s virtues recounted"" / ""हिरण्यकशिपुके अत्याचार और प्रह्लादके गुणोंका वर्णन""): A poignant, devotional depiction capturing the divine narrative essence of this chapter. Color palette centered around vermilion with vermilion and cinnabar sunset warmth, palace pillar, protective divine golden radiance. Main sacred figures and spiritual interaction arranged gracefully in the center and right foreground, leaving the left third calm with gentle waters, soft misty horizon, or quiet sky. A sublime classical Indian devotional masterpiece painting, Bengal School of Art and Kangra wash style, delicate tempera and watercolor on fine textured handmade wasli paper. Soft poetic fine-line brushwork, expressive soulful faces with classical Indian beauty, fluid natural drapery folds with subtle gold zari embroidery, lush natural foliage under the gentle shade of ancient flowering trees. Atmospheric lighting with a luminous glowing horizon and misty tranquil waters. Full-bleed edge-to-edge painting, seamless composition, absolutely no borders, no frames, no paper margins, no text, no modern 3D render. Wide 16:10 landscape format with calm, uncluttered left third."
ch_7_5,7,5,Hiraṇyakaśipu attempts the life of Prahrāda,हिरण्यकशिपुके द्वारा प्रह्लादजीके वधका प्रयत्न,"Scene from Skandha 7, Chapter 5 (""Hiraṇyakaśipu attempts the life of Prahrāda"" / ""हिरण्यकशिपुके द्वारा प्रह्लादजीके वधका प्रयत्न""): A poignant, devotional depiction capturing the divine narrative essence of this chapter. Color palette centered around vermilion with vermilion and cinnabar sunset warmth, palace pillar, protective divine golden radiance. Main sacred figures and spiritual interaction arranged gracefully in the center and right foreground, leaving the left third calm with gentle waters, soft misty horizon, or quiet sky. A sublime classical Indian devotional masterpiece painting, Bengal School of Art and Kangra wash style, delicate tempera and watercolor on fine textured handmade wasli paper. Soft poetic fine-line brushwork, expressive soulful faces with classical Indian beauty, fluid natural drapery folds with subtle gold zari embroidery, lush natural foliage under the gentle shade of ancient flowering trees. Atmospheric lighting with a luminous glowing horizon and misty tranquil waters. Full-bleed edge-to-edge painting, seamless composition, absolutely no borders, no frames, no paper margins, no text, no modern 3D render. Wide 16:10 landscape format with calm, uncluttered left third."
ch_7_6,7,6,Prahrāda’s teaching to the demon boys,प्रह्लादजीका असुर-बालकोंको उपदेश,"Scene from Skandha 7, Chapter 6 (""Prahrāda’s teaching to the demon boys"" / ""प्रह्लादजीका असुर-बालकोंको उपदेश""): A poignant, devotional depiction capturing the divine narrative essence of this chapter. Color palette centered around vermilion with vermilion and cinnabar sunset warmth, palace pillar, protective divine golden radiance. Main sacred figures and spiritual interaction arranged gracefully in the center and right foreground, leaving the left third calm with gentle waters, soft misty horizon, or quiet sky. A sublime classical Indian devotional masterpiece painting, Bengal School of Art and Kangra wash style, delicate tempera and watercolor on fine textured handmade wasli paper. Soft poetic fine-line brushwork, expressive soulful faces with classical Indian beauty, fluid natural drapery folds with subtle gold zari embroidery, lush natural foliage under the gentle shade of ancient flowering trees. Atmospheric lighting with a luminous glowing horizon and misty tranquil waters. Full-bleed edge-to-edge painting, seamless composition, absolutely no borders, no frames, no paper margins, no text, no modern 3D render. Wide 16:10 landscape format with calm, uncluttered left third."
ch_7_7,7,7,(Prahrāda’s) teaching to the Daityas’ sons,प्रह्लादजीद्वारा माताके गर्भमें प्राप्त हुए नारदजीके उपदेशका वर्णन,"Scene from Skandha 7, Chapter 7 (""(Prahrāda’s) teaching to the Daityas’ sons"" / ""प्रह्लादजीद्वारा माताके गर्भमें प्राप्त हुए नारदजीके उपदेशका वर्णन""): A poignant, devotional depiction capturing the divine narrative essence of this chapter. Color palette centered around vermilion with vermilion and cinnabar sunset warmth, palace pillar, protective divine golden radiance. Main sacred figures and spiritual interaction arranged gracefully in the center and right foreground, leaving the left third calm with gentle waters, soft misty horizon, or quiet sky. A sublime classical Indian devotional masterpiece painting, Bengal School of Art and Kangra wash style, delicate tempera and watercolor on fine textured handmade wasli paper. Soft poetic fine-line brushwork, expressive soulful faces with classical Indian beauty, fluid natural drapery folds with subtle gold zari embroidery, lush natural foliage under the gentle shade of ancient flowering trees. Atmospheric lighting with a luminous glowing horizon and misty tranquil waters. Full-bleed edge-to-edge painting, seamless composition, absolutely no borders, no frames, no paper margins, no text, no modern 3D render. Wide 16:10 landscape format with calm, uncluttered left third."
ch_7_8,7,8,Lord Nṛsiṃha extolled on the death of the demon king (at His hands),"नृसिंहभगवान्‌का प्रादुर्भाव, हिरण्यकशिपुका वध एवं ब्रह्मादि देवताओंद्वारा भगवान्‌की स्तुति","Scene from Skandha 7, Chapter 8 (""Lord Nṛsiṃha extolled on the death of the demon king (at His hands)"" / ""नृसिंहभगवान्‌का प्रादुर्भाव, हिरण्यकशिपुका वध एवं ब्रह्मादि देवताओंद्वारा भगवान्‌की स्तुति""): A poignant, devotional depiction capturing the divine narrative essence of this chapter. Color palette centered around vermilion with vermilion and cinnabar sunset warmth, palace pillar, protective divine golden radiance. Main sacred figures and spiritual interaction arranged gracefully in the center and right foreground, leaving the left third calm with gentle waters, soft misty horizon, or quiet sky. A sublime classical Indian devotional masterpiece painting, Bengal School of Art and Kangra wash style, delicate tempera and watercolor on fine textured handmade wasli paper. Soft poetic fine-line brushwork, expressive soulful faces with classical Indian beauty, fluid natural drapery folds with subtle gold zari embroidery, lush natural foliage under the gentle shade of ancient flowering trees. Atmospheric lighting with a luminous glowing horizon and misty tranquil waters. Full-bleed edge-to-edge painting, seamless composition, absolutely no borders, no frames, no paper margins, no text, no modern 3D render. Wide 16:10 landscape format with calm, uncluttered left third."
ch_7_9,7,9,A Eulogy of the Lord (by Prahrāda),प्रह्लादजीके द्वारा नृसिंहभगवान्‌की स्तुति,"Scene from Skandha 7, Chapter 9 (""A Eulogy of the Lord (by Prahrāda)"" / ""प्रह्लादजीके द्वारा नृसिंहभगवान्‌की स्तुति""): A poignant, devotional depiction capturing the divine narrative essence of this chapter. Color palette centered around vermilion with vermilion and cinnabar sunset warmth, palace pillar, protective divine golden radiance. Main sacred figures and spiritual interaction arranged gracefully in the center and right foreground, leaving the left third calm with gentle waters, soft misty horizon, or quiet sky. A sublime classical Indian devotional masterpiece painting, Bengal School of Art and Kangra wash style, delicate tempera and watercolor on fine textured handmade wasli paper. Soft poetic fine-line brushwork, expressive soulful faces with classical Indian beauty, fluid natural drapery folds with subtle gold zari embroidery, lush natural foliage under the gentle shade of ancient flowering trees. Atmospheric lighting with a luminous glowing horizon and misty tranquil waters. Full-bleed edge-to-edge painting, seamless composition, absolutely no borders, no frames, no paper margins, no text, no modern 3D render. Wide 16:10 landscape format with calm, uncluttered left third."
ch_7_10,7,10,The story of the conquest of Tripura,प्रह्लादजीके राज्याभिषेक और त्रिपुरदहनकी कथा,"Scene from Skandha 7, Chapter 10 (""The story of the conquest of Tripura"" / ""प्रह्लादजीके राज्याभिषेक और त्रिपुरदहनकी कथा""): A poignant, devotional depiction capturing the divine narrative essence of this chapter. Color palette centered around vermilion with vermilion and cinnabar sunset warmth, palace pillar, protective divine golden radiance. Main sacred figures and spiritual interaction arranged gracefully in the center and right foreground, leaving the left third calm with gentle waters, soft misty horizon, or quiet sky. A sublime classical Indian devotional masterpiece painting, Bengal School of Art and Kangra wash style, delicate tempera and watercolor on fine textured handmade wasli paper. Soft poetic fine-line brushwork, expressive soulful faces with classical Indian beauty, fluid natural drapery folds with subtle gold zari embroidery, lush natural foliage under the gentle shade of ancient flowering trees. Atmospheric lighting with a luminous glowing horizon and misty tranquil waters. Full-bleed edge-to-edge painting, seamless composition, absolutely no borders, no frames, no paper margins, no text, no modern 3D render. Wide 16:10 landscape format with calm, uncluttered left third."
ch_7_11,7,11,An inquiry into right conduct,"मानवधर्म, वर्णधर्म और स्त्रीधर्मका निरूपण","Scene from Skandha 7, Chapter 11 (""An inquiry into right conduct"" / ""मानवधर्म, वर्णधर्म और स्त्रीधर्मका निरूपण""): A poignant, devotional depiction capturing the divine narrative essence of this chapter. Color palette centered around vermilion with vermilion and cinnabar sunset warmth, palace pillar, protective divine golden radiance. Main sacred figures and spiritual interaction arranged gracefully in the center and right foreground, leaving the left third calm with gentle waters, soft misty horizon, or quiet sky. A sublime classical Indian devotional masterpiece painting, Bengal School of Art and Kangra wash style, delicate tempera and watercolor on fine textured handmade wasli paper. Soft poetic fine-line brushwork, expressive soulful faces with classical Indian beauty, fluid natural drapery folds with subtle gold zari embroidery, lush natural foliage under the gentle shade of ancient flowering trees. Atmospheric lighting with a luminous glowing horizon and misty tranquil waters. Full-bleed edge-to-edge painting, seamless composition, absolutely no borders, no frames, no paper margins, no text, no modern 3D render. Wide 16:10 landscape format with calm, uncluttered left third."
ch_7_12,7,12,An inquiry into right conduct (continued),ब्रह्मचर्य और वानप्रस्थआश्रमोंके नियम,"Scene from Skandha 7, Chapter 12 (""An inquiry into right conduct (continued)"" / ""ब्रह्मचर्य और वानप्रस्थआश्रमोंके नियम""): A poignant, devotional depiction capturing the divine narrative essence of this chapter. Color palette centered around vermilion with vermilion and cinnabar sunset warmth, palace pillar, protective divine golden radiance. Main sacred figures and spiritual interaction arranged gracefully in the center and right foreground, leaving the left third calm with gentle waters, soft misty horizon, or quiet sky. A sublime classical Indian devotional masterpiece painting, Bengal School of Art and Kangra wash style, delicate tempera and watercolor on fine textured handmade wasli paper. Soft poetic fine-line brushwork, expressive soulful faces with classical Indian beauty, fluid natural drapery folds with subtle gold zari embroidery, lush natural foliage under the gentle shade of ancient flowering trees. Atmospheric lighting with a luminous glowing horizon and misty tranquil waters. Full-bleed edge-to-edge painting, seamless composition, absolutely no borders, no frames, no paper margins, no text, no modern 3D render. Wide 16:10 landscape format with calm, uncluttered left third."
ch_7_13,7,13,The course of conduct prescribed for a Saṃnyāsī and a dialogue between an Avadhūta and Prahrāda,यतिधर्मका निरूपण और अवधूत-प्रह्लाद-संवाद,"Scene from Skandha 7, Chapter 13 (""The course of conduct prescribed for a Saṃnyāsī and a dialogue between an Avadhūta and Prahrāda"" / ""यतिधर्मका निरूपण और अवधूत-प्रह्लाद-संवाद""): A poignant, devotional depiction capturing the divine narrative essence of this chapter. Color palette centered around vermilion with vermilion and cinnabar sunset warmth, palace pillar, protective divine golden radiance. Main sacred figures and spiritual interaction arranged gracefully in the center and right foreground, leaving the left third calm with gentle waters, soft misty horizon, or quiet sky. A sublime classical Indian devotional masterpiece painting, Bengal School of Art and Kangra wash style, delicate tempera and watercolor on fine textured handmade wasli paper. Soft poetic fine-line brushwork, expressive soulful faces with classical Indian beauty, fluid natural drapery folds with subtle gold zari embroidery, lush natural foliage under the gentle shade of ancient flowering trees. Atmospheric lighting with a luminous glowing horizon and misty tranquil waters. Full-bleed edge-to-edge painting, seamless composition, absolutely no borders, no frames, no paper margins, no text, no modern 3D render. Wide 16:10 landscape format with calm, uncluttered left third."
ch_7_14,7,14,An inquiry into right conduct (continued),गृहस्थसम्बन्धी सदाचार,"Scene from Skandha 7, Chapter 14 (""An inquiry into right conduct (continued)"" / ""गृहस्थसम्बन्धी सदाचार""): A poignant, devotional depiction capturing the divine narrative essence of this chapter. Color palette centered around vermilion with vermilion and cinnabar sunset warmth, palace pillar, protective divine golden radiance. Main sacred figures and spiritual interaction arranged gracefully in the center and right foreground, leaving the left third calm with gentle waters, soft misty horizon, or quiet sky. A sublime classical Indian devotional masterpiece painting, Bengal School of Art and Kangra wash style, delicate tempera and watercolor on fine textured handmade wasli paper. Soft poetic fine-line brushwork, expressive soulful faces with classical Indian beauty, fluid natural drapery folds with subtle gold zari embroidery, lush natural foliage under the gentle shade of ancient flowering trees. Atmospheric lighting with a luminous glowing horizon and misty tranquil waters. Full-bleed edge-to-edge painting, seamless composition, absolutely no borders, no frames, no paper margins, no text, no modern 3D render. Wide 16:10 landscape format with calm, uncluttered left third."
ch_7_15,7,15,An inquiry into right conduct (concluded),गृहस्थोंके लिये मोक्षधर्मका वर्णन,"Scene from Skandha 7, Chapter 15 (""An inquiry into right conduct (concluded)"" / ""गृहस्थोंके लिये मोक्षधर्मका वर्णन""): A poignant, devotional depiction capturing the divine narrative essence of this chapter. Color palette centered around vermilion with vermilion and cinnabar sunset warmth, palace pillar, protective divine golden radiance. Main sacred figures and spiritual interaction arranged gracefully in the center and right foreground, leaving the left third calm with gentle waters, soft misty horizon, or quiet sky. A sublime classical Indian devotional masterpiece painting, Bengal School of Art and Kangra wash style, delicate tempera and watercolor on fine textured handmade wasli paper. Soft poetic fine-line brushwork, expressive soulful faces with classical Indian beauty, fluid natural drapery folds with subtle gold zari embroidery, lush natural foliage under the gentle shade of ancient flowering trees. Atmospheric lighting with a luminous glowing horizon and misty tranquil waters. Full-bleed edge-to-edge painting, seamless composition, absolutely no borders, no frames, no paper margins, no text, no modern 3D render. Wide 16:10 landscape format with calm, uncluttered left third."
ch_8_1,8,1,The Manvantaras described,मन्वन्तरोंका वर्णन,"Scene from Skandha 8, Chapter 1 (""The Manvantaras described"" / ""मन्वन्तरोंका वर्णन""): A poignant, devotional depiction capturing the divine narrative essence of this chapter. Color palette centered around deep ocean blue with deep lapis lazuli and sea-green ocean depths, pearl-white froth, golden amrita pot. Main sacred figures and spiritual interaction arranged gracefully in the center and right foreground, leaving the left third calm with gentle waters, soft misty horizon, or quiet sky. A sublime classical Indian devotional masterpiece painting, Bengal School of Art and Kangra wash style, delicate tempera and watercolor on fine textured handmade wasli paper. Soft poetic fine-line brushwork, expressive soulful faces with classical Indian beauty, fluid natural drapery folds with subtle gold zari embroidery, lush natural foliage under the gentle shade of ancient flowering trees. Atmospheric lighting with a luminous glowing horizon and misty tranquil waters. Full-bleed edge-to-edge painting, seamless composition, absolutely no borders, no frames, no paper margins, no text, no modern 3D render. Wide 16:10 landscape format with calm, uncluttered left third."
ch_8_2,8,2,The lord of elephants is caught in the grip of an alligator,ग्राहके द्वारा गजेन्द्रका पकड़ा जाना,"Scene from Skandha 8, Chapter 2 (""The lord of elephants is caught in the grip of an alligator"" / ""ग्राहके द्वारा गजेन्द्रका पकड़ा जाना""): A poignant, devotional depiction capturing the divine narrative essence of this chapter. Color palette centered around deep ocean blue with deep lapis lazuli and sea-green ocean depths, pearl-white froth, golden amrita pot. Main sacred figures and spiritual interaction arranged gracefully in the center and right foreground, leaving the left third calm with gentle waters, soft misty horizon, or quiet sky. A sublime classical Indian devotional masterpiece painting, Bengal School of Art and Kangra wash style, delicate tempera and watercolor on fine textured handmade wasli paper. Soft poetic fine-line brushwork, expressive soulful faces with classical Indian beauty, fluid natural drapery folds with subtle gold zari embroidery, lush natural foliage under the gentle shade of ancient flowering trees. Atmospheric lighting with a luminous glowing horizon and misty tranquil waters. Full-bleed edge-to-edge painting, seamless composition, absolutely no borders, no frames, no paper margins, no text, no modern 3D render. Wide 16:10 landscape format with calm, uncluttered left third."
ch_8_3,8,3,The leader of the elephants extols the Lord and is rescued from the dangerous situation,गजेन्द्रके द्वारा भगवान्‌की स्तुति और उसका संकटसे मुक्त होना,"Scene from Skandha 8, Chapter 3 (""The leader of the elephants extols the Lord and is rescued from the dangerous situation"" / ""गजेन्द्रके द्वारा भगवान्‌की स्तुति और उसका संकटसे मुक्त होना""): A poignant, devotional depiction capturing the divine narrative essence of this chapter. Color palette centered around deep ocean blue with deep lapis lazuli and sea-green ocean depths, pearl-white froth, golden amrita pot. Main sacred figures and spiritual interaction arranged gracefully in the center and right foreground, leaving the left third calm with gentle waters, soft misty horizon, or quiet sky. A sublime classical Indian devotional masterpiece painting, Bengal School of Art and Kangra wash style, delicate tempera and watercolor on fine textured handmade wasli paper. Soft poetic fine-line brushwork, expressive soulful faces with classical Indian beauty, fluid natural drapery folds with subtle gold zari embroidery, lush natural foliage under the gentle shade of ancient flowering trees. Atmospheric lighting with a luminous glowing horizon and misty tranquil waters. Full-bleed edge-to-edge painting, seamless composition, absolutely no borders, no frames, no paper margins, no text, no modern 3D render. Wide 16:10 landscape format with calm, uncluttered left third."
ch_8_4,8,4,Deliverance of the lord of the elephants,गज और ग्राहका पूर्वचरित्र तथा उनका उद्धार,"Scene from Skandha 8, Chapter 4 (""Deliverance of the lord of the elephants"" / ""गज और ग्राहका पूर्वचरित्र तथा उनका उद्धार""): A poignant, devotional depiction capturing the divine narrative essence of this chapter. Color palette centered around deep ocean blue with deep lapis lazuli and sea-green ocean depths, pearl-white froth, golden amrita pot. Main sacred figures and spiritual interaction arranged gracefully in the center and right foreground, leaving the left third calm with gentle waters, soft misty horizon, or quiet sky. A sublime classical Indian devotional masterpiece painting, Bengal School of Art and Kangra wash style, delicate tempera and watercolor on fine textured handmade wasli paper. Soft poetic fine-line brushwork, expressive soulful faces with classical Indian beauty, fluid natural drapery folds with subtle gold zari embroidery, lush natural foliage under the gentle shade of ancient flowering trees. Atmospheric lighting with a luminous glowing horizon and misty tranquil waters. Full-bleed edge-to-edge painting, seamless composition, absolutely no borders, no frames, no paper margins, no text, no modern 3D render. Wide 16:10 landscape format with calm, uncluttered left third."
ch_8_5,8,5,The gods resort to Brahmā and the latter glorifies the Lord,देवताओंका ब्रह्माजीके पास जाना और ब्रह्माकृत भगवान्‌की स्तुति,"Scene from Skandha 8, Chapter 5 (""The gods resort to Brahmā and the latter glorifies the Lord"" / ""देवताओंका ब्रह्माजीके पास जाना और ब्रह्माकृत भगवान्‌की स्तुति""): A poignant, devotional depiction capturing the divine narrative essence of this chapter. Color palette centered around deep ocean blue with deep lapis lazuli and sea-green ocean depths, pearl-white froth, golden amrita pot. Main sacred figures and spiritual interaction arranged gracefully in the center and right foreground, leaving the left third calm with gentle waters, soft misty horizon, or quiet sky. A sublime classical Indian devotional masterpiece painting, Bengal School of Art and Kangra wash style, delicate tempera and watercolor on fine textured handmade wasli paper. Soft poetic fine-line brushwork, expressive soulful faces with classical Indian beauty, fluid natural drapery folds with subtle gold zari embroidery, lush natural foliage under the gentle shade of ancient flowering trees. Atmospheric lighting with a luminous glowing horizon and misty tranquil waters. Full-bleed edge-to-edge painting, seamless composition, absolutely no borders, no frames, no paper margins, no text, no modern 3D render. Wide 16:10 landscape format with calm, uncluttered left third."
ch_8_6,8,6,Transportation of Mount Mandara (to serve as a churn-staff for stirring the ocean of milk),देवताओं और दैत्योंका मिलकर समुद्रमन्थनके लिये उद्योग करना,"Scene from Skandha 8, Chapter 6 (""Transportation of Mount Mandara (to serve as a churn-staff for stirring the ocean of milk)"" / ""देवताओं और दैत्योंका मिलकर समुद्रमन्थनके लिये उद्योग करना""): A poignant, devotional depiction capturing the divine narrative essence of this chapter. Color palette centered around deep ocean blue with deep lapis lazuli and sea-green ocean depths, pearl-white froth, golden amrita pot. Main sacred figures and spiritual interaction arranged gracefully in the center and right foreground, leaving the left third calm with gentle waters, soft misty horizon, or quiet sky. A sublime classical Indian devotional masterpiece painting, Bengal School of Art and Kangra wash style, delicate tempera and watercolor on fine textured handmade wasli paper. Soft poetic fine-line brushwork, expressive soulful faces with classical Indian beauty, fluid natural drapery folds with subtle gold zari embroidery, lush natural foliage under the gentle shade of ancient flowering trees. Atmospheric lighting with a luminous glowing horizon and misty tranquil waters. Full-bleed edge-to-edge painting, seamless composition, absolutely no borders, no frames, no paper margins, no text, no modern 3D render. Wide 16:10 landscape format with calm, uncluttered left third."
ch_8_7,8,7,The gods and demons proceed to churn the ocean and Lord śiva drinks the poison appearing out of it,समुद्रमन्थनका आरम्भ और भगवान् शंकरका विषपान,"Scene from Skandha 8, Chapter 7 (""The gods and demons proceed to churn the ocean and Lord śiva drinks the poison appearing out of it"" / ""समुद्रमन्थनका आरम्भ और भगवान् शंकरका विषपान""): A poignant, devotional depiction capturing the divine narrative essence of this chapter. Color palette centered around deep ocean blue with deep lapis lazuli and sea-green ocean depths, pearl-white froth, golden amrita pot. Main sacred figures and spiritual interaction arranged gracefully in the center and right foreground, leaving the left third calm with gentle waters, soft misty horizon, or quiet sky. A sublime classical Indian devotional masterpiece painting, Bengal School of Art and Kangra wash style, delicate tempera and watercolor on fine textured handmade wasli paper. Soft poetic fine-line brushwork, expressive soulful faces with classical Indian beauty, fluid natural drapery folds with subtle gold zari embroidery, lush natural foliage under the gentle shade of ancient flowering trees. Atmospheric lighting with a luminous glowing horizon and misty tranquil waters. Full-bleed edge-to-edge painting, seamless composition, absolutely no borders, no frames, no paper margins, no text, no modern 3D render. Wide 16:10 landscape format with calm, uncluttered left third."
ch_8_8,8,8,The manifestation (in a personal form) of the Lord’s (own) enchanting potency,समुद्रसे अमृतका प्रकट होना और भगवान्‌का मोहिनी-अवतार ग्रहण करना,"Scene from Skandha 8, Chapter 8 (""The manifestation (in a personal form) of the Lord’s (own) enchanting potency"" / ""समुद्रसे अमृतका प्रकट होना और भगवान्‌का मोहिनी-अवतार ग्रहण करना""): A poignant, devotional depiction capturing the divine narrative essence of this chapter. Color palette centered around deep ocean blue with deep lapis lazuli and sea-green ocean depths, pearl-white froth, golden amrita pot. Main sacred figures and spiritual interaction arranged gracefully in the center and right foreground, leaving the left third calm with gentle waters, soft misty horizon, or quiet sky. A sublime classical Indian devotional masterpiece painting, Bengal School of Art and Kangra wash style, delicate tempera and watercolor on fine textured handmade wasli paper. Soft poetic fine-line brushwork, expressive soulful faces with classical Indian beauty, fluid natural drapery folds with subtle gold zari embroidery, lush natural foliage under the gentle shade of ancient flowering trees. Atmospheric lighting with a luminous glowing horizon and misty tranquil waters. Full-bleed edge-to-edge painting, seamless composition, absolutely no borders, no frames, no paper margins, no text, no modern 3D render. Wide 16:10 landscape format with calm, uncluttered left third."
ch_8_9,8,9,"Appearing in the form of Mohinī (an enchanting damsel), the Lord deals out nectar among the gods",मोहिनी-रूपसे भगवान्‌के द्वारा अमृत बाँटा जाना,"Scene from Skandha 8, Chapter 9 (""Appearing in the form of Mohinī (an enchanting damsel), the Lord deals out nectar among the gods"" / ""मोहिनी-रूपसे भगवान्‌के द्वारा अमृत बाँटा जाना""): A poignant, devotional depiction capturing the divine narrative essence of this chapter. Color palette centered around deep ocean blue with deep lapis lazuli and sea-green ocean depths, pearl-white froth, golden amrita pot. Main sacred figures and spiritual interaction arranged gracefully in the center and right foreground, leaving the left third calm with gentle waters, soft misty horizon, or quiet sky. A sublime classical Indian devotional masterpiece painting, Bengal School of Art and Kangra wash style, delicate tempera and watercolor on fine textured handmade wasli paper. Soft poetic fine-line brushwork, expressive soulful faces with classical Indian beauty, fluid natural drapery folds with subtle gold zari embroidery, lush natural foliage under the gentle shade of ancient flowering trees. Atmospheric lighting with a luminous glowing horizon and misty tranquil waters. Full-bleed edge-to-edge painting, seamless composition, absolutely no borders, no frames, no paper margins, no text, no modern 3D render. Wide 16:10 landscape format with calm, uncluttered left third."
ch_8_10,8,10,Outbreak of hostilities between the gods and the Asuras,देवासुर-संग्राम,"Scene from Skandha 8, Chapter 10 (""Outbreak of hostilities between the gods and the Asuras"" / ""देवासुर-संग्राम""): A poignant, devotional depiction capturing the divine narrative essence of this chapter. Color palette centered around deep ocean blue with deep lapis lazuli and sea-green ocean depths, pearl-white froth, golden amrita pot. Main sacred figures and spiritual interaction arranged gracefully in the center and right foreground, leaving the left third calm with gentle waters, soft misty horizon, or quiet sky. A sublime classical Indian devotional masterpiece painting, Bengal School of Art and Kangra wash style, delicate tempera and watercolor on fine textured handmade wasli paper. Soft poetic fine-line brushwork, expressive soulful faces with classical Indian beauty, fluid natural drapery folds with subtle gold zari embroidery, lush natural foliage under the gentle shade of ancient flowering trees. Atmospheric lighting with a luminous glowing horizon and misty tranquil waters. Full-bleed edge-to-edge painting, seamless composition, absolutely no borders, no frames, no paper margins, no text, no modern 3D render. Wide 16:10 landscape format with calm, uncluttered left third."
ch_8_11,8,11,Conclusion of the conflict between the gods and the demons,देवासुर-संग्रामकी समाप्ति,"Scene from Skandha 8, Chapter 11 (""Conclusion of the conflict between the gods and the demons"" / ""देवासुर-संग्रामकी समाप्ति""): A poignant, devotional depiction capturing the divine narrative essence of this chapter. Color palette centered around deep ocean blue with deep lapis lazuli and sea-green ocean depths, pearl-white froth, golden amrita pot. Main sacred figures and spiritual interaction arranged gracefully in the center and right foreground, leaving the left third calm with gentle waters, soft misty horizon, or quiet sky. A sublime classical Indian devotional masterpiece painting, Bengal School of Art and Kangra wash style, delicate tempera and watercolor on fine textured handmade wasli paper. Soft poetic fine-line brushwork, expressive soulful faces with classical Indian beauty, fluid natural drapery folds with subtle gold zari embroidery, lush natural foliage under the gentle shade of ancient flowering trees. Atmospheric lighting with a luminous glowing horizon and misty tranquil waters. Full-bleed edge-to-edge painting, seamless composition, absolutely no borders, no frames, no paper margins, no text, no modern 3D render. Wide 16:10 landscape format with calm, uncluttered left third."
ch_8_12,8,12,Infatuation of Lord śaṅkara,मोहिनीरूपको देखकर महादेवजीका मोहित होना,"Scene from Skandha 8, Chapter 12 (""Infatuation of Lord śaṅkara"" / ""मोहिनीरूपको देखकर महादेवजीका मोहित होना""): A poignant, devotional depiction capturing the divine narrative essence of this chapter. Color palette centered around deep ocean blue with deep lapis lazuli and sea-green ocean depths, pearl-white froth, golden amrita pot. Main sacred figures and spiritual interaction arranged gracefully in the center and right foreground, leaving the left third calm with gentle waters, soft misty horizon, or quiet sky. A sublime classical Indian devotional masterpiece painting, Bengal School of Art and Kangra wash style, delicate tempera and watercolor on fine textured handmade wasli paper. Soft poetic fine-line brushwork, expressive soulful faces with classical Indian beauty, fluid natural drapery folds with subtle gold zari embroidery, lush natural foliage under the gentle shade of ancient flowering trees. Atmospheric lighting with a luminous glowing horizon and misty tranquil waters. Full-bleed edge-to-edge painting, seamless composition, absolutely no borders, no frames, no paper margins, no text, no modern 3D render. Wide 16:10 landscape format with calm, uncluttered left third."
ch_8_13,8,13,An account of the (concluding eight) Manvantaras,आगामी सात मन्वन्तरोंका वर्णन,"Scene from Skandha 8, Chapter 13 (""An account of the (concluding eight) Manvantaras"" / ""आगामी सात मन्वन्तरोंका वर्णन""): A poignant, devotional depiction capturing the divine narrative essence of this chapter. Color palette centered around deep ocean blue with deep lapis lazuli and sea-green ocean depths, pearl-white froth, golden amrita pot. Main sacred figures and spiritual interaction arranged gracefully in the center and right foreground, leaving the left third calm with gentle waters, soft misty horizon, or quiet sky. A sublime classical Indian devotional masterpiece painting, Bengal School of Art and Kangra wash style, delicate tempera and watercolor on fine textured handmade wasli paper. Soft poetic fine-line brushwork, expressive soulful faces with classical Indian beauty, fluid natural drapery folds with subtle gold zari embroidery, lush natural foliage under the gentle shade of ancient flowering trees. Atmospheric lighting with a luminous glowing horizon and misty tranquil waters. Full-bleed edge-to-edge painting, seamless composition, absolutely no borders, no frames, no paper margins, no text, no modern 3D render. Wide 16:10 landscape format with calm, uncluttered left third."
ch_8_14,8,14,Functions of a Manu and other functionaries holding office in his administration,मनु आदिके पृथक्-पृथक् कर्मोंका निरूपण,"Scene from Skandha 8, Chapter 14 (""Functions of a Manu and other functionaries holding office in his administration"" / ""मनु आदिके पृथक्-पृथक् कर्मोंका निरूपण""): A poignant, devotional depiction capturing the divine narrative essence of this chapter. Color palette centered around deep ocean blue with deep lapis lazuli and sea-green ocean depths, pearl-white froth, golden amrita pot. Main sacred figures and spiritual interaction arranged gracefully in the center and right foreground, leaving the left third calm with gentle waters, soft misty horizon, or quiet sky. A sublime classical Indian devotional masterpiece painting, Bengal School of Art and Kangra wash style, delicate tempera and watercolor on fine textured handmade wasli paper. Soft poetic fine-line brushwork, expressive soulful faces with classical Indian beauty, fluid natural drapery folds with subtle gold zari embroidery, lush natural foliage under the gentle shade of ancient flowering trees. Atmospheric lighting with a luminous glowing horizon and misty tranquil waters. Full-bleed edge-to-edge painting, seamless composition, absolutely no borders, no frames, no paper margins, no text, no modern 3D render. Wide 16:10 landscape format with calm, uncluttered left third."
ch_8_15,8,15,Conquest of heaven by Bali,राजा बलिकी स्वर्गपर विजय,"Scene from Skandha 8, Chapter 15 (""Conquest of heaven by Bali"" / ""राजा बलिकी स्वर्गपर विजय""): A poignant, devotional depiction capturing the divine narrative essence of this chapter. Color palette centered around deep ocean blue with deep lapis lazuli and sea-green ocean depths, pearl-white froth, golden amrita pot. Main sacred figures and spiritual interaction arranged gracefully in the center and right foreground, leaving the left third calm with gentle waters, soft misty horizon, or quiet sky. A sublime classical Indian devotional masterpiece painting, Bengal School of Art and Kangra wash style, delicate tempera and watercolor on fine textured handmade wasli paper. Soft poetic fine-line brushwork, expressive soulful faces with classical Indian beauty, fluid natural drapery folds with subtle gold zari embroidery, lush natural foliage under the gentle shade of ancient flowering trees. Atmospheric lighting with a luminous glowing horizon and misty tranquil waters. Full-bleed edge-to-edge painting, seamless composition, absolutely no borders, no frames, no paper margins, no text, no modern 3D render. Wide 16:10 landscape format with calm, uncluttered left third."
ch_8_16,8,16,The procedure of observing the vow of Payovrata disclosed by sage Kaśyapa to Aditi,कश्यपजीके द्वारा अदितिको पयोव्रतका उपदेश,"Scene from Skandha 8, Chapter 16 (""The procedure of observing the vow of Payovrata disclosed by sage Kaśyapa to Aditi"" / ""कश्यपजीके द्वारा अदितिको पयोव्रतका उपदेश""): A poignant, devotional depiction capturing the divine narrative essence of this chapter. Color palette centered around deep ocean blue with deep lapis lazuli and sea-green ocean depths, pearl-white froth, golden amrita pot. Main sacred figures and spiritual interaction arranged gracefully in the center and right foreground, leaving the left third calm with gentle waters, soft misty horizon, or quiet sky. A sublime classical Indian devotional masterpiece painting, Bengal School of Art and Kangra wash style, delicate tempera and watercolor on fine textured handmade wasli paper. Soft poetic fine-line brushwork, expressive soulful faces with classical Indian beauty, fluid natural drapery folds with subtle gold zari embroidery, lush natural foliage under the gentle shade of ancient flowering trees. Atmospheric lighting with a luminous glowing horizon and misty tranquil waters. Full-bleed edge-to-edge painting, seamless composition, absolutely no borders, no frames, no paper margins, no text, no modern 3D render. Wide 16:10 landscape format with calm, uncluttered left third."
ch_8_17,8,17,The Lord manifests Himself before Aditi and grants her desired boon,भगवान्‌का प्रकट होकर अदितिको वर देना,"Scene from Skandha 8, Chapter 17 (""The Lord manifests Himself before Aditi and grants her desired boon"" / ""भगवान्‌का प्रकट होकर अदितिको वर देना""): A poignant, devotional depiction capturing the divine narrative essence of this chapter. Color palette centered around deep ocean blue with deep lapis lazuli and sea-green ocean depths, pearl-white froth, golden amrita pot. Main sacred figures and spiritual interaction arranged gracefully in the center and right foreground, leaving the left third calm with gentle waters, soft misty horizon, or quiet sky. A sublime classical Indian devotional masterpiece painting, Bengal School of Art and Kangra wash style, delicate tempera and watercolor on fine textured handmade wasli paper. Soft poetic fine-line brushwork, expressive soulful faces with classical Indian beauty, fluid natural drapery folds with subtle gold zari embroidery, lush natural foliage under the gentle shade of ancient flowering trees. Atmospheric lighting with a luminous glowing horizon and misty tranquil waters. Full-bleed edge-to-edge painting, seamless composition, absolutely no borders, no frames, no paper margins, no text, no modern 3D render. Wide 16:10 landscape format with calm, uncluttered left third."
ch_8_18,8,18,The Lord appears as the divine Dwarf and visits the sacrificial performance of Bali,वामनभगवान्‌का प्रकट होकर राजा बलिकी यज्ञशालामें पधारना,"Scene from Skandha 8, Chapter 18 (""The Lord appears as the divine Dwarf and visits the sacrificial performance of Bali"" / ""वामनभगवान्‌का प्रकट होकर राजा बलिकी यज्ञशालामें पधारना""): A poignant, devotional depiction capturing the divine narrative essence of this chapter. Color palette centered around deep ocean blue with deep lapis lazuli and sea-green ocean depths, pearl-white froth, golden amrita pot. Main sacred figures and spiritual interaction arranged gracefully in the center and right foreground, leaving the left third calm with gentle waters, soft misty horizon, or quiet sky. A sublime classical Indian devotional masterpiece painting, Bengal School of Art and Kangra wash style, delicate tempera and watercolor on fine textured handmade wasli paper. Soft poetic fine-line brushwork, expressive soulful faces with classical Indian beauty, fluid natural drapery folds with subtle gold zari embroidery, lush natural foliage under the gentle shade of ancient flowering trees. Atmospheric lighting with a luminous glowing horizon and misty tranquil waters. Full-bleed edge-to-edge painting, seamless composition, absolutely no borders, no frames, no paper margins, no text, no modern 3D render. Wide 16:10 landscape format with calm, uncluttered left third."
ch_8_19,8,19,"The Lord asks three paces of land of Bali, who gives his word; while śukra remonstrates with him against this course","भगवान् वामनका बलिसे तीन पग पृथ्वी माँगना, बलिका वचन देना और शुक्राचार्यजीका उन्हें रोकना","Scene from Skandha 8, Chapter 19 (""The Lord asks three paces of land of Bali, who gives his word; while śukra remonstrates with him against this course"" / ""भगवान् वामनका बलिसे तीन पग पृथ्वी माँगना, बलिका वचन देना और शुक्राचार्यजीका उन्हें रोकना""): A poignant, devotional depiction capturing the divine narrative essence of this chapter. Color palette centered around deep ocean blue with deep lapis lazuli and sea-green ocean depths, pearl-white froth, golden amrita pot. Main sacred figures and spiritual interaction arranged gracefully in the center and right foreground, leaving the left third calm with gentle waters, soft misty horizon, or quiet sky. A sublime classical Indian devotional masterpiece painting, Bengal School of Art and Kangra wash style, delicate tempera and watercolor on fine textured handmade wasli paper. Soft poetic fine-line brushwork, expressive soulful faces with classical Indian beauty, fluid natural drapery folds with subtle gold zari embroidery, lush natural foliage under the gentle shade of ancient flowering trees. Atmospheric lighting with a luminous glowing horizon and misty tranquil waters. Full-bleed edge-to-edge painting, seamless composition, absolutely no borders, no frames, no paper margins, no text, no modern 3D render. Wide 16:10 landscape format with calm, uncluttered left third."
ch_8_20,8,20,A vision of the Cosmic Body of the Lord,भगवान् वामनजीका विराट्‌रूप होकर दो ही पगसे पृथ्वी और स्वर्गको नाप लेना,"Scene from Skandha 8, Chapter 20 (""A vision of the Cosmic Body of the Lord"" / ""भगवान् वामनजीका विराट्‌रूप होकर दो ही पगसे पृथ्वी और स्वर्गको नाप लेना""): A poignant, devotional depiction capturing the divine narrative essence of this chapter. Color palette centered around deep ocean blue with deep lapis lazuli and sea-green ocean depths, pearl-white froth, golden amrita pot. Main sacred figures and spiritual interaction arranged gracefully in the center and right foreground, leaving the left third calm with gentle waters, soft misty horizon, or quiet sky. A sublime classical Indian devotional masterpiece painting, Bengal School of Art and Kangra wash style, delicate tempera and watercolor on fine textured handmade wasli paper. Soft poetic fine-line brushwork, expressive soulful faces with classical Indian beauty, fluid natural drapery folds with subtle gold zari embroidery, lush natural foliage under the gentle shade of ancient flowering trees. Atmospheric lighting with a luminous glowing horizon and misty tranquil waters. Full-bleed edge-to-edge painting, seamless composition, absolutely no borders, no frames, no paper margins, no text, no modern 3D render. Wide 16:10 landscape format with calm, uncluttered left third."
ch_8_21,8,21,Bali put in bonds,बलिका बाँधा जाना,"Scene from Skandha 8, Chapter 21 (""Bali put in bonds"" / ""बलिका बाँधा जाना""): A poignant, devotional depiction capturing the divine narrative essence of this chapter. Color palette centered around deep ocean blue with deep lapis lazuli and sea-green ocean depths, pearl-white froth, golden amrita pot. Main sacred figures and spiritual interaction arranged gracefully in the center and right foreground, leaving the left third calm with gentle waters, soft misty horizon, or quiet sky. A sublime classical Indian devotional masterpiece painting, Bengal School of Art and Kangra wash style, delicate tempera and watercolor on fine textured handmade wasli paper. Soft poetic fine-line brushwork, expressive soulful faces with classical Indian beauty, fluid natural drapery folds with subtle gold zari embroidery, lush natural foliage under the gentle shade of ancient flowering trees. Atmospheric lighting with a luminous glowing horizon and misty tranquil waters. Full-bleed edge-to-edge painting, seamless composition, absolutely no borders, no frames, no paper margins, no text, no modern 3D render. Wide 16:10 landscape format with calm, uncluttered left third."
ch_8_22,8,22,A dialogue between king Bali and Lord Vāmana,बलिके द्वारा भगवान्‌की स्तुति और भगवान्‌का उसपर प्रसन्न होना,"Scene from Skandha 8, Chapter 22 (""A dialogue between king Bali and Lord Vāmana"" / ""बलिके द्वारा भगवान्‌की स्तुति और भगवान्‌का उसपर प्रसन्न होना""): A poignant, devotional depiction capturing the divine narrative essence of this chapter. Color palette centered around deep ocean blue with deep lapis lazuli and sea-green ocean depths, pearl-white froth, golden amrita pot. Main sacred figures and spiritual interaction arranged gracefully in the center and right foreground, leaving the left third calm with gentle waters, soft misty horizon, or quiet sky. A sublime classical Indian devotional masterpiece painting, Bengal School of Art and Kangra wash style, delicate tempera and watercolor on fine textured handmade wasli paper. Soft poetic fine-line brushwork, expressive soulful faces with classical Indian beauty, fluid natural drapery folds with subtle gold zari embroidery, lush natural foliage under the gentle shade of ancient flowering trees. Atmospheric lighting with a luminous glowing horizon and misty tranquil waters. Full-bleed edge-to-edge painting, seamless composition, absolutely no borders, no frames, no paper margins, no text, no modern 3D render. Wide 16:10 landscape format with calm, uncluttered left third."
ch_8_23,8,23,"Freed from bondage, Bali enters the region of Sutala",बलिका बन्धनसे छूटकर सुतललोकको जाना,"Scene from Skandha 8, Chapter 23 (""Freed from bondage, Bali enters the region of Sutala"" / ""बलिका बन्धनसे छूटकर सुतललोकको जाना""): A poignant, devotional depiction capturing the divine narrative essence of this chapter. Color palette centered around deep ocean blue with deep lapis lazuli and sea-green ocean depths, pearl-white froth, golden amrita pot. Main sacred figures and spiritual interaction arranged gracefully in the center and right foreground, leaving the left third calm with gentle waters, soft misty horizon, or quiet sky. A sublime classical Indian devotional masterpiece painting, Bengal School of Art and Kangra wash style, delicate tempera and watercolor on fine textured handmade wasli paper. Soft poetic fine-line brushwork, expressive soulful faces with classical Indian beauty, fluid natural drapery folds with subtle gold zari embroidery, lush natural foliage under the gentle shade of ancient flowering trees. Atmospheric lighting with a luminous glowing horizon and misty tranquil waters. Full-bleed edge-to-edge painting, seamless composition, absolutely no borders, no frames, no paper margins, no text, no modern 3D render. Wide 16:10 landscape format with calm, uncluttered left third."
ch_8_24,8,24,The story of the descent of the divine Fish recounted,भगवान्‌के मत्स्यावतारकी कथा,"Scene from Skandha 8, Chapter 24 (""The story of the descent of the divine Fish recounted"" / ""भगवान्‌के मत्स्यावतारकी कथा""): A poignant, devotional depiction capturing the divine narrative essence of this chapter. Color palette centered around deep ocean blue with deep lapis lazuli and sea-green ocean depths, pearl-white froth, golden amrita pot. Main sacred figures and spiritual interaction arranged gracefully in the center and right foreground, leaving the left third calm with gentle waters, soft misty horizon, or quiet sky. A sublime classical Indian devotional masterpiece painting, Bengal School of Art and Kangra wash style, delicate tempera and watercolor on fine textured handmade wasli paper. Soft poetic fine-line brushwork, expressive soulful faces with classical Indian beauty, fluid natural drapery folds with subtle gold zari embroidery, lush natural foliage under the gentle shade of ancient flowering trees. Atmospheric lighting with a luminous glowing horizon and misty tranquil waters. Full-bleed edge-to-edge painting, seamless composition, absolutely no borders, no frames, no paper margins, no text, no modern 3D render. Wide 16:10 landscape format with calm, uncluttered left third."
ch_9_1,9,1,"The story of King Sudyumna, son of Vaivaswata Manu",वैवस्वत मनुके पुत्र राजा सुद्युम्नकी कथा,"Scene from Skandha 9, Chapter 1 (""The story of King Sudyumna, son of Vaivaswata Manu"" / ""वैवस्वत मनुके पुत्र राजा सुद्युम्नकी कथा""): A poignant, devotional depiction capturing the divine narrative essence of this chapter. Color palette centered around amber gold with royal amber and ochre dawn, sun and crescent moon in golden sky, sacred river terrace. Main sacred figures and spiritual interaction arranged gracefully in the center and right foreground, leaving the left third calm with gentle waters, soft misty horizon, or quiet sky. A sublime classical Indian devotional masterpiece painting, Bengal School of Art and Kangra wash style, delicate tempera and watercolor on fine textured handmade wasli paper. Soft poetic fine-line brushwork, expressive soulful faces with classical Indian beauty, fluid natural drapery folds with subtle gold zari embroidery, lush natural foliage under the gentle shade of ancient flowering trees. Atmospheric lighting with a luminous glowing horizon and misty tranquil waters. Full-bleed edge-to-edge painting, seamless composition, absolutely no borders, no frames, no paper margins, no text, no modern 3D render. Wide 16:10 landscape format with calm, uncluttered left third."
ch_9_2,9,2,The posterity of Karūṣa and other four sons of Vaivaswata Manu,पृषध्र आदि मनुके पाँच पुत्रोंका वंश,"Scene from Skandha 9, Chapter 2 (""The posterity of Karūṣa and other four sons of Vaivaswata Manu"" / ""पृषध्र आदि मनुके पाँच पुत्रोंका वंश""): A poignant, devotional depiction capturing the divine narrative essence of this chapter. Color palette centered around amber gold with royal amber and ochre dawn, sun and crescent moon in golden sky, sacred river terrace. Main sacred figures and spiritual interaction arranged gracefully in the center and right foreground, leaving the left third calm with gentle waters, soft misty horizon, or quiet sky. A sublime classical Indian devotional masterpiece painting, Bengal School of Art and Kangra wash style, delicate tempera and watercolor on fine textured handmade wasli paper. Soft poetic fine-line brushwork, expressive soulful faces with classical Indian beauty, fluid natural drapery folds with subtle gold zari embroidery, lush natural foliage under the gentle shade of ancient flowering trees. Atmospheric lighting with a luminous glowing horizon and misty tranquil waters. Full-bleed edge-to-edge painting, seamless composition, absolutely no borders, no frames, no paper margins, no text, no modern 3D render. Wide 16:10 landscape format with calm, uncluttered left third."
ch_9_3,9,3,The story of the sage Cyavana and his wife Sukanyā; the posterity of King śaryāti like two fire-flies.,"महर्षि च्यवन और सुकन्याका चरित्र, राजा शर्यातिका वंश","Scene from Skandha 9, Chapter 3 (""The story of the sage Cyavana and his wife Sukanyā; the posterity of King śaryāti like two fire-flies."" / ""महर्षि च्यवन और सुकन्याका चरित्र, राजा शर्यातिका वंश""): A poignant, devotional depiction capturing the divine narrative essence of this chapter. Color palette centered around amber gold with royal amber and ochre dawn, sun and crescent moon in golden sky, sacred river terrace. Main sacred figures and spiritual interaction arranged gracefully in the center and right foreground, leaving the left third calm with gentle waters, soft misty horizon, or quiet sky. A sublime classical Indian devotional masterpiece painting, Bengal School of Art and Kangra wash style, delicate tempera and watercolor on fine textured handmade wasli paper. Soft poetic fine-line brushwork, expressive soulful faces with classical Indian beauty, fluid natural drapery folds with subtle gold zari embroidery, lush natural foliage under the gentle shade of ancient flowering trees. Atmospheric lighting with a luminous glowing horizon and misty tranquil waters. Full-bleed edge-to-edge painting, seamless composition, absolutely no borders, no frames, no paper margins, no text, no modern 3D render. Wide 16:10 landscape format with calm, uncluttered left third."
ch_9_4,9,4,The stories of Nābhāga and King Ambarīṣa,नाभाग और अम्बरीषकी कथा,"Scene from Skandha 9, Chapter 4 (""The stories of Nābhāga and King Ambarīṣa"" / ""नाभाग और अम्बरीषकी कथा""): A poignant, devotional depiction capturing the divine narrative essence of this chapter. Color palette centered around amber gold with royal amber and ochre dawn, sun and crescent moon in golden sky, sacred river terrace. Main sacred figures and spiritual interaction arranged gracefully in the center and right foreground, leaving the left third calm with gentle waters, soft misty horizon, or quiet sky. A sublime classical Indian devotional masterpiece painting, Bengal School of Art and Kangra wash style, delicate tempera and watercolor on fine textured handmade wasli paper. Soft poetic fine-line brushwork, expressive soulful faces with classical Indian beauty, fluid natural drapery folds with subtle gold zari embroidery, lush natural foliage under the gentle shade of ancient flowering trees. Atmospheric lighting with a luminous glowing horizon and misty tranquil waters. Full-bleed edge-to-edge painting, seamless composition, absolutely no borders, no frames, no paper margins, no text, no modern 3D render. Wide 16:10 landscape format with calm, uncluttered left third."
ch_9_5,9,5,The story of Ambarīṣa (Concluded),दुर्वासाजीकी दुःखनिवृत्ति,"Scene from Skandha 9, Chapter 5 (""The story of Ambarīṣa (Concluded)"" / ""दुर्वासाजीकी दुःखनिवृत्ति""): A poignant, devotional depiction capturing the divine narrative essence of this chapter. Color palette centered around amber gold with royal amber and ochre dawn, sun and crescent moon in golden sky, sacred river terrace. Main sacred figures and spiritual interaction arranged gracefully in the center and right foreground, leaving the left third calm with gentle waters, soft misty horizon, or quiet sky. A sublime classical Indian devotional masterpiece painting, Bengal School of Art and Kangra wash style, delicate tempera and watercolor on fine textured handmade wasli paper. Soft poetic fine-line brushwork, expressive soulful faces with classical Indian beauty, fluid natural drapery folds with subtle gold zari embroidery, lush natural foliage under the gentle shade of ancient flowering trees. Atmospheric lighting with a luminous glowing horizon and misty tranquil waters. Full-bleed edge-to-edge painting, seamless composition, absolutely no borders, no frames, no paper margins, no text, no modern 3D render. Wide 16:10 landscape format with calm, uncluttered left third."
ch_9_6,9,6,The posterity of Ikṣwāku: the stories of Māndhātā and the sage Saubhari,"इक्ष्वाकुके वंशका वर्णन, मान्धाता और सौभरि ऋषिकी कथा","Scene from Skandha 9, Chapter 6 (""The posterity of Ikṣwāku: the stories of Māndhātā and the sage Saubhari"" / ""इक्ष्वाकुके वंशका वर्णन, मान्धाता और सौभरि ऋषिकी कथा""): A poignant, devotional depiction capturing the divine narrative essence of this chapter. Color palette centered around amber gold with royal amber and ochre dawn, sun and crescent moon in golden sky, sacred river terrace. Main sacred figures and spiritual interaction arranged gracefully in the center and right foreground, leaving the left third calm with gentle waters, soft misty horizon, or quiet sky. A sublime classical Indian devotional masterpiece painting, Bengal School of Art and Kangra wash style, delicate tempera and watercolor on fine textured handmade wasli paper. Soft poetic fine-line brushwork, expressive soulful faces with classical Indian beauty, fluid natural drapery folds with subtle gold zari embroidery, lush natural foliage under the gentle shade of ancient flowering trees. Atmospheric lighting with a luminous glowing horizon and misty tranquil waters. Full-bleed edge-to-edge painting, seamless composition, absolutely no borders, no frames, no paper margins, no text, no modern 3D render. Wide 16:10 landscape format with calm, uncluttered left third."
ch_9_7,9,7,The story of King Hariścandra,राजा त्रिशंकु और हरिश्चन्द्रकी कथा,"Scene from Skandha 9, Chapter 7 (""The story of King Hariścandra"" / ""राजा त्रिशंकु और हरिश्चन्द्रकी कथा""): A poignant, devotional depiction capturing the divine narrative essence of this chapter. Color palette centered around amber gold with royal amber and ochre dawn, sun and crescent moon in golden sky, sacred river terrace. Main sacred figures and spiritual interaction arranged gracefully in the center and right foreground, leaving the left third calm with gentle waters, soft misty horizon, or quiet sky. A sublime classical Indian devotional masterpiece painting, Bengal School of Art and Kangra wash style, delicate tempera and watercolor on fine textured handmade wasli paper. Soft poetic fine-line brushwork, expressive soulful faces with classical Indian beauty, fluid natural drapery folds with subtle gold zari embroidery, lush natural foliage under the gentle shade of ancient flowering trees. Atmospheric lighting with a luminous glowing horizon and misty tranquil waters. Full-bleed edge-to-edge painting, seamless composition, absolutely no borders, no frames, no paper margins, no text, no modern 3D render. Wide 16:10 landscape format with calm, uncluttered left third."
ch_9_8,9,8,The story of King Sagara,सगर-चरित्र,"Scene from Skandha 9, Chapter 8 (""The story of King Sagara"" / ""सगर-चरित्र""): A poignant, devotional depiction capturing the divine narrative essence of this chapter. Color palette centered around amber gold with royal amber and ochre dawn, sun and crescent moon in golden sky, sacred river terrace. Main sacred figures and spiritual interaction arranged gracefully in the center and right foreground, leaving the left third calm with gentle waters, soft misty horizon, or quiet sky. A sublime classical Indian devotional masterpiece painting, Bengal School of Art and Kangra wash style, delicate tempera and watercolor on fine textured handmade wasli paper. Soft poetic fine-line brushwork, expressive soulful faces with classical Indian beauty, fluid natural drapery folds with subtle gold zari embroidery, lush natural foliage under the gentle shade of ancient flowering trees. Atmospheric lighting with a luminous glowing horizon and misty tranquil waters. Full-bleed edge-to-edge painting, seamless composition, absolutely no borders, no frames, no paper margins, no text, no modern 3D render. Wide 16:10 landscape format with calm, uncluttered left third."
ch_9_9,9,9,The story of King Bhagīratha: the descent of the holy Gaṅgā,भगीरथ-चरित्र और गंगावतरण,"Scene from Skandha 9, Chapter 9 (""The story of King Bhagīratha: the descent of the holy Gaṅgā"" / ""भगीरथ-चरित्र और गंगावतरण""): A poignant, devotional depiction capturing the divine narrative essence of this chapter. Color palette centered around amber gold with royal amber and ochre dawn, sun and crescent moon in golden sky, sacred river terrace. Main sacred figures and spiritual interaction arranged gracefully in the center and right foreground, leaving the left third calm with gentle waters, soft misty horizon, or quiet sky. A sublime classical Indian devotional masterpiece painting, Bengal School of Art and Kangra wash style, delicate tempera and watercolor on fine textured handmade wasli paper. Soft poetic fine-line brushwork, expressive soulful faces with classical Indian beauty, fluid natural drapery folds with subtle gold zari embroidery, lush natural foliage under the gentle shade of ancient flowering trees. Atmospheric lighting with a luminous glowing horizon and misty tranquil waters. Full-bleed edge-to-edge painting, seamless composition, absolutely no borders, no frames, no paper margins, no text, no modern 3D render. Wide 16:10 landscape format with calm, uncluttered left third."
ch_9_10,9,10,An account of Śrī Rāma’s pastimes,भगवान् श्रीरामकी लीलाओंका वर्णन,"Scene from Skandha 9, Chapter 10 (""An account of Śrī Rāma’s pastimes"" / ""भगवान् श्रीरामकी लीलाओंका वर्णन""): A poignant, devotional depiction capturing the divine narrative essence of this chapter. Color palette centered around amber gold with royal amber and ochre dawn, sun and crescent moon in golden sky, sacred river terrace. Main sacred figures and spiritual interaction arranged gracefully in the center and right foreground, leaving the left third calm with gentle waters, soft misty horizon, or quiet sky. A sublime classical Indian devotional masterpiece painting, Bengal School of Art and Kangra wash style, delicate tempera and watercolor on fine textured handmade wasli paper. Soft poetic fine-line brushwork, expressive soulful faces with classical Indian beauty, fluid natural drapery folds with subtle gold zari embroidery, lush natural foliage under the gentle shade of ancient flowering trees. Atmospheric lighting with a luminous glowing horizon and misty tranquil waters. Full-bleed edge-to-edge painting, seamless composition, absolutely no borders, no frames, no paper margins, no text, no modern 3D render. Wide 16:10 landscape format with calm, uncluttered left third."
ch_9_11,9,11,The other pastimes of Śrī Rāma,भगवान् श्रीरामकी शेष लीलाओंका वर्णन,"Scene from Skandha 9, Chapter 11 (""The other pastimes of Śrī Rāma"" / ""भगवान् श्रीरामकी शेष लीलाओंका वर्णन""): A poignant, devotional depiction capturing the divine narrative essence of this chapter. Color palette centered around amber gold with royal amber and ochre dawn, sun and crescent moon in golden sky, sacred river terrace. Main sacred figures and spiritual interaction arranged gracefully in the center and right foreground, leaving the left third calm with gentle waters, soft misty horizon, or quiet sky. A sublime classical Indian devotional masterpiece painting, Bengal School of Art and Kangra wash style, delicate tempera and watercolor on fine textured handmade wasli paper. Soft poetic fine-line brushwork, expressive soulful faces with classical Indian beauty, fluid natural drapery folds with subtle gold zari embroidery, lush natural foliage under the gentle shade of ancient flowering trees. Atmospheric lighting with a luminous glowing horizon and misty tranquil waters. Full-bleed edge-to-edge painting, seamless composition, absolutely no borders, no frames, no paper margins, no text, no modern 3D render. Wide 16:10 landscape format with calm, uncluttered left third."
ch_9_12,9,12,The genealogy of (the remaining kings of) Ikṣwāku’s line,इक्ष्वाकुवंशके शेष राजाओंका वर्णन,"Scene from Skandha 9, Chapter 12 (""The genealogy of (the remaining kings of) Ikṣwāku’s line"" / ""इक्ष्वाकुवंशके शेष राजाओंका वर्णन""): A poignant, devotional depiction capturing the divine narrative essence of this chapter. Color palette centered around amber gold with royal amber and ochre dawn, sun and crescent moon in golden sky, sacred river terrace. Main sacred figures and spiritual interaction arranged gracefully in the center and right foreground, leaving the left third calm with gentle waters, soft misty horizon, or quiet sky. A sublime classical Indian devotional masterpiece painting, Bengal School of Art and Kangra wash style, delicate tempera and watercolor on fine textured handmade wasli paper. Soft poetic fine-line brushwork, expressive soulful faces with classical Indian beauty, fluid natural drapery folds with subtle gold zari embroidery, lush natural foliage under the gentle shade of ancient flowering trees. Atmospheric lighting with a luminous glowing horizon and misty tranquil waters. Full-bleed edge-to-edge painting, seamless composition, absolutely no borders, no frames, no paper margins, no text, no modern 3D render. Wide 16:10 landscape format with calm, uncluttered left third."
ch_9_13,9,13,The posterity of Nimi described,राजा निमिके वंशका वर्णन,"Scene from Skandha 9, Chapter 13 (""The posterity of Nimi described"" / ""राजा निमिके वंशका वर्णन""): A poignant, devotional depiction capturing the divine narrative essence of this chapter. Color palette centered around amber gold with royal amber and ochre dawn, sun and crescent moon in golden sky, sacred river terrace. Main sacred figures and spiritual interaction arranged gracefully in the center and right foreground, leaving the left third calm with gentle waters, soft misty horizon, or quiet sky. A sublime classical Indian devotional masterpiece painting, Bengal School of Art and Kangra wash style, delicate tempera and watercolor on fine textured handmade wasli paper. Soft poetic fine-line brushwork, expressive soulful faces with classical Indian beauty, fluid natural drapery folds with subtle gold zari embroidery, lush natural foliage under the gentle shade of ancient flowering trees. Atmospheric lighting with a luminous glowing horizon and misty tranquil waters. Full-bleed edge-to-edge painting, seamless composition, absolutely no borders, no frames, no paper margins, no text, no modern 3D render. Wide 16:10 landscape format with calm, uncluttered left third."
ch_9_14,9,14,A brief survey of the Lunar Dynasty,चन्द्रवंशका वर्णन,"Scene from Skandha 9, Chapter 14 (""A brief survey of the Lunar Dynasty"" / ""चन्द्रवंशका वर्णन""): A poignant, devotional depiction capturing the divine narrative essence of this chapter. Color palette centered around amber gold with royal amber and ochre dawn, sun and crescent moon in golden sky, sacred river terrace. Main sacred figures and spiritual interaction arranged gracefully in the center and right foreground, leaving the left third calm with gentle waters, soft misty horizon, or quiet sky. A sublime classical Indian devotional masterpiece painting, Bengal School of Art and Kangra wash style, delicate tempera and watercolor on fine textured handmade wasli paper. Soft poetic fine-line brushwork, expressive soulful faces with classical Indian beauty, fluid natural drapery folds with subtle gold zari embroidery, lush natural foliage under the gentle shade of ancient flowering trees. Atmospheric lighting with a luminous glowing horizon and misty tranquil waters. Full-bleed edge-to-edge painting, seamless composition, absolutely no borders, no frames, no paper margins, no text, no modern 3D render. Wide 16:10 landscape format with calm, uncluttered left third."
ch_9_15,9,15,"The stories of Ṛcīka, Jamadagni and Paraśurāma","ऋचीक, जमदग्नि और परशुरामजीका चरित्र","Scene from Skandha 9, Chapter 15 (""The stories of Ṛcīka, Jamadagni and Paraśurāma"" / ""ऋचीक, जमदग्नि और परशुरामजीका चरित्र""): A poignant, devotional depiction capturing the divine narrative essence of this chapter. Color palette centered around amber gold with royal amber and ochre dawn, sun and crescent moon in golden sky, sacred river terrace. Main sacred figures and spiritual interaction arranged gracefully in the center and right foreground, leaving the left third calm with gentle waters, soft misty horizon, or quiet sky. A sublime classical Indian devotional masterpiece painting, Bengal School of Art and Kangra wash style, delicate tempera and watercolor on fine textured handmade wasli paper. Soft poetic fine-line brushwork, expressive soulful faces with classical Indian beauty, fluid natural drapery folds with subtle gold zari embroidery, lush natural foliage under the gentle shade of ancient flowering trees. Atmospheric lighting with a luminous glowing horizon and misty tranquil waters. Full-bleed edge-to-edge painting, seamless composition, absolutely no borders, no frames, no paper margins, no text, no modern 3D render. Wide 16:10 landscape format with calm, uncluttered left third."
ch_9_16,9,16,Extermination of the Kṣatriyas by Paraśurāma: an account of the posterity of the sage Viśwāmitra,परशुरामजीके द्वारा क्षत्रिय-संहार और विश्वामित्रजीके वंशकी कथा,"Scene from Skandha 9, Chapter 16 (""Extermination of the Kṣatriyas by Paraśurāma: an account of the posterity of the sage Viśwāmitra"" / ""परशुरामजीके द्वारा क्षत्रिय-संहार और विश्वामित्रजीके वंशकी कथा""): A poignant, devotional depiction capturing the divine narrative essence of this chapter. Color palette centered around amber gold with royal amber and ochre dawn, sun and crescent moon in golden sky, sacred river terrace. Main sacred figures and spiritual interaction arranged gracefully in the center and right foreground, leaving the left third calm with gentle waters, soft misty horizon, or quiet sky. A sublime classical Indian devotional masterpiece painting, Bengal School of Art and Kangra wash style, delicate tempera and watercolor on fine textured handmade wasli paper. Soft poetic fine-line brushwork, expressive soulful faces with classical Indian beauty, fluid natural drapery folds with subtle gold zari embroidery, lush natural foliage under the gentle shade of ancient flowering trees. Atmospheric lighting with a luminous glowing horizon and misty tranquil waters. Full-bleed edge-to-edge painting, seamless composition, absolutely no borders, no frames, no paper margins, no text, no modern 3D render. Wide 16:10 landscape format with calm, uncluttered left third."
ch_9_17,9,17,"The posterity of Kings Kṣatravṛddha, Raji and others of the Lunar Dynasty","क्षत्रवृद्ध, रजि आदि राजाओंके वंशका वर्णन","Scene from Skandha 9, Chapter 17 (""The posterity of Kings Kṣatravṛddha, Raji and others of the Lunar Dynasty"" / ""क्षत्रवृद्ध, रजि आदि राजाओंके वंशका वर्णन""): A poignant, devotional depiction capturing the divine narrative essence of this chapter. Color palette centered around amber gold with royal amber and ochre dawn, sun and crescent moon in golden sky, sacred river terrace. Main sacred figures and spiritual interaction arranged gracefully in the center and right foreground, leaving the left third calm with gentle waters, soft misty horizon, or quiet sky. A sublime classical Indian devotional masterpiece painting, Bengal School of Art and Kangra wash style, delicate tempera and watercolor on fine textured handmade wasli paper. Soft poetic fine-line brushwork, expressive soulful faces with classical Indian beauty, fluid natural drapery folds with subtle gold zari embroidery, lush natural foliage under the gentle shade of ancient flowering trees. Atmospheric lighting with a luminous glowing horizon and misty tranquil waters. Full-bleed edge-to-edge painting, seamless composition, absolutely no borders, no frames, no paper margins, no text, no modern 3D render. Wide 16:10 landscape format with calm, uncluttered left third."
ch_9_18,9,18,The story of Yayāti,ययाति-चरित्र,"Scene from Skandha 9, Chapter 18 (""The story of Yayāti"" / ""ययाति-चरित्र""): A poignant, devotional depiction capturing the divine narrative essence of this chapter. Color palette centered around amber gold with royal amber and ochre dawn, sun and crescent moon in golden sky, sacred river terrace. Main sacred figures and spiritual interaction arranged gracefully in the center and right foreground, leaving the left third calm with gentle waters, soft misty horizon, or quiet sky. A sublime classical Indian devotional masterpiece painting, Bengal School of Art and Kangra wash style, delicate tempera and watercolor on fine textured handmade wasli paper. Soft poetic fine-line brushwork, expressive soulful faces with classical Indian beauty, fluid natural drapery folds with subtle gold zari embroidery, lush natural foliage under the gentle shade of ancient flowering trees. Atmospheric lighting with a luminous glowing horizon and misty tranquil waters. Full-bleed edge-to-edge painting, seamless composition, absolutely no borders, no frames, no paper margins, no text, no modern 3D render. Wide 16:10 landscape format with calm, uncluttered left third."
ch_9_19,9,19,Yayāti’s Renunciation,ययातिका गृहत्याग,"Scene from Skandha 9, Chapter 19 (""Yayāti’s Renunciation"" / ""ययातिका गृहत्याग""): A poignant, devotional depiction capturing the divine narrative essence of this chapter. Color palette centered around amber gold with royal amber and ochre dawn, sun and crescent moon in golden sky, sacred river terrace. Main sacred figures and spiritual interaction arranged gracefully in the center and right foreground, leaving the left third calm with gentle waters, soft misty horizon, or quiet sky. A sublime classical Indian devotional masterpiece painting, Bengal School of Art and Kangra wash style, delicate tempera and watercolor on fine textured handmade wasli paper. Soft poetic fine-line brushwork, expressive soulful faces with classical Indian beauty, fluid natural drapery folds with subtle gold zari embroidery, lush natural foliage under the gentle shade of ancient flowering trees. Atmospheric lighting with a luminous glowing horizon and misty tranquil waters. Full-bleed edge-to-edge painting, seamless composition, absolutely no borders, no frames, no paper margins, no text, no modern 3D render. Wide 16:10 landscape format with calm, uncluttered left third."
ch_9_20,9,20,The posterity of Pūru and the stories of Duṣyanta and Bharata,"पूरुके वंश, राजा दुष्यन्त और भरतके चरित्रका वर्णन","Scene from Skandha 9, Chapter 20 (""The posterity of Pūru and the stories of Duṣyanta and Bharata"" / ""पूरुके वंश, राजा दुष्यन्त और भरतके चरित्रका वर्णन""): A poignant, devotional depiction capturing the divine narrative essence of this chapter. Color palette centered around amber gold with royal amber and ochre dawn, sun and crescent moon in golden sky, sacred river terrace. Main sacred figures and spiritual interaction arranged gracefully in the center and right foreground, leaving the left third calm with gentle waters, soft misty horizon, or quiet sky. A sublime classical Indian devotional masterpiece painting, Bengal School of Art and Kangra wash style, delicate tempera and watercolor on fine textured handmade wasli paper. Soft poetic fine-line brushwork, expressive soulful faces with classical Indian beauty, fluid natural drapery folds with subtle gold zari embroidery, lush natural foliage under the gentle shade of ancient flowering trees. Atmospheric lighting with a luminous glowing horizon and misty tranquil waters. Full-bleed edge-to-edge painting, seamless composition, absolutely no borders, no frames, no paper margins, no text, no modern 3D render. Wide 16:10 landscape format with calm, uncluttered left third."
ch_9_21,9,21,The posterity of Bharata and the story of Rantideva,"भरतवंशका वर्णन, राजा रन्तिदेवकी कथा","Scene from Skandha 9, Chapter 21 (""The posterity of Bharata and the story of Rantideva"" / ""भरतवंशका वर्णन, राजा रन्तिदेवकी कथा""): A poignant, devotional depiction capturing the divine narrative essence of this chapter. Color palette centered around amber gold with royal amber and ochre dawn, sun and crescent moon in golden sky, sacred river terrace. Main sacred figures and spiritual interaction arranged gracefully in the center and right foreground, leaving the left third calm with gentle waters, soft misty horizon, or quiet sky. A sublime classical Indian devotional masterpiece painting, Bengal School of Art and Kangra wash style, delicate tempera and watercolor on fine textured handmade wasli paper. Soft poetic fine-line brushwork, expressive soulful faces with classical Indian beauty, fluid natural drapery folds with subtle gold zari embroidery, lush natural foliage under the gentle shade of ancient flowering trees. Atmospheric lighting with a luminous glowing horizon and misty tranquil waters. Full-bleed edge-to-edge painting, seamless composition, absolutely no borders, no frames, no paper margins, no text, no modern 3D render. Wide 16:10 landscape format with calm, uncluttered left third."
ch_9_22,9,22,"The genealogy of the Pañcālas, the Kurus and the kings of Magadha","पांचाल, कौरव और मगधदेशीय राजाओंके वंशका वर्णन","Scene from Skandha 9, Chapter 22 (""The genealogy of the Pañcālas, the Kurus and the kings of Magadha"" / ""पांचाल, कौरव और मगधदेशीय राजाओंके वंशका वर्णन""): A poignant, devotional depiction capturing the divine narrative essence of this chapter. Color palette centered around amber gold with royal amber and ochre dawn, sun and crescent moon in golden sky, sacred river terrace. Main sacred figures and spiritual interaction arranged gracefully in the center and right foreground, leaving the left third calm with gentle waters, soft misty horizon, or quiet sky. A sublime classical Indian devotional masterpiece painting, Bengal School of Art and Kangra wash style, delicate tempera and watercolor on fine textured handmade wasli paper. Soft poetic fine-line brushwork, expressive soulful faces with classical Indian beauty, fluid natural drapery folds with subtle gold zari embroidery, lush natural foliage under the gentle shade of ancient flowering trees. Atmospheric lighting with a luminous glowing horizon and misty tranquil waters. Full-bleed edge-to-edge painting, seamless composition, absolutely no borders, no frames, no paper margins, no text, no modern 3D render. Wide 16:10 landscape format with calm, uncluttered left third."
ch_9_23,9,23,"An account of the posterity of Anu, Druhyu, Turvasu and Yadu","अनु, द्रुह्यु, तुर्वसु और यदुके वंशका वर्णन","Scene from Skandha 9, Chapter 23 (""An account of the posterity of Anu, Druhyu, Turvasu and Yadu"" / ""अनु, द्रुह्यु, तुर्वसु और यदुके वंशका वर्णन""): A poignant, devotional depiction capturing the divine narrative essence of this chapter. Color palette centered around amber gold with royal amber and ochre dawn, sun and crescent moon in golden sky, sacred river terrace. Main sacred figures and spiritual interaction arranged gracefully in the center and right foreground, leaving the left third calm with gentle waters, soft misty horizon, or quiet sky. A sublime classical Indian devotional masterpiece painting, Bengal School of Art and Kangra wash style, delicate tempera and watercolor on fine textured handmade wasli paper. Soft poetic fine-line brushwork, expressive soulful faces with classical Indian beauty, fluid natural drapery folds with subtle gold zari embroidery, lush natural foliage under the gentle shade of ancient flowering trees. Atmospheric lighting with a luminous glowing horizon and misty tranquil waters. Full-bleed edge-to-edge painting, seamless composition, absolutely no borders, no frames, no paper margins, no text, no modern 3D render. Wide 16:10 landscape format with calm, uncluttered left third."
ch_9_24,9,24,An account of the posterity of Yadu,विदर्भके वंशका वर्णन,"Scene from Skandha 9, Chapter 24 (""An account of the posterity of Yadu"" / ""विदर्भके वंशका वर्णन""): A poignant, devotional depiction capturing the divine narrative essence of this chapter. Color palette centered around amber gold with royal amber and ochre dawn, sun and crescent moon in golden sky, sacred river terrace. Main sacred figures and spiritual interaction arranged gracefully in the center and right foreground, leaving the left third calm with gentle waters, soft misty horizon, or quiet sky. A sublime classical Indian devotional masterpiece painting, Bengal School of Art and Kangra wash style, delicate tempera and watercolor on fine textured handmade wasli paper. Soft poetic fine-line brushwork, expressive soulful faces with classical Indian beauty, fluid natural drapery folds with subtle gold zari embroidery, lush natural foliage under the gentle shade of ancient flowering trees. Atmospheric lighting with a luminous glowing horizon and misty tranquil waters. Full-bleed edge-to-edge painting, seamless composition, absolutely no borders, no frames, no paper margins, no text, no modern 3D render. Wide 16:10 landscape format with calm, uncluttered left third."
ch_10_1,10,1,The Lord reassures Mother Earth; Vasudeva marries Devakī and Kaṃsa despatches the six sons of Devakī,"भगवान्‌के द्वारा पृथ्वीको आश्वासन, वसुदेव-देवकीका विवाह और कंसके द्वारा देवकीके छः पुत्रोंकी हत्या","Scene from Skandha 10, Chapter 1 (""The Lord reassures Mother Earth; Vasudeva marries Devakī and Kaṃsa despatches the six sons of Devakī"" / ""भगवान्‌के द्वारा पृथ्वीको आश्वासन, वसुदेव-देवकीका विवाह और कंसके द्वारा देवकीके छः पुत्रोंकी हत्या""): A poignant, devotional depiction capturing the divine narrative essence of this chapter. Color palette centered around indigo blue with deep indigo night, moonlit Yamuna waters, glowing golden pitambara silk and blooming kadamba. Main sacred figures and spiritual interaction arranged gracefully in the center and right foreground, leaving the left third calm with gentle waters, soft misty horizon, or quiet sky. A sublime classical Indian devotional masterpiece painting, Bengal School of Art and Kangra wash style, delicate tempera and watercolor on fine textured handmade wasli paper. Soft poetic fine-line brushwork, expressive soulful faces with classical Indian beauty, fluid natural drapery folds with subtle gold zari embroidery, lush natural foliage under the gentle shade of ancient flowering trees. Atmospheric lighting with a luminous glowing horizon and misty tranquil waters. Full-bleed edge-to-edge painting, seamless composition, absolutely no borders, no frames, no paper margins, no text, no modern 3D render. Wide 16:10 landscape format with calm, uncluttered left third."
ch_10_2,10,2,The Lord enters the womb of Devakī and is extolled by the gods,भगवान्‌का गर्भ-प्रवेश और देवताओंद्वारा गर्भस्तुति,"Scene from Skandha 10, Chapter 2 (""The Lord enters the womb of Devakī and is extolled by the gods"" / ""भगवान्‌का गर्भ-प्रवेश और देवताओंद्वारा गर्भस्तुति""): A poignant, devotional depiction capturing the divine narrative essence of this chapter. Color palette centered around indigo blue with deep indigo night, moonlit Yamuna waters, glowing golden pitambara silk and blooming kadamba. Main sacred figures and spiritual interaction arranged gracefully in the center and right foreground, leaving the left third calm with gentle waters, soft misty horizon, or quiet sky. A sublime classical Indian devotional masterpiece painting, Bengal School of Art and Kangra wash style, delicate tempera and watercolor on fine textured handmade wasli paper. Soft poetic fine-line brushwork, expressive soulful faces with classical Indian beauty, fluid natural drapery folds with subtle gold zari embroidery, lush natural foliage under the gentle shade of ancient flowering trees. Atmospheric lighting with a luminous glowing horizon and misty tranquil waters. Full-bleed edge-to-edge painting, seamless composition, absolutely no borders, no frames, no paper margins, no text, no modern 3D render. Wide 16:10 landscape format with calm, uncluttered left third."
ch_10_3,10,3,Advent of Lord Śrī Kṛṣṇa,भगवान् श्रीकृष्णका प्राकट्य,"Scene from Skandha 10, Chapter 3 (""Advent of Lord Śrī Kṛṣṇa"" / ""भगवान् श्रीकृष्णका प्राकट्य""): A poignant, devotional depiction capturing the divine narrative essence of this chapter. Color palette centered around indigo blue with deep indigo night, moonlit Yamuna waters, glowing golden pitambara silk and blooming kadamba. Main sacred figures and spiritual interaction arranged gracefully in the center and right foreground, leaving the left third calm with gentle waters, soft misty horizon, or quiet sky. A sublime classical Indian devotional masterpiece painting, Bengal School of Art and Kangra wash style, delicate tempera and watercolor on fine textured handmade wasli paper. Soft poetic fine-line brushwork, expressive soulful faces with classical Indian beauty, fluid natural drapery folds with subtle gold zari embroidery, lush natural foliage under the gentle shade of ancient flowering trees. Atmospheric lighting with a luminous glowing horizon and misty tranquil waters. Full-bleed edge-to-edge painting, seamless composition, absolutely no borders, no frames, no paper margins, no text, no modern 3D render. Wide 16:10 landscape format with calm, uncluttered left third."
ch_10_4,10,4,"Slipping from the grip of Kaṃsa, Yogamāyā ascends to the heavens and utters a prophecy",कंसके हाथसे छूटकर योगमायाका आकाशमें जाकर भविष्यवाणी करना,"Scene from Skandha 10, Chapter 4 (""Slipping from the grip of Kaṃsa, Yogamāyā ascends to the heavens and utters a prophecy"" / ""कंसके हाथसे छूटकर योगमायाका आकाशमें जाकर भविष्यवाणी करना""): A poignant, devotional depiction capturing the divine narrative essence of this chapter. Color palette centered around indigo blue with deep indigo night, moonlit Yamuna waters, glowing golden pitambara silk and blooming kadamba. Main sacred figures and spiritual interaction arranged gracefully in the center and right foreground, leaving the left third calm with gentle waters, soft misty horizon, or quiet sky. A sublime classical Indian devotional masterpiece painting, Bengal School of Art and Kangra wash style, delicate tempera and watercolor on fine textured handmade wasli paper. Soft poetic fine-line brushwork, expressive soulful faces with classical Indian beauty, fluid natural drapery folds with subtle gold zari embroidery, lush natural foliage under the gentle shade of ancient flowering trees. Atmospheric lighting with a luminous glowing horizon and misty tranquil waters. Full-bleed edge-to-edge painting, seamless composition, absolutely no borders, no frames, no paper margins, no text, no modern 3D render. Wide 16:10 landscape format with calm, uncluttered left third."
ch_10_5,10,5,Festivities connected with the Birth of Lord Śrī Kṛṣṇa at Gokula,गोकुलमें भगवान्‌का जन्ममहोत्सव,"Scene from Skandha 10, Chapter 5 (""Festivities connected with the Birth of Lord Śrī Kṛṣṇa at Gokula"" / ""गोकुलमें भगवान्‌का जन्ममहोत्सव""): A poignant, devotional depiction capturing the divine narrative essence of this chapter. Color palette centered around indigo blue with deep indigo night, moonlit Yamuna waters, glowing golden pitambara silk and blooming kadamba. Main sacred figures and spiritual interaction arranged gracefully in the center and right foreground, leaving the left third calm with gentle waters, soft misty horizon, or quiet sky. A sublime classical Indian devotional masterpiece painting, Bengal School of Art and Kangra wash style, delicate tempera and watercolor on fine textured handmade wasli paper. Soft poetic fine-line brushwork, expressive soulful faces with classical Indian beauty, fluid natural drapery folds with subtle gold zari embroidery, lush natural foliage under the gentle shade of ancient flowering trees. Atmospheric lighting with a luminous glowing horizon and misty tranquil waters. Full-bleed edge-to-edge painting, seamless composition, absolutely no borders, no frames, no paper margins, no text, no modern 3D render. Wide 16:10 landscape format with calm, uncluttered left third."
ch_10_6,10,6,Deliverance of Pūtanā,पूतना-उद्धार,"Scene from Skandha 10, Chapter 6 (""Deliverance of Pūtanā"" / ""पूतना-उद्धार""): A poignant, devotional depiction capturing the divine narrative essence of this chapter. Color palette centered around indigo blue with deep indigo night, moonlit Yamuna waters, glowing golden pitambara silk and blooming kadamba. Main sacred figures and spiritual interaction arranged gracefully in the center and right foreground, leaving the left third calm with gentle waters, soft misty horizon, or quiet sky. A sublime classical Indian devotional masterpiece painting, Bengal School of Art and Kangra wash style, delicate tempera and watercolor on fine textured handmade wasli paper. Soft poetic fine-line brushwork, expressive soulful faces with classical Indian beauty, fluid natural drapery folds with subtle gold zari embroidery, lush natural foliage under the gentle shade of ancient flowering trees. Atmospheric lighting with a luminous glowing horizon and misty tranquil waters. Full-bleed edge-to-edge painting, seamless composition, absolutely no borders, no frames, no paper margins, no text, no modern 3D render. Wide 16:10 landscape format with calm, uncluttered left third."
ch_10_7,10,7,Deliverance of the demon Tṛṇāvarta,शकट-भंजन और तृणावर्त-उद्धार,"Scene from Skandha 10, Chapter 7 (""Deliverance of the demon Tṛṇāvarta"" / ""शकट-भंजन और तृणावर्त-उद्धार""): A poignant, devotional depiction capturing the divine narrative essence of this chapter. Color palette centered around indigo blue with deep indigo night, moonlit Yamuna waters, glowing golden pitambara silk and blooming kadamba. Main sacred figures and spiritual interaction arranged gracefully in the center and right foreground, leaving the left third calm with gentle waters, soft misty horizon, or quiet sky. A sublime classical Indian devotional masterpiece painting, Bengal School of Art and Kangra wash style, delicate tempera and watercolor on fine textured handmade wasli paper. Soft poetic fine-line brushwork, expressive soulful faces with classical Indian beauty, fluid natural drapery folds with subtle gold zari embroidery, lush natural foliage under the gentle shade of ancient flowering trees. Atmospheric lighting with a luminous glowing horizon and misty tranquil waters. Full-bleed edge-to-edge painting, seamless composition, absolutely no borders, no frames, no paper margins, no text, no modern 3D render. Wide 16:10 landscape format with calm, uncluttered left third."
ch_10_8,10,8,The Naming Ceremony of the Lord and His Infantile Sports,नामकरण-संस्कार और बाललीला,"Scene from Skandha 10, Chapter 8 (""The Naming Ceremony of the Lord and His Infantile Sports"" / ""नामकरण-संस्कार और बाललीला""): A poignant, devotional depiction capturing the divine narrative essence of this chapter. Color palette centered around indigo blue with deep indigo night, moonlit Yamuna waters, glowing golden pitambara silk and blooming kadamba. Main sacred figures and spiritual interaction arranged gracefully in the center and right foreground, leaving the left third calm with gentle waters, soft misty horizon, or quiet sky. A sublime classical Indian devotional masterpiece painting, Bengal School of Art and Kangra wash style, delicate tempera and watercolor on fine textured handmade wasli paper. Soft poetic fine-line brushwork, expressive soulful faces with classical Indian beauty, fluid natural drapery folds with subtle gold zari embroidery, lush natural foliage under the gentle shade of ancient flowering trees. Atmospheric lighting with a luminous glowing horizon and misty tranquil waters. Full-bleed edge-to-edge painting, seamless composition, absolutely no borders, no frames, no paper margins, no text, no modern 3D render. Wide 16:10 landscape format with calm, uncluttered left third."
ch_10_9,10,9,Grace showered on Yaśodā,श्रीकृष्णका ऊखलसे बाँधा जाना,"Scene from Skandha 10, Chapter 9 (""Grace showered on Yaśodā"" / ""श्रीकृष्णका ऊखलसे बाँधा जाना""): A poignant, devotional depiction capturing the divine narrative essence of this chapter. Color palette centered around indigo blue with deep indigo night, moonlit Yamuna waters, glowing golden pitambara silk and blooming kadamba. Main sacred figures and spiritual interaction arranged gracefully in the center and right foreground, leaving the left third calm with gentle waters, soft misty horizon, or quiet sky. A sublime classical Indian devotional masterpiece painting, Bengal School of Art and Kangra wash style, delicate tempera and watercolor on fine textured handmade wasli paper. Soft poetic fine-line brushwork, expressive soulful faces with classical Indian beauty, fluid natural drapery folds with subtle gold zari embroidery, lush natural foliage under the gentle shade of ancient flowering trees. Atmospheric lighting with a luminous glowing horizon and misty tranquil waters. Full-bleed edge-to-edge painting, seamless composition, absolutely no borders, no frames, no paper margins, no text, no modern 3D render. Wide 16:10 landscape format with calm, uncluttered left third."
ch_10_10,10,10,The imprecation pronounced on Kubera’s sons by Nārada and their consequent redemption,यमलार्जुनका उद्धार,"Scene from Skandha 10, Chapter 10 (""The imprecation pronounced on Kubera’s sons by Nārada and their consequent redemption"" / ""यमलार्जुनका उद्धार""): A poignant, devotional depiction capturing the divine narrative essence of this chapter. Color palette centered around indigo blue with deep indigo night, moonlit Yamuna waters, glowing golden pitambara silk and blooming kadamba. Main sacred figures and spiritual interaction arranged gracefully in the center and right foreground, leaving the left third calm with gentle waters, soft misty horizon, or quiet sky. A sublime classical Indian devotional masterpiece painting, Bengal School of Art and Kangra wash style, delicate tempera and watercolor on fine textured handmade wasli paper. Soft poetic fine-line brushwork, expressive soulful faces with classical Indian beauty, fluid natural drapery folds with subtle gold zari embroidery, lush natural foliage under the gentle shade of ancient flowering trees. Atmospheric lighting with a luminous glowing horizon and misty tranquil waters. Full-bleed edge-to-edge painting, seamless composition, absolutely no borders, no frames, no paper margins, no text, no modern 3D render. Wide 16:10 landscape format with calm, uncluttered left third."
ch_10_11,10,11,Destruction of Vatsāsura and Bakāsura,गोकुलसे वृन्दावन जाना तथा वत्सासुर और बकासुरका उद्धार,"Scene from Skandha 10, Chapter 11 (""Destruction of Vatsāsura and Bakāsura"" / ""गोकुलसे वृन्दावन जाना तथा वत्सासुर और बकासुरका उद्धार""): A poignant, devotional depiction capturing the divine narrative essence of this chapter. Color palette centered around indigo blue with deep indigo night, moonlit Yamuna waters, glowing golden pitambara silk and blooming kadamba. Main sacred figures and spiritual interaction arranged gracefully in the center and right foreground, leaving the left third calm with gentle waters, soft misty horizon, or quiet sky. A sublime classical Indian devotional masterpiece painting, Bengal School of Art and Kangra wash style, delicate tempera and watercolor on fine textured handmade wasli paper. Soft poetic fine-line brushwork, expressive soulful faces with classical Indian beauty, fluid natural drapery folds with subtle gold zari embroidery, lush natural foliage under the gentle shade of ancient flowering trees. Atmospheric lighting with a luminous glowing horizon and misty tranquil waters. Full-bleed edge-to-edge painting, seamless composition, absolutely no borders, no frames, no paper margins, no text, no modern 3D render. Wide 16:10 landscape format with calm, uncluttered left third."
ch_10_12,10,12,Deliverance of Aghāsura,अघासुरका उद्धार,"Scene from Skandha 10, Chapter 12 (""Deliverance of Aghāsura"" / ""अघासुरका उद्धार""): A poignant, devotional depiction capturing the divine narrative essence of this chapter. Color palette centered around indigo blue with deep indigo night, moonlit Yamuna waters, glowing golden pitambara silk and blooming kadamba. Main sacred figures and spiritual interaction arranged gracefully in the center and right foreground, leaving the left third calm with gentle waters, soft misty horizon, or quiet sky. A sublime classical Indian devotional masterpiece painting, Bengal School of Art and Kangra wash style, delicate tempera and watercolor on fine textured handmade wasli paper. Soft poetic fine-line brushwork, expressive soulful faces with classical Indian beauty, fluid natural drapery folds with subtle gold zari embroidery, lush natural foliage under the gentle shade of ancient flowering trees. Atmospheric lighting with a luminous glowing horizon and misty tranquil waters. Full-bleed edge-to-edge painting, seamless composition, absolutely no borders, no frames, no paper margins, no text, no modern 3D render. Wide 16:10 landscape format with calm, uncluttered left third."
ch_10_13,10,13,Brahmā is seized with and ultimately rid of infatuation,ब्रह्माजीका मोह और उसका नाश,"Scene from Skandha 10, Chapter 13 (""Brahmā is seized with and ultimately rid of infatuation"" / ""ब्रह्माजीका मोह और उसका नाश""): A poignant, devotional depiction capturing the divine narrative essence of this chapter. Color palette centered around indigo blue with deep indigo night, moonlit Yamuna waters, glowing golden pitambara silk and blooming kadamba. Main sacred figures and spiritual interaction arranged gracefully in the center and right foreground, leaving the left third calm with gentle waters, soft misty horizon, or quiet sky. A sublime classical Indian devotional masterpiece painting, Bengal School of Art and Kangra wash style, delicate tempera and watercolor on fine textured handmade wasli paper. Soft poetic fine-line brushwork, expressive soulful faces with classical Indian beauty, fluid natural drapery folds with subtle gold zari embroidery, lush natural foliage under the gentle shade of ancient flowering trees. Atmospheric lighting with a luminous glowing horizon and misty tranquil waters. Full-bleed edge-to-edge painting, seamless composition, absolutely no borders, no frames, no paper margins, no text, no modern 3D render. Wide 16:10 landscape format with calm, uncluttered left third."
ch_10_14,10,14,Brahmā extols the Lord,ब्रह्माजीके द्वारा भगवान्‌की स्तुति,"Scene from Skandha 10, Chapter 14 (""Brahmā extols the Lord"" / ""ब्रह्माजीके द्वारा भगवान्‌की स्तुति""): A poignant, devotional depiction capturing the divine narrative essence of this chapter. Color palette centered around indigo blue with deep indigo night, moonlit Yamuna waters, glowing golden pitambara silk and blooming kadamba. Main sacred figures and spiritual interaction arranged gracefully in the center and right foreground, leaving the left third calm with gentle waters, soft misty horizon, or quiet sky. A sublime classical Indian devotional masterpiece painting, Bengal School of Art and Kangra wash style, delicate tempera and watercolor on fine textured handmade wasli paper. Soft poetic fine-line brushwork, expressive soulful faces with classical Indian beauty, fluid natural drapery folds with subtle gold zari embroidery, lush natural foliage under the gentle shade of ancient flowering trees. Atmospheric lighting with a luminous glowing horizon and misty tranquil waters. Full-bleed edge-to-edge painting, seamless composition, absolutely no borders, no frames, no paper margins, no text, no modern 3D render. Wide 16:10 landscape format with calm, uncluttered left third."
ch_10_15,10,15,The demon Dhenuka slain,धेनुकासुरका उद्धार और ग्वालबालोंको कालियनागके विषसे बचाना,"Scene from Skandha 10, Chapter 15 (""The demon Dhenuka slain"" / ""धेनुकासुरका उद्धार और ग्वालबालोंको कालियनागके विषसे बचाना""): A poignant, devotional depiction capturing the divine narrative essence of this chapter. Color palette centered around indigo blue with deep indigo night, moonlit Yamuna waters, glowing golden pitambara silk and blooming kadamba. Main sacred figures and spiritual interaction arranged gracefully in the center and right foreground, leaving the left third calm with gentle waters, soft misty horizon, or quiet sky. A sublime classical Indian devotional masterpiece painting, Bengal School of Art and Kangra wash style, delicate tempera and watercolor on fine textured handmade wasli paper. Soft poetic fine-line brushwork, expressive soulful faces with classical Indian beauty, fluid natural drapery folds with subtle gold zari embroidery, lush natural foliage under the gentle shade of ancient flowering trees. Atmospheric lighting with a luminous glowing horizon and misty tranquil waters. Full-bleed edge-to-edge painting, seamless composition, absolutely no borders, no frames, no paper margins, no text, no modern 3D render. Wide 16:10 landscape format with calm, uncluttered left third."
ch_10_16,10,16,The Deliverance of Kāliya,कालियपर कृपा,"Scene from Skandha 10, Chapter 16 (""The Deliverance of Kāliya"" / ""कालियपर कृपा""): A poignant, devotional depiction capturing the divine narrative essence of this chapter. Color palette centered around indigo blue with deep indigo night, moonlit Yamuna waters, glowing golden pitambara silk and blooming kadamba. Main sacred figures and spiritual interaction arranged gracefully in the center and right foreground, leaving the left third calm with gentle waters, soft misty horizon, or quiet sky. A sublime classical Indian devotional masterpiece painting, Bengal School of Art and Kangra wash style, delicate tempera and watercolor on fine textured handmade wasli paper. Soft poetic fine-line brushwork, expressive soulful faces with classical Indian beauty, fluid natural drapery folds with subtle gold zari embroidery, lush natural foliage under the gentle shade of ancient flowering trees. Atmospheric lighting with a luminous glowing horizon and misty tranquil waters. Full-bleed edge-to-edge painting, seamless composition, absolutely no borders, no frames, no paper margins, no text, no modern 3D render. Wide 16:10 landscape format with calm, uncluttered left third."
ch_10_17,10,17,The Lord rescues the inhabitants of Vraja from a wild fire,कालियके कालियदहमें आनेकी कथा तथा भगवान्‌का व्रजवासियोंको दावानलसे बचाना,"Scene from Skandha 10, Chapter 17 (""The Lord rescues the inhabitants of Vraja from a wild fire"" / ""कालियके कालियदहमें आनेकी कथा तथा भगवान्‌का व्रजवासियोंको दावानलसे बचाना""): A poignant, devotional depiction capturing the divine narrative essence of this chapter. Color palette centered around indigo blue with deep indigo night, moonlit Yamuna waters, glowing golden pitambara silk and blooming kadamba. Main sacred figures and spiritual interaction arranged gracefully in the center and right foreground, leaving the left third calm with gentle waters, soft misty horizon, or quiet sky. A sublime classical Indian devotional masterpiece painting, Bengal School of Art and Kangra wash style, delicate tempera and watercolor on fine textured handmade wasli paper. Soft poetic fine-line brushwork, expressive soulful faces with classical Indian beauty, fluid natural drapery folds with subtle gold zari embroidery, lush natural foliage under the gentle shade of ancient flowering trees. Atmospheric lighting with a luminous glowing horizon and misty tranquil waters. Full-bleed edge-to-edge painting, seamless composition, absolutely no borders, no frames, no paper margins, no text, no modern 3D render. Wide 16:10 landscape format with calm, uncluttered left third."
ch_10_18,10,18,The Lord slays the demon Pralamba,प्रलम्बासुर-उद्धार,"Scene from Skandha 10, Chapter 18 (""The Lord slays the demon Pralamba"" / ""प्रलम्बासुर-उद्धार""): A poignant, devotional depiction capturing the divine narrative essence of this chapter. Color palette centered around indigo blue with deep indigo night, moonlit Yamuna waters, glowing golden pitambara silk and blooming kadamba. Main sacred figures and spiritual interaction arranged gracefully in the center and right foreground, leaving the left third calm with gentle waters, soft misty horizon, or quiet sky. A sublime classical Indian devotional masterpiece painting, Bengal School of Art and Kangra wash style, delicate tempera and watercolor on fine textured handmade wasli paper. Soft poetic fine-line brushwork, expressive soulful faces with classical Indian beauty, fluid natural drapery folds with subtle gold zari embroidery, lush natural foliage under the gentle shade of ancient flowering trees. Atmospheric lighting with a luminous glowing horizon and misty tranquil waters. Full-bleed edge-to-edge painting, seamless composition, absolutely no borders, no frames, no paper margins, no text, no modern 3D render. Wide 16:10 landscape format with calm, uncluttered left third."
ch_10_19,10,19,The Lord swallows up a wild fire again,गौओं और गोपोंको दावानलसे बचाना,"Scene from Skandha 10, Chapter 19 (""The Lord swallows up a wild fire again"" / ""गौओं और गोपोंको दावानलसे बचाना""): A poignant, devotional depiction capturing the divine narrative essence of this chapter. Color palette centered around indigo blue with deep indigo night, moonlit Yamuna waters, glowing golden pitambara silk and blooming kadamba. Main sacred figures and spiritual interaction arranged gracefully in the center and right foreground, leaving the left third calm with gentle waters, soft misty horizon, or quiet sky. A sublime classical Indian devotional masterpiece painting, Bengal School of Art and Kangra wash style, delicate tempera and watercolor on fine textured handmade wasli paper. Soft poetic fine-line brushwork, expressive soulful faces with classical Indian beauty, fluid natural drapery folds with subtle gold zari embroidery, lush natural foliage under the gentle shade of ancient flowering trees. Atmospheric lighting with a luminous glowing horizon and misty tranquil waters. Full-bleed edge-to-edge painting, seamless composition, absolutely no borders, no frames, no paper margins, no text, no modern 3D render. Wide 16:10 landscape format with calm, uncluttered left third."
ch_10_20,10,20,A description of the Rains and Autumn,वर्षा और शरद्ऋतुका वर्णन,"Scene from Skandha 10, Chapter 20 (""A description of the Rains and Autumn"" / ""वर्षा और शरद्ऋतुका वर्णन""): A poignant, devotional depiction capturing the divine narrative essence of this chapter. Color palette centered around indigo blue with deep indigo night, moonlit Yamuna waters, glowing golden pitambara silk and blooming kadamba. Main sacred figures and spiritual interaction arranged gracefully in the center and right foreground, leaving the left third calm with gentle waters, soft misty horizon, or quiet sky. A sublime classical Indian devotional masterpiece painting, Bengal School of Art and Kangra wash style, delicate tempera and watercolor on fine textured handmade wasli paper. Soft poetic fine-line brushwork, expressive soulful faces with classical Indian beauty, fluid natural drapery folds with subtle gold zari embroidery, lush natural foliage under the gentle shade of ancient flowering trees. Atmospheric lighting with a luminous glowing horizon and misty tranquil waters. Full-bleed edge-to-edge painting, seamless composition, absolutely no borders, no frames, no paper margins, no text, no modern 3D render. Wide 16:10 landscape format with calm, uncluttered left third."
ch_10_21,10,21,The Song inspired by the Flute,वेणुगीत,"Scene from Skandha 10, Chapter 21 (""The Song inspired by the Flute"" / ""वेणुगीत""): A poignant, devotional depiction capturing the divine narrative essence of this chapter. Color palette centered around indigo blue with deep indigo night, moonlit Yamuna waters, glowing golden pitambara silk and blooming kadamba. Main sacred figures and spiritual interaction arranged gracefully in the center and right foreground, leaving the left third calm with gentle waters, soft misty horizon, or quiet sky. A sublime classical Indian devotional masterpiece painting, Bengal School of Art and Kangra wash style, delicate tempera and watercolor on fine textured handmade wasli paper. Soft poetic fine-line brushwork, expressive soulful faces with classical Indian beauty, fluid natural drapery folds with subtle gold zari embroidery, lush natural foliage under the gentle shade of ancient flowering trees. Atmospheric lighting with a luminous glowing horizon and misty tranquil waters. Full-bleed edge-to-edge painting, seamless composition, absolutely no borders, no frames, no paper margins, no text, no modern 3D render. Wide 16:10 landscape format with calm, uncluttered left third."
ch_10_22,10,22,The Lord steals away the garments of cowherd maids,चीरहरण,"Scene from Skandha 10, Chapter 22 (""The Lord steals away the garments of cowherd maids"" / ""चीरहरण""): A poignant, devotional depiction capturing the divine narrative essence of this chapter. Color palette centered around indigo blue with deep indigo night, moonlit Yamuna waters, glowing golden pitambara silk and blooming kadamba. Main sacred figures and spiritual interaction arranged gracefully in the center and right foreground, leaving the left third calm with gentle waters, soft misty horizon, or quiet sky. A sublime classical Indian devotional masterpiece painting, Bengal School of Art and Kangra wash style, delicate tempera and watercolor on fine textured handmade wasli paper. Soft poetic fine-line brushwork, expressive soulful faces with classical Indian beauty, fluid natural drapery folds with subtle gold zari embroidery, lush natural foliage under the gentle shade of ancient flowering trees. Atmospheric lighting with a luminous glowing horizon and misty tranquil waters. Full-bleed edge-to-edge painting, seamless composition, absolutely no borders, no frames, no paper margins, no text, no modern 3D render. Wide 16:10 landscape format with calm, uncluttered left third."
ch_10_23,10,23,Redemption of the wives of some Brāhmaṇas engaged in a sacrifice,यज्ञपत्नियोंपर कृपा,"Scene from Skandha 10, Chapter 23 (""Redemption of the wives of some Brāhmaṇas engaged in a sacrifice"" / ""यज्ञपत्नियोंपर कृपा""): A poignant, devotional depiction capturing the divine narrative essence of this chapter. Color palette centered around indigo blue with deep indigo night, moonlit Yamuna waters, glowing golden pitambara silk and blooming kadamba. Main sacred figures and spiritual interaction arranged gracefully in the center and right foreground, leaving the left third calm with gentle waters, soft misty horizon, or quiet sky. A sublime classical Indian devotional masterpiece painting, Bengal School of Art and Kangra wash style, delicate tempera and watercolor on fine textured handmade wasli paper. Soft poetic fine-line brushwork, expressive soulful faces with classical Indian beauty, fluid natural drapery folds with subtle gold zari embroidery, lush natural foliage under the gentle shade of ancient flowering trees. Atmospheric lighting with a luminous glowing horizon and misty tranquil waters. Full-bleed edge-to-edge painting, seamless composition, absolutely no borders, no frames, no paper margins, no text, no modern 3D render. Wide 16:10 landscape format with calm, uncluttered left third."
ch_10_24,10,24,The Lord stops the sacrifice to Indra,इन्द्रयज्ञ-निवारण,"Scene from Skandha 10, Chapter 24 (""The Lord stops the sacrifice to Indra"" / ""इन्द्रयज्ञ-निवारण""): A poignant, devotional depiction capturing the divine narrative essence of this chapter. Color palette centered around indigo blue with deep indigo night, moonlit Yamuna waters, glowing golden pitambara silk and blooming kadamba. Main sacred figures and spiritual interaction arranged gracefully in the center and right foreground, leaving the left third calm with gentle waters, soft misty horizon, or quiet sky. A sublime classical Indian devotional masterpiece painting, Bengal School of Art and Kangra wash style, delicate tempera and watercolor on fine textured handmade wasli paper. Soft poetic fine-line brushwork, expressive soulful faces with classical Indian beauty, fluid natural drapery folds with subtle gold zari embroidery, lush natural foliage under the gentle shade of ancient flowering trees. Atmospheric lighting with a luminous glowing horizon and misty tranquil waters. Full-bleed edge-to-edge painting, seamless composition, absolutely no borders, no frames, no paper margins, no text, no modern 3D render. Wide 16:10 landscape format with calm, uncluttered left third."
ch_10_25,10,25,The Lord lifts up Mount Govardhana,गोवर्धनधारण,"Scene from Skandha 10, Chapter 25 (""The Lord lifts up Mount Govardhana"" / ""गोवर्धनधारण""): A poignant, devotional depiction capturing the divine narrative essence of this chapter. Color palette centered around indigo blue with deep indigo night, moonlit Yamuna waters, glowing golden pitambara silk and blooming kadamba. Main sacred figures and spiritual interaction arranged gracefully in the center and right foreground, leaving the left third calm with gentle waters, soft misty horizon, or quiet sky. A sublime classical Indian devotional masterpiece painting, Bengal School of Art and Kangra wash style, delicate tempera and watercolor on fine textured handmade wasli paper. Soft poetic fine-line brushwork, expressive soulful faces with classical Indian beauty, fluid natural drapery folds with subtle gold zari embroidery, lush natural foliage under the gentle shade of ancient flowering trees. Atmospheric lighting with a luminous glowing horizon and misty tranquil waters. Full-bleed edge-to-edge painting, seamless composition, absolutely no borders, no frames, no paper margins, no text, no modern 3D render. Wide 16:10 landscape format with calm, uncluttered left third."
ch_10_26,10,26,Nanda’s conversation with the cowherds about Śrī Kṛṣṇa’s glory,नन्दबाबासे गोपोंकी श्रीकृष्णके प्रभावके विषयमें बातचीत,"Scene from Skandha 10, Chapter 26 (""Nanda’s conversation with the cowherds about Śrī Kṛṣṇa’s glory"" / ""नन्दबाबासे गोपोंकी श्रीकृष्णके प्रभावके विषयमें बातचीत""): A poignant, devotional depiction capturing the divine narrative essence of this chapter. Color palette centered around indigo blue with deep indigo night, moonlit Yamuna waters, glowing golden pitambara silk and blooming kadamba. Main sacred figures and spiritual interaction arranged gracefully in the center and right foreground, leaving the left third calm with gentle waters, soft misty horizon, or quiet sky. A sublime classical Indian devotional masterpiece painting, Bengal School of Art and Kangra wash style, delicate tempera and watercolor on fine textured handmade wasli paper. Soft poetic fine-line brushwork, expressive soulful faces with classical Indian beauty, fluid natural drapery folds with subtle gold zari embroidery, lush natural foliage under the gentle shade of ancient flowering trees. Atmospheric lighting with a luminous glowing horizon and misty tranquil waters. Full-bleed edge-to-edge painting, seamless composition, absolutely no borders, no frames, no paper margins, no text, no modern 3D render. Wide 16:10 landscape format with calm, uncluttered left third."
ch_10_27,10,27,Indra extols Śrī Kṛṣṇa,श्रीकृष्णका अभिषेक,"Scene from Skandha 10, Chapter 27 (""Indra extols Śrī Kṛṣṇa"" / ""श्रीकृष्णका अभिषेक""): A poignant, devotional depiction capturing the divine narrative essence of this chapter. Color palette centered around indigo blue with deep indigo night, moonlit Yamuna waters, glowing golden pitambara silk and blooming kadamba. Main sacred figures and spiritual interaction arranged gracefully in the center and right foreground, leaving the left third calm with gentle waters, soft misty horizon, or quiet sky. A sublime classical Indian devotional masterpiece painting, Bengal School of Art and Kangra wash style, delicate tempera and watercolor on fine textured handmade wasli paper. Soft poetic fine-line brushwork, expressive soulful faces with classical Indian beauty, fluid natural drapery folds with subtle gold zari embroidery, lush natural foliage under the gentle shade of ancient flowering trees. Atmospheric lighting with a luminous glowing horizon and misty tranquil waters. Full-bleed edge-to-edge painting, seamless composition, absolutely no borders, no frames, no paper margins, no text, no modern 3D render. Wide 16:10 landscape format with calm, uncluttered left third."
ch_10_28,10,28,Śrī Kṛṣṇa rescues His father from the realm of Varuṇa,वरुणलोकसे नन्दजीको छुड़ाकर लाना,"Scene from Skandha 10, Chapter 28 (""Śrī Kṛṣṇa rescues His father from the realm of Varuṇa"" / ""वरुणलोकसे नन्दजीको छुड़ाकर लाना""): A poignant, devotional depiction capturing the divine narrative essence of this chapter. Color palette centered around indigo blue with deep indigo night, moonlit Yamuna waters, glowing golden pitambara silk and blooming kadamba. Main sacred figures and spiritual interaction arranged gracefully in the center and right foreground, leaving the left third calm with gentle waters, soft misty horizon, or quiet sky. A sublime classical Indian devotional masterpiece painting, Bengal School of Art and Kangra wash style, delicate tempera and watercolor on fine textured handmade wasli paper. Soft poetic fine-line brushwork, expressive soulful faces with classical Indian beauty, fluid natural drapery folds with subtle gold zari embroidery, lush natural foliage under the gentle shade of ancient flowering trees. Atmospheric lighting with a luminous glowing horizon and misty tranquil waters. Full-bleed edge-to-edge painting, seamless composition, absolutely no borders, no frames, no paper margins, no text, no modern 3D render. Wide 16:10 landscape format with calm, uncluttered left third."
ch_10_29,10,29,A description of the celebrated Rāsa Play of the Lord,रासलीलाका आरम्भ,"Scene from Skandha 10, Chapter 29 (""A description of the celebrated Rāsa Play of the Lord"" / ""रासलीलाका आरम्भ""): A poignant, devotional depiction capturing the divine narrative essence of this chapter. Color palette centered around indigo blue with deep indigo night, moonlit Yamuna waters, glowing golden pitambara silk and blooming kadamba. Main sacred figures and spiritual interaction arranged gracefully in the center and right foreground, leaving the left third calm with gentle waters, soft misty horizon, or quiet sky. A sublime classical Indian devotional masterpiece painting, Bengal School of Art and Kangra wash style, delicate tempera and watercolor on fine textured handmade wasli paper. Soft poetic fine-line brushwork, expressive soulful faces with classical Indian beauty, fluid natural drapery folds with subtle gold zari embroidery, lush natural foliage under the gentle shade of ancient flowering trees. Atmospheric lighting with a luminous glowing horizon and misty tranquil waters. Full-bleed edge-to-edge painting, seamless composition, absolutely no borders, no frames, no paper margins, no text, no modern 3D render. Wide 16:10 landscape format with calm, uncluttered left third."
ch_10_30,10,30,The Gopīs’ Quest for Śrī Kṛṣṇa during the Rāsa-Play,श्रीकृष्णके विरहमें गोपियोंकी दशा,"Scene from Skandha 10, Chapter 30 (""The Gopīs’ Quest for Śrī Kṛṣṇa during the Rāsa-Play"" / ""श्रीकृष्णके विरहमें गोपियोंकी दशा""): A poignant, devotional depiction capturing the divine narrative essence of this chapter. Color palette centered around indigo blue with deep indigo night, moonlit Yamuna waters, glowing golden pitambara silk and blooming kadamba. Main sacred figures and spiritual interaction arranged gracefully in the center and right foreground, leaving the left third calm with gentle waters, soft misty horizon, or quiet sky. A sublime classical Indian devotional masterpiece painting, Bengal School of Art and Kangra wash style, delicate tempera and watercolor on fine textured handmade wasli paper. Soft poetic fine-line brushwork, expressive soulful faces with classical Indian beauty, fluid natural drapery folds with subtle gold zari embroidery, lush natural foliage under the gentle shade of ancient flowering trees. Atmospheric lighting with a luminous glowing horizon and misty tranquil waters. Full-bleed edge-to-edge painting, seamless composition, absolutely no borders, no frames, no paper margins, no text, no modern 3D render. Wide 16:10 landscape format with calm, uncluttered left third."
ch_10_31,10,31,The Gopīs’ Song (at the Lord’s disappearance) during the Rāsa-Play,गोपिकागीत,"Scene from Skandha 10, Chapter 31 (""The Gopīs’ Song (at the Lord’s disappearance) during the Rāsa-Play"" / ""गोपिकागीत""): A poignant, devotional depiction capturing the divine narrative essence of this chapter. Color palette centered around indigo blue with deep indigo night, moonlit Yamuna waters, glowing golden pitambara silk and blooming kadamba. Main sacred figures and spiritual interaction arranged gracefully in the center and right foreground, leaving the left third calm with gentle waters, soft misty horizon, or quiet sky. A sublime classical Indian devotional masterpiece painting, Bengal School of Art and Kangra wash style, delicate tempera and watercolor on fine textured handmade wasli paper. Soft poetic fine-line brushwork, expressive soulful faces with classical Indian beauty, fluid natural drapery folds with subtle gold zari embroidery, lush natural foliage under the gentle shade of ancient flowering trees. Atmospheric lighting with a luminous glowing horizon and misty tranquil waters. Full-bleed edge-to-edge painting, seamless composition, absolutely no borders, no frames, no paper margins, no text, no modern 3D render. Wide 16:10 landscape format with calm, uncluttered left third."
ch_10_32,10,32,The Lord comforts the Gopīs during the Rāsa-Play,भगवान्‌का प्रकट होकर गोपियोंको सान्त्वना देना,"Scene from Skandha 10, Chapter 32 (""The Lord comforts the Gopīs during the Rāsa-Play"" / ""भगवान्‌का प्रकट होकर गोपियोंको सान्त्वना देना""): A poignant, devotional depiction capturing the divine narrative essence of this chapter. Color palette centered around indigo blue with deep indigo night, moonlit Yamuna waters, glowing golden pitambara silk and blooming kadamba. Main sacred figures and spiritual interaction arranged gracefully in the center and right foreground, leaving the left third calm with gentle waters, soft misty horizon, or quiet sky. A sublime classical Indian devotional masterpiece painting, Bengal School of Art and Kangra wash style, delicate tempera and watercolor on fine textured handmade wasli paper. Soft poetic fine-line brushwork, expressive soulful faces with classical Indian beauty, fluid natural drapery folds with subtle gold zari embroidery, lush natural foliage under the gentle shade of ancient flowering trees. Atmospheric lighting with a luminous glowing horizon and misty tranquil waters. Full-bleed edge-to-edge painting, seamless composition, absolutely no borders, no frames, no paper margins, no text, no modern 3D render. Wide 16:10 landscape format with calm, uncluttered left third."
ch_10_33,10,33,A Description of the Rāsa-Play,महारास,"Scene from Skandha 10, Chapter 33 (""A Description of the Rāsa-Play"" / ""महारास""): A poignant, devotional depiction capturing the divine narrative essence of this chapter. Color palette centered around indigo blue with deep indigo night, moonlit Yamuna waters, glowing golden pitambara silk and blooming kadamba. Main sacred figures and spiritual interaction arranged gracefully in the center and right foreground, leaving the left third calm with gentle waters, soft misty horizon, or quiet sky. A sublime classical Indian devotional masterpiece painting, Bengal School of Art and Kangra wash style, delicate tempera and watercolor on fine textured handmade wasli paper. Soft poetic fine-line brushwork, expressive soulful faces with classical Indian beauty, fluid natural drapery folds with subtle gold zari embroidery, lush natural foliage under the gentle shade of ancient flowering trees. Atmospheric lighting with a luminous glowing horizon and misty tranquil waters. Full-bleed edge-to-edge painting, seamless composition, absolutely no borders, no frames, no paper margins, no text, no modern 3D render. Wide 16:10 landscape format with calm, uncluttered left third."
ch_10_34,10,34,The Lord makes short work of śaṅkhacūḍa,सुदर्शन और शंखचूडका उद्धार,"Scene from Skandha 10, Chapter 34 (""The Lord makes short work of śaṅkhacūḍa"" / ""सुदर्शन और शंखचूडका उद्धार""): A poignant, devotional depiction capturing the divine narrative essence of this chapter. Color palette centered around indigo blue with deep indigo night, moonlit Yamuna waters, glowing golden pitambara silk and blooming kadamba. Main sacred figures and spiritual interaction arranged gracefully in the center and right foreground, leaving the left third calm with gentle waters, soft misty horizon, or quiet sky. A sublime classical Indian devotional masterpiece painting, Bengal School of Art and Kangra wash style, delicate tempera and watercolor on fine textured handmade wasli paper. Soft poetic fine-line brushwork, expressive soulful faces with classical Indian beauty, fluid natural drapery folds with subtle gold zari embroidery, lush natural foliage under the gentle shade of ancient flowering trees. Atmospheric lighting with a luminous glowing horizon and misty tranquil waters. Full-bleed edge-to-edge painting, seamless composition, absolutely no borders, no frames, no paper margins, no text, no modern 3D render. Wide 16:10 landscape format with calm, uncluttered left third."
ch_10_35,10,35,The Gopīs’ song in pairs of verses,युगलगीत,"Scene from Skandha 10, Chapter 35 (""The Gopīs’ song in pairs of verses"" / ""युगलगीत""): A poignant, devotional depiction capturing the divine narrative essence of this chapter. Color palette centered around indigo blue with deep indigo night, moonlit Yamuna waters, glowing golden pitambara silk and blooming kadamba. Main sacred figures and spiritual interaction arranged gracefully in the center and right foreground, leaving the left third calm with gentle waters, soft misty horizon, or quiet sky. A sublime classical Indian devotional masterpiece painting, Bengal School of Art and Kangra wash style, delicate tempera and watercolor on fine textured handmade wasli paper. Soft poetic fine-line brushwork, expressive soulful faces with classical Indian beauty, fluid natural drapery folds with subtle gold zari embroidery, lush natural foliage under the gentle shade of ancient flowering trees. Atmospheric lighting with a luminous glowing horizon and misty tranquil waters. Full-bleed edge-to-edge painting, seamless composition, absolutely no borders, no frames, no paper margins, no text, no modern 3D render. Wide 16:10 landscape format with calm, uncluttered left third."
ch_10_36,10,36,Kaṃsa sends Akrūra to Vraja to bring Śrī Kṛṣṇa and Balarāma to Mathurā,अरिष्टासुरका उद्धार और कंसका श्रीअक्रूरजीको व्रजमें भेजना,"Scene from Skandha 10, Chapter 36 (""Kaṃsa sends Akrūra to Vraja to bring Śrī Kṛṣṇa and Balarāma to Mathurā"" / ""अरिष्टासुरका उद्धार और कंसका श्रीअक्रूरजीको व्रजमें भेजना""): A poignant, devotional depiction capturing the divine narrative essence of this chapter. Color palette centered around indigo blue with deep indigo night, moonlit Yamuna waters, glowing golden pitambara silk and blooming kadamba. Main sacred figures and spiritual interaction arranged gracefully in the center and right foreground, leaving the left third calm with gentle waters, soft misty horizon, or quiet sky. A sublime classical Indian devotional masterpiece painting, Bengal School of Art and Kangra wash style, delicate tempera and watercolor on fine textured handmade wasli paper. Soft poetic fine-line brushwork, expressive soulful faces with classical Indian beauty, fluid natural drapery folds with subtle gold zari embroidery, lush natural foliage under the gentle shade of ancient flowering trees. Atmospheric lighting with a luminous glowing horizon and misty tranquil waters. Full-bleed edge-to-edge painting, seamless composition, absolutely no borders, no frames, no paper margins, no text, no modern 3D render. Wide 16:10 landscape format with calm, uncluttered left third."
ch_10_37,10,37,The demon Vyoma slain by the Lord,केशी और व्योमासुरका उद्धार तथा नारदजीके द्वारा भगवान्‌की स्तुति,"Scene from Skandha 10, Chapter 37 (""The demon Vyoma slain by the Lord"" / ""केशी और व्योमासुरका उद्धार तथा नारदजीके द्वारा भगवान्‌की स्तुति""): A poignant, devotional depiction capturing the divine narrative essence of this chapter. Color palette centered around indigo blue with deep indigo night, moonlit Yamuna waters, glowing golden pitambara silk and blooming kadamba. Main sacred figures and spiritual interaction arranged gracefully in the center and right foreground, leaving the left third calm with gentle waters, soft misty horizon, or quiet sky. A sublime classical Indian devotional masterpiece painting, Bengal School of Art and Kangra wash style, delicate tempera and watercolor on fine textured handmade wasli paper. Soft poetic fine-line brushwork, expressive soulful faces with classical Indian beauty, fluid natural drapery folds with subtle gold zari embroidery, lush natural foliage under the gentle shade of ancient flowering trees. Atmospheric lighting with a luminous glowing horizon and misty tranquil waters. Full-bleed edge-to-edge painting, seamless composition, absolutely no borders, no frames, no paper margins, no text, no modern 3D render. Wide 16:10 landscape format with calm, uncluttered left third."
ch_10_38,10,38,Akrūra’s arrival in Vraja,अक्रूरजीकी व्रजयात्रा,"Scene from Skandha 10, Chapter 38 (""Akrūra’s arrival in Vraja"" / ""अक्रूरजीकी व्रजयात्रा""): A poignant, devotional depiction capturing the divine narrative essence of this chapter. Color palette centered around indigo blue with deep indigo night, moonlit Yamuna waters, glowing golden pitambara silk and blooming kadamba. Main sacred figures and spiritual interaction arranged gracefully in the center and right foreground, leaving the left third calm with gentle waters, soft misty horizon, or quiet sky. A sublime classical Indian devotional masterpiece painting, Bengal School of Art and Kangra wash style, delicate tempera and watercolor on fine textured handmade wasli paper. Soft poetic fine-line brushwork, expressive soulful faces with classical Indian beauty, fluid natural drapery folds with subtle gold zari embroidery, lush natural foliage under the gentle shade of ancient flowering trees. Atmospheric lighting with a luminous glowing horizon and misty tranquil waters. Full-bleed edge-to-edge painting, seamless composition, absolutely no borders, no frames, no paper margins, no text, no modern 3D render. Wide 16:10 landscape format with calm, uncluttered left third."
ch_10_39,10,39,Departure of Śrī Kṛṣṇa and Balarāma for Mathurā,श्रीकृष्ण-बलरामका मथुरागमन,"Scene from Skandha 10, Chapter 39 (""Departure of Śrī Kṛṣṇa and Balarāma for Mathurā"" / ""श्रीकृष्ण-बलरामका मथुरागमन""): A poignant, devotional depiction capturing the divine narrative essence of this chapter. Color palette centered around indigo blue with deep indigo night, moonlit Yamuna waters, glowing golden pitambara silk and blooming kadamba. Main sacred figures and spiritual interaction arranged gracefully in the center and right foreground, leaving the left third calm with gentle waters, soft misty horizon, or quiet sky. A sublime classical Indian devotional masterpiece painting, Bengal School of Art and Kangra wash style, delicate tempera and watercolor on fine textured handmade wasli paper. Soft poetic fine-line brushwork, expressive soulful faces with classical Indian beauty, fluid natural drapery folds with subtle gold zari embroidery, lush natural foliage under the gentle shade of ancient flowering trees. Atmospheric lighting with a luminous glowing horizon and misty tranquil waters. Full-bleed edge-to-edge painting, seamless composition, absolutely no borders, no frames, no paper margins, no text, no modern 3D render. Wide 16:10 landscape format with calm, uncluttered left third."
ch_10_40,10,40,Akrūra’s eulogy of the Lord,अक्रूरजीके द्वारा भगवान् श्रीकृष्णकी स्तुति,"Scene from Skandha 10, Chapter 40 (""Akrūra’s eulogy of the Lord"" / ""अक्रूरजीके द्वारा भगवान् श्रीकृष्णकी स्तुति""): A poignant, devotional depiction capturing the divine narrative essence of this chapter. Color palette centered around indigo blue with deep indigo night, moonlit Yamuna waters, glowing golden pitambara silk and blooming kadamba. Main sacred figures and spiritual interaction arranged gracefully in the center and right foreground, leaving the left third calm with gentle waters, soft misty horizon, or quiet sky. A sublime classical Indian devotional masterpiece painting, Bengal School of Art and Kangra wash style, delicate tempera and watercolor on fine textured handmade wasli paper. Soft poetic fine-line brushwork, expressive soulful faces with classical Indian beauty, fluid natural drapery folds with subtle gold zari embroidery, lush natural foliage under the gentle shade of ancient flowering trees. Atmospheric lighting with a luminous glowing horizon and misty tranquil waters. Full-bleed edge-to-edge painting, seamless composition, absolutely no borders, no frames, no paper margins, no text, no modern 3D render. Wide 16:10 landscape format with calm, uncluttered left third."
ch_10_41,10,41,Entry into Mathurā of Śrī Kṛṣṇa and Balarāma,श्रीकृष्णका मथुराजीमें प्रवेश,"Scene from Skandha 10, Chapter 41 (""Entry into Mathurā of Śrī Kṛṣṇa and Balarāma"" / ""श्रीकृष्णका मथुराजीमें प्रवेश""): A poignant, devotional depiction capturing the divine narrative essence of this chapter. Color palette centered around indigo blue with deep indigo night, moonlit Yamuna waters, glowing golden pitambara silk and blooming kadamba. Main sacred figures and spiritual interaction arranged gracefully in the center and right foreground, leaving the left third calm with gentle waters, soft misty horizon, or quiet sky. A sublime classical Indian devotional masterpiece painting, Bengal School of Art and Kangra wash style, delicate tempera and watercolor on fine textured handmade wasli paper. Soft poetic fine-line brushwork, expressive soulful faces with classical Indian beauty, fluid natural drapery folds with subtle gold zari embroidery, lush natural foliage under the gentle shade of ancient flowering trees. Atmospheric lighting with a luminous glowing horizon and misty tranquil waters. Full-bleed edge-to-edge painting, seamless composition, absolutely no borders, no frames, no paper margins, no text, no modern 3D render. Wide 16:10 landscape format with calm, uncluttered left third."
ch_10_42,10,42,"A description of the amphitheatre for wrestlers, set up by Kaṃsa","कुब्जापर कृपा, धनुषभंग और कंसकी घबड़ाहट","Scene from Skandha 10, Chapter 42 (""A description of the amphitheatre for wrestlers, set up by Kaṃsa"" / ""कुब्जापर कृपा, धनुषभंग और कंसकी घबड़ाहट""): A poignant, devotional depiction capturing the divine narrative essence of this chapter. Color palette centered around indigo blue with deep indigo night, moonlit Yamuna waters, glowing golden pitambara silk and blooming kadamba. Main sacred figures and spiritual interaction arranged gracefully in the center and right foreground, leaving the left third calm with gentle waters, soft misty horizon, or quiet sky. A sublime classical Indian devotional masterpiece painting, Bengal School of Art and Kangra wash style, delicate tempera and watercolor on fine textured handmade wasli paper. Soft poetic fine-line brushwork, expressive soulful faces with classical Indian beauty, fluid natural drapery folds with subtle gold zari embroidery, lush natural foliage under the gentle shade of ancient flowering trees. Atmospheric lighting with a luminous glowing horizon and misty tranquil waters. Full-bleed edge-to-edge painting, seamless composition, absolutely no borders, no frames, no paper margins, no text, no modern 3D render. Wide 16:10 landscape format with calm, uncluttered left third."
ch_10_43,10,43,The elephant Kuvalayāpīḍa killed by the Lord,कुवलयापीड़का उद्धार और अखाड़ेमें प्रवेश,"Scene from Skandha 10, Chapter 43 (""The elephant Kuvalayāpīḍa killed by the Lord"" / ""कुवलयापीड़का उद्धार और अखाड़ेमें प्रवेश""): A poignant, devotional depiction capturing the divine narrative essence of this chapter. Color palette centered around indigo blue with deep indigo night, moonlit Yamuna waters, glowing golden pitambara silk and blooming kadamba. Main sacred figures and spiritual interaction arranged gracefully in the center and right foreground, leaving the left third calm with gentle waters, soft misty horizon, or quiet sky. A sublime classical Indian devotional masterpiece painting, Bengal School of Art and Kangra wash style, delicate tempera and watercolor on fine textured handmade wasli paper. Soft poetic fine-line brushwork, expressive soulful faces with classical Indian beauty, fluid natural drapery folds with subtle gold zari embroidery, lush natural foliage under the gentle shade of ancient flowering trees. Atmospheric lighting with a luminous glowing horizon and misty tranquil waters. Full-bleed edge-to-edge painting, seamless composition, absolutely no borders, no frames, no paper margins, no text, no modern 3D render. Wide 16:10 landscape format with calm, uncluttered left third."
ch_10_44,10,44,Kaṃsa slain by the Lord,"चाणूर, मुष्टिक आदि पहलवानोंका तथा कंसका उद्धार","Scene from Skandha 10, Chapter 44 (""Kaṃsa slain by the Lord"" / ""चाणूर, मुष्टिक आदि पहलवानोंका तथा कंसका उद्धार""): A poignant, devotional depiction capturing the divine narrative essence of this chapter. Color palette centered around indigo blue with deep indigo night, moonlit Yamuna waters, glowing golden pitambara silk and blooming kadamba. Main sacred figures and spiritual interaction arranged gracefully in the center and right foreground, leaving the left third calm with gentle waters, soft misty horizon, or quiet sky. A sublime classical Indian devotional masterpiece painting, Bengal School of Art and Kangra wash style, delicate tempera and watercolor on fine textured handmade wasli paper. Soft poetic fine-line brushwork, expressive soulful faces with classical Indian beauty, fluid natural drapery folds with subtle gold zari embroidery, lush natural foliage under the gentle shade of ancient flowering trees. Atmospheric lighting with a luminous glowing horizon and misty tranquil waters. Full-bleed edge-to-edge painting, seamless composition, absolutely no borders, no frames, no paper margins, no text, no modern 3D render. Wide 16:10 landscape format with calm, uncluttered left third."
ch_10_45,10,45,The Lord brings back His preceptor’s son from the abode of Death,श्रीकृष्ण-बलरामका यज्ञोपवीत और गुरुकुल प्रवेश,"Scene from Skandha 10, Chapter 45 (""The Lord brings back His preceptor’s son from the abode of Death"" / ""श्रीकृष्ण-बलरामका यज्ञोपवीत और गुरुकुल प्रवेश""): A poignant, devotional depiction capturing the divine narrative essence of this chapter. Color palette centered around indigo blue with deep indigo night, moonlit Yamuna waters, glowing golden pitambara silk and blooming kadamba. Main sacred figures and spiritual interaction arranged gracefully in the center and right foreground, leaving the left third calm with gentle waters, soft misty horizon, or quiet sky. A sublime classical Indian devotional masterpiece painting, Bengal School of Art and Kangra wash style, delicate tempera and watercolor on fine textured handmade wasli paper. Soft poetic fine-line brushwork, expressive soulful faces with classical Indian beauty, fluid natural drapery folds with subtle gold zari embroidery, lush natural foliage under the gentle shade of ancient flowering trees. Atmospheric lighting with a luminous glowing horizon and misty tranquil waters. Full-bleed edge-to-edge painting, seamless composition, absolutely no borders, no frames, no paper margins, no text, no modern 3D render. Wide 16:10 landscape format with calm, uncluttered left third."
ch_10_46,10,46,The Lord relieves the agony of Nanda by despatching Uddhava to Vraja with a message of endearment,उद्धवजीकी व्रजयात्रा,"Scene from Skandha 10, Chapter 46 (""The Lord relieves the agony of Nanda by despatching Uddhava to Vraja with a message of endearment"" / ""उद्धवजीकी व्रजयात्रा""): A poignant, devotional depiction capturing the divine narrative essence of this chapter. Color palette centered around indigo blue with deep indigo night, moonlit Yamuna waters, glowing golden pitambara silk and blooming kadamba. Main sacred figures and spiritual interaction arranged gracefully in the center and right foreground, leaving the left third calm with gentle waters, soft misty horizon, or quiet sky. A sublime classical Indian devotional masterpiece painting, Bengal School of Art and Kangra wash style, delicate tempera and watercolor on fine textured handmade wasli paper. Soft poetic fine-line brushwork, expressive soulful faces with classical Indian beauty, fluid natural drapery folds with subtle gold zari embroidery, lush natural foliage under the gentle shade of ancient flowering trees. Atmospheric lighting with a luminous glowing horizon and misty tranquil waters. Full-bleed edge-to-edge painting, seamless composition, absolutely no borders, no frames, no paper margins, no text, no modern 3D render. Wide 16:10 landscape format with calm, uncluttered left third."
ch_10_47,10,47,Dialogue between Uddhava and the Gopīs and ode to a black bee,उद्धव तथा गोपियोंकी बातचीत और भ्रमरगीत,"Scene from Skandha 10, Chapter 47 (""Dialogue between Uddhava and the Gopīs and ode to a black bee"" / ""उद्धव तथा गोपियोंकी बातचीत और भ्रमरगीत""): A poignant, devotional depiction capturing the divine narrative essence of this chapter. Color palette centered around indigo blue with deep indigo night, moonlit Yamuna waters, glowing golden pitambara silk and blooming kadamba. Main sacred figures and spiritual interaction arranged gracefully in the center and right foreground, leaving the left third calm with gentle waters, soft misty horizon, or quiet sky. A sublime classical Indian devotional masterpiece painting, Bengal School of Art and Kangra wash style, delicate tempera and watercolor on fine textured handmade wasli paper. Soft poetic fine-line brushwork, expressive soulful faces with classical Indian beauty, fluid natural drapery folds with subtle gold zari embroidery, lush natural foliage under the gentle shade of ancient flowering trees. Atmospheric lighting with a luminous glowing horizon and misty tranquil waters. Full-bleed edge-to-edge painting, seamless composition, absolutely no borders, no frames, no paper margins, no text, no modern 3D render. Wide 16:10 landscape format with calm, uncluttered left third."
ch_10_48,10,48,"The Lord pays a visit to Kubjā, the hunchbacked woman, and Akrūra at their respective places",भगवान्‌का कुब्जा और अक्रूरजीके घर जाना,"Scene from Skandha 10, Chapter 48 (""The Lord pays a visit to Kubjā, the hunchbacked woman, and Akrūra at their respective places"" / ""भगवान्‌का कुब्जा और अक्रूरजीके घर जाना""): A poignant, devotional depiction capturing the divine narrative essence of this chapter. Color palette centered around indigo blue with deep indigo night, moonlit Yamuna waters, glowing golden pitambara silk and blooming kadamba. Main sacred figures and spiritual interaction arranged gracefully in the center and right foreground, leaving the left third calm with gentle waters, soft misty horizon, or quiet sky. A sublime classical Indian devotional masterpiece painting, Bengal School of Art and Kangra wash style, delicate tempera and watercolor on fine textured handmade wasli paper. Soft poetic fine-line brushwork, expressive soulful faces with classical Indian beauty, fluid natural drapery folds with subtle gold zari embroidery, lush natural foliage under the gentle shade of ancient flowering trees. Atmospheric lighting with a luminous glowing horizon and misty tranquil waters. Full-bleed edge-to-edge painting, seamless composition, absolutely no borders, no frames, no paper margins, no text, no modern 3D render. Wide 16:10 landscape format with calm, uncluttered left third."
ch_10_49,10,49,Akrūra’s visit to Hastināpura,अक्रूरजीका हस्तिनापुर जाना,"Scene from Skandha 10, Chapter 49 (""Akrūra’s visit to Hastināpura"" / ""अक्रूरजीका हस्तिनापुर जाना""): A poignant, devotional depiction capturing the divine narrative essence of this chapter. Color palette centered around indigo blue with deep indigo night, moonlit Yamuna waters, glowing golden pitambara silk and blooming kadamba. Main sacred figures and spiritual interaction arranged gracefully in the center and right foreground, leaving the left third calm with gentle waters, soft misty horizon, or quiet sky. A sublime classical Indian devotional masterpiece painting, Bengal School of Art and Kangra wash style, delicate tempera and watercolor on fine textured handmade wasli paper. Soft poetic fine-line brushwork, expressive soulful faces with classical Indian beauty, fluid natural drapery folds with subtle gold zari embroidery, lush natural foliage under the gentle shade of ancient flowering trees. Atmospheric lighting with a luminous glowing horizon and misty tranquil waters. Full-bleed edge-to-edge painting, seamless composition, absolutely no borders, no frames, no paper margins, no text, no modern 3D render. Wide 16:10 landscape format with calm, uncluttered left third."
ch_10_50,10,50,The Lord ensconces Himself in a fortress (built by Him in the western sea under the name of Dwārakā),जरासन्धसे युद्ध और द्वारकापुरीका निर्माण,"Scene from Skandha 10, Chapter 50 (""The Lord ensconces Himself in a fortress (built by Him in the western sea under the name of Dwārakā)"" / ""जरासन्धसे युद्ध और द्वारकापुरीका निर्माण""): A poignant, devotional depiction capturing the divine narrative essence of this chapter. Color palette centered around indigo blue with deep indigo night, moonlit Yamuna waters, glowing golden pitambara silk and blooming kadamba. Main sacred figures and spiritual interaction arranged gracefully in the center and right foreground, leaving the left third calm with gentle waters, soft misty horizon, or quiet sky. A sublime classical Indian devotional masterpiece painting, Bengal School of Art and Kangra wash style, delicate tempera and watercolor on fine textured handmade wasli paper. Soft poetic fine-line brushwork, expressive soulful faces with classical Indian beauty, fluid natural drapery folds with subtle gold zari embroidery, lush natural foliage under the gentle shade of ancient flowering trees. Atmospheric lighting with a luminous glowing horizon and misty tranquil waters. Full-bleed edge-to-edge painting, seamless composition, absolutely no borders, no frames, no paper margins, no text, no modern 3D render. Wide 16:10 landscape format with calm, uncluttered left third."
ch_10_51,10,51,Kālayavana gets burnt and King Mucukunda glorifies the Lord,"कालयवनका भस्म होना, मुचुकुन्दकी कथा","Scene from Skandha 10, Chapter 51 (""Kālayavana gets burnt and King Mucukunda glorifies the Lord"" / ""कालयवनका भस्म होना, मुचुकुन्दकी कथा""): A poignant, devotional depiction capturing the divine narrative essence of this chapter. Color palette centered around indigo blue with deep indigo night, moonlit Yamuna waters, glowing golden pitambara silk and blooming kadamba. Main sacred figures and spiritual interaction arranged gracefully in the center and right foreground, leaving the left third calm with gentle waters, soft misty horizon, or quiet sky. A sublime classical Indian devotional masterpiece painting, Bengal School of Art and Kangra wash style, delicate tempera and watercolor on fine textured handmade wasli paper. Soft poetic fine-line brushwork, expressive soulful faces with classical Indian beauty, fluid natural drapery folds with subtle gold zari embroidery, lush natural foliage under the gentle shade of ancient flowering trees. Atmospheric lighting with a luminous glowing horizon and misty tranquil waters. Full-bleed edge-to-edge painting, seamless composition, absolutely no borders, no frames, no paper margins, no text, no modern 3D render. Wide 16:10 landscape format with calm, uncluttered left third."
ch_10_52,10,52,Śrī Kṛṣṇa’s withdrawal to Dwārakā; Balarāma’s marriage; Rukmiṇī sends a Brāhmaṇa with a message to Śrī Kṛṣṇa,"द्वारकागमन, श्रीबलरामजीका विवाह तथा श्रीकृष्णके पास रुक्मिणीजीका सन्देशा लेकर ब्राह्मणका आना","Scene from Skandha 10, Chapter 52 (""Śrī Kṛṣṇa’s withdrawal to Dwārakā; Balarāma’s marriage; Rukmiṇī sends a Brāhmaṇa with a message to Śrī Kṛṣṇa"" / ""द्वारकागमन, श्रीबलरामजीका विवाह तथा श्रीकृष्णके पास रुक्मिणीजीका सन्देशा लेकर ब्राह्मणका आना""): A poignant, devotional depiction capturing the divine narrative essence of this chapter. Color palette centered around indigo blue with deep indigo night, moonlit Yamuna waters, glowing golden pitambara silk and blooming kadamba. Main sacred figures and spiritual interaction arranged gracefully in the center and right foreground, leaving the left third calm with gentle waters, soft misty horizon, or quiet sky. A sublime classical Indian devotional masterpiece painting, Bengal School of Art and Kangra wash style, delicate tempera and watercolor on fine textured handmade wasli paper. Soft poetic fine-line brushwork, expressive soulful faces with classical Indian beauty, fluid natural drapery folds with subtle gold zari embroidery, lush natural foliage under the gentle shade of ancient flowering trees. Atmospheric lighting with a luminous glowing horizon and misty tranquil waters. Full-bleed edge-to-edge painting, seamless composition, absolutely no borders, no frames, no paper margins, no text, no modern 3D render. Wide 16:10 landscape format with calm, uncluttered left third."
ch_10_53,10,53,Śrī Kṛṣṇa carries away Rukmiṇī,रुक्मिणीहरण,"Scene from Skandha 10, Chapter 53 (""Śrī Kṛṣṇa carries away Rukmiṇī"" / ""रुक्मिणीहरण""): A poignant, devotional depiction capturing the divine narrative essence of this chapter. Color palette centered around indigo blue with deep indigo night, moonlit Yamuna waters, glowing golden pitambara silk and blooming kadamba. Main sacred figures and spiritual interaction arranged gracefully in the center and right foreground, leaving the left third calm with gentle waters, soft misty horizon, or quiet sky. A sublime classical Indian devotional masterpiece painting, Bengal School of Art and Kangra wash style, delicate tempera and watercolor on fine textured handmade wasli paper. Soft poetic fine-line brushwork, expressive soulful faces with classical Indian beauty, fluid natural drapery folds with subtle gold zari embroidery, lush natural foliage under the gentle shade of ancient flowering trees. Atmospheric lighting with a luminous glowing horizon and misty tranquil waters. Full-bleed edge-to-edge painting, seamless composition, absolutely no borders, no frames, no paper margins, no text, no modern 3D render. Wide 16:10 landscape format with calm, uncluttered left third."
ch_10_54,10,54,Discomfiture of śiśupāla’s allies and Rukmī and the Espousal of Rukmiṇī by Śrī Kṛṣṇa solemnized,शिशुपालके साथी राजाओंकी और रुक्मीकी हार तथा श्रीकृष्ण-रुक्मिणी-विवाह,"Scene from Skandha 10, Chapter 54 (""Discomfiture of śiśupāla’s allies and Rukmī and the Espousal of Rukmiṇī by Śrī Kṛṣṇa solemnized"" / ""शिशुपालके साथी राजाओंकी और रुक्मीकी हार तथा श्रीकृष्ण-रुक्मिणी-विवाह""): A poignant, devotional depiction capturing the divine narrative essence of this chapter. Color palette centered around indigo blue with deep indigo night, moonlit Yamuna waters, glowing golden pitambara silk and blooming kadamba. Main sacred figures and spiritual interaction arranged gracefully in the center and right foreground, leaving the left third calm with gentle waters, soft misty horizon, or quiet sky. A sublime classical Indian devotional masterpiece painting, Bengal School of Art and Kangra wash style, delicate tempera and watercolor on fine textured handmade wasli paper. Soft poetic fine-line brushwork, expressive soulful faces with classical Indian beauty, fluid natural drapery folds with subtle gold zari embroidery, lush natural foliage under the gentle shade of ancient flowering trees. Atmospheric lighting with a luminous glowing horizon and misty tranquil waters. Full-bleed edge-to-edge painting, seamless composition, absolutely no borders, no frames, no paper margins, no text, no modern 3D render. Wide 16:10 landscape format with calm, uncluttered left third."
ch_10_55,10,55,The story of Pradyumna’s birth (and the destruction of the demon śambara),प्रद्युम्नका जन्म और शम्बरासुरका वध,"Scene from Skandha 10, Chapter 55 (""The story of Pradyumna’s birth (and the destruction of the demon śambara)"" / ""प्रद्युम्नका जन्म और शम्बरासुरका वध""): A poignant, devotional depiction capturing the divine narrative essence of this chapter. Color palette centered around indigo blue with deep indigo night, moonlit Yamuna waters, glowing golden pitambara silk and blooming kadamba. Main sacred figures and spiritual interaction arranged gracefully in the center and right foreground, leaving the left third calm with gentle waters, soft misty horizon, or quiet sky. A sublime classical Indian devotional masterpiece painting, Bengal School of Art and Kangra wash style, delicate tempera and watercolor on fine textured handmade wasli paper. Soft poetic fine-line brushwork, expressive soulful faces with classical Indian beauty, fluid natural drapery folds with subtle gold zari embroidery, lush natural foliage under the gentle shade of ancient flowering trees. Atmospheric lighting with a luminous glowing horizon and misty tranquil waters. Full-bleed edge-to-edge painting, seamless composition, absolutely no borders, no frames, no paper margins, no text, no modern 3D render. Wide 16:10 landscape format with calm, uncluttered left third."
ch_10_56,10,56,The story of the ‘Syamantaka’ gem; Śrī Kṛṣṇa weds Jāmbavatī and Satyabhāmā,"स्यमन्तकमणिकी कथा, जाम्बवती और सत्यभामाके साथ श्रीकृष्णका विवाह","Scene from Skandha 10, Chapter 56 (""The story of the ‘Syamantaka’ gem; Śrī Kṛṣṇa weds Jāmbavatī and Satyabhāmā"" / ""स्यमन्तकमणिकी कथा, जाम्बवती और सत्यभामाके साथ श्रीकृष्णका विवाह""): A poignant, devotional depiction capturing the divine narrative essence of this chapter. Color palette centered around indigo blue with deep indigo night, moonlit Yamuna waters, glowing golden pitambara silk and blooming kadamba. Main sacred figures and spiritual interaction arranged gracefully in the center and right foreground, leaving the left third calm with gentle waters, soft misty horizon, or quiet sky. A sublime classical Indian devotional masterpiece painting, Bengal School of Art and Kangra wash style, delicate tempera and watercolor on fine textured handmade wasli paper. Soft poetic fine-line brushwork, expressive soulful faces with classical Indian beauty, fluid natural drapery folds with subtle gold zari embroidery, lush natural foliage under the gentle shade of ancient flowering trees. Atmospheric lighting with a luminous glowing horizon and misty tranquil waters. Full-bleed edge-to-edge painting, seamless composition, absolutely no borders, no frames, no paper margins, no text, no modern 3D render. Wide 16:10 landscape format with calm, uncluttered left third."
ch_10_57,10,57,‘Syamantaka’ stolen; śatadhanvā killed and Akrūra recalled to Dwārakā,"स्यमन्तक-हरण, शतधन्वाका उद्धार और अक्रूरजीको फिरसे द्वारका बुलाना","Scene from Skandha 10, Chapter 57 (""‘Syamantaka’ stolen; śatadhanvā killed and Akrūra recalled to Dwārakā"" / ""स्यमन्तक-हरण, शतधन्वाका उद्धार और अक्रूरजीको फिरसे द्वारका बुलाना""): A poignant, devotional depiction capturing the divine narrative essence of this chapter. Color palette centered around indigo blue with deep indigo night, moonlit Yamuna waters, glowing golden pitambara silk and blooming kadamba. Main sacred figures and spiritual interaction arranged gracefully in the center and right foreground, leaving the left third calm with gentle waters, soft misty horizon, or quiet sky. A sublime classical Indian devotional masterpiece painting, Bengal School of Art and Kangra wash style, delicate tempera and watercolor on fine textured handmade wasli paper. Soft poetic fine-line brushwork, expressive soulful faces with classical Indian beauty, fluid natural drapery folds with subtle gold zari embroidery, lush natural foliage under the gentle shade of ancient flowering trees. Atmospheric lighting with a luminous glowing horizon and misty tranquil waters. Full-bleed edge-to-edge painting, seamless composition, absolutely no borders, no frames, no paper margins, no text, no modern 3D render. Wide 16:10 landscape format with calm, uncluttered left third."
ch_10_58,10,58,Śrī Kṛṣṇa’s espousal with the rest of His eight principal Spouses,भगवान् श्रीकृष्णके अन्यान्य विवाहोंकी कथा,"Scene from Skandha 10, Chapter 58 (""Śrī Kṛṣṇa’s espousal with the rest of His eight principal Spouses"" / ""भगवान् श्रीकृष्णके अन्यान्य विवाहोंकी कथा""): A poignant, devotional depiction capturing the divine narrative essence of this chapter. Color palette centered around indigo blue with deep indigo night, moonlit Yamuna waters, glowing golden pitambara silk and blooming kadamba. Main sacred figures and spiritual interaction arranged gracefully in the center and right foreground, leaving the left third calm with gentle waters, soft misty horizon, or quiet sky. A sublime classical Indian devotional masterpiece painting, Bengal School of Art and Kangra wash style, delicate tempera and watercolor on fine textured handmade wasli paper. Soft poetic fine-line brushwork, expressive soulful faces with classical Indian beauty, fluid natural drapery folds with subtle gold zari embroidery, lush natural foliage under the gentle shade of ancient flowering trees. Atmospheric lighting with a luminous glowing horizon and misty tranquil waters. Full-bleed edge-to-edge painting, seamless composition, absolutely no borders, no frames, no paper margins, no text, no modern 3D render. Wide 16:10 landscape format with calm, uncluttered left third."
ch_10_59,10,59,and kills the demon Naraka (the son of Mother Earth).,भौमासुरका उद्धार और सोलह हजार एक सौ राजकन्याओंके साथ भगवान्‌का विवाह,"Scene from Skandha 10, Chapter 59 (""and kills the demon Naraka (the son of Mother Earth)."" / ""भौमासुरका उद्धार और सोलह हजार एक सौ राजकन्याओंके साथ भगवान्‌का विवाह""): A poignant, devotional depiction capturing the divine narrative essence of this chapter. Color palette centered around indigo blue with deep indigo night, moonlit Yamuna waters, glowing golden pitambara silk and blooming kadamba. Main sacred figures and spiritual interaction arranged gracefully in the center and right foreground, leaving the left third calm with gentle waters, soft misty horizon, or quiet sky. A sublime classical Indian devotional masterpiece painting, Bengal School of Art and Kangra wash style, delicate tempera and watercolor on fine textured handmade wasli paper. Soft poetic fine-line brushwork, expressive soulful faces with classical Indian beauty, fluid natural drapery folds with subtle gold zari embroidery, lush natural foliage under the gentle shade of ancient flowering trees. Atmospheric lighting with a luminous glowing horizon and misty tranquil waters. Full-bleed edge-to-edge painting, seamless composition, absolutely no borders, no frames, no paper margins, no text, no modern 3D render. Wide 16:10 landscape format with calm, uncluttered left third."
ch_10_60,10,60,A dialogue between Śrī Kṛṣṇa and Rukmiṇī,श्रीकृष्ण-रुक्मिणी-संवाद,"Scene from Skandha 10, Chapter 60 (""A dialogue between Śrī Kṛṣṇa and Rukmiṇī"" / ""श्रीकृष्ण-रुक्मिणी-संवाद""): A poignant, devotional depiction capturing the divine narrative essence of this chapter. Color palette centered around indigo blue with deep indigo night, moonlit Yamuna waters, glowing golden pitambara silk and blooming kadamba. Main sacred figures and spiritual interaction arranged gracefully in the center and right foreground, leaving the left third calm with gentle waters, soft misty horizon, or quiet sky. A sublime classical Indian devotional masterpiece painting, Bengal School of Art and Kangra wash style, delicate tempera and watercolor on fine textured handmade wasli paper. Soft poetic fine-line brushwork, expressive soulful faces with classical Indian beauty, fluid natural drapery folds with subtle gold zari embroidery, lush natural foliage under the gentle shade of ancient flowering trees. Atmospheric lighting with a luminous glowing horizon and misty tranquil waters. Full-bleed edge-to-edge painting, seamless composition, absolutely no borders, no frames, no paper margins, no text, no modern 3D render. Wide 16:10 landscape format with calm, uncluttered left third."
ch_10_61,10,61,A description of the Lord’s progeny; Rukmī killed by Balarāma during Aniruddha’s wedding,भगवान्‌की सन्ततिका वर्णन तथा अनिरुद्धके विवाहमें रुक्मीका मारा जाना,"Scene from Skandha 10, Chapter 61 (""A description of the Lord’s progeny; Rukmī killed by Balarāma during Aniruddha’s wedding"" / ""भगवान्‌की सन्ततिका वर्णन तथा अनिरुद्धके विवाहमें रुक्मीका मारा जाना""): A poignant, devotional depiction capturing the divine narrative essence of this chapter. Color palette centered around indigo blue with deep indigo night, moonlit Yamuna waters, glowing golden pitambara silk and blooming kadamba. Main sacred figures and spiritual interaction arranged gracefully in the center and right foreground, leaving the left third calm with gentle waters, soft misty horizon, or quiet sky. A sublime classical Indian devotional masterpiece painting, Bengal School of Art and Kangra wash style, delicate tempera and watercolor on fine textured handmade wasli paper. Soft poetic fine-line brushwork, expressive soulful faces with classical Indian beauty, fluid natural drapery folds with subtle gold zari embroidery, lush natural foliage under the gentle shade of ancient flowering trees. Atmospheric lighting with a luminous glowing horizon and misty tranquil waters. Full-bleed edge-to-edge painting, seamless composition, absolutely no borders, no frames, no paper margins, no text, no modern 3D render. Wide 16:10 landscape format with calm, uncluttered left third."
ch_10_62,10,62,Aniruddha made captive,ऊषा-अनिरुद्ध-मिलन,"Scene from Skandha 10, Chapter 62 (""Aniruddha made captive"" / ""ऊषा-अनिरुद्ध-मिलन""): A poignant, devotional depiction capturing the divine narrative essence of this chapter. Color palette centered around indigo blue with deep indigo night, moonlit Yamuna waters, glowing golden pitambara silk and blooming kadamba. Main sacred figures and spiritual interaction arranged gracefully in the center and right foreground, leaving the left third calm with gentle waters, soft misty horizon, or quiet sky. A sublime classical Indian devotional masterpiece painting, Bengal School of Art and Kangra wash style, delicate tempera and watercolor on fine textured handmade wasli paper. Soft poetic fine-line brushwork, expressive soulful faces with classical Indian beauty, fluid natural drapery folds with subtle gold zari embroidery, lush natural foliage under the gentle shade of ancient flowering trees. Atmospheric lighting with a luminous glowing horizon and misty tranquil waters. Full-bleed edge-to-edge painting, seamless composition, absolutely no borders, no frames, no paper margins, no text, no modern 3D render. Wide 16:10 landscape format with calm, uncluttered left third."
ch_10_63,10,63,Aniruddha brought back to Dwārakā,भगवान् श्रीकृष्णके साथ बाणासुरका युद्ध,"Scene from Skandha 10, Chapter 63 (""Aniruddha brought back to Dwārakā"" / ""भगवान् श्रीकृष्णके साथ बाणासुरका युद्ध""): A poignant, devotional depiction capturing the divine narrative essence of this chapter. Color palette centered around indigo blue with deep indigo night, moonlit Yamuna waters, glowing golden pitambara silk and blooming kadamba. Main sacred figures and spiritual interaction arranged gracefully in the center and right foreground, leaving the left third calm with gentle waters, soft misty horizon, or quiet sky. A sublime classical Indian devotional masterpiece painting, Bengal School of Art and Kangra wash style, delicate tempera and watercolor on fine textured handmade wasli paper. Soft poetic fine-line brushwork, expressive soulful faces with classical Indian beauty, fluid natural drapery folds with subtle gold zari embroidery, lush natural foliage under the gentle shade of ancient flowering trees. Atmospheric lighting with a luminous glowing horizon and misty tranquil waters. Full-bleed edge-to-edge painting, seamless composition, absolutely no borders, no frames, no paper margins, no text, no modern 3D render. Wide 16:10 landscape format with calm, uncluttered left third."
ch_10_64,10,64,The story of king Nṛga,नृग राजाकी कथा,"Scene from Skandha 10, Chapter 64 (""The story of king Nṛga"" / ""नृग राजाकी कथा""): A poignant, devotional depiction capturing the divine narrative essence of this chapter. Color palette centered around indigo blue with deep indigo night, moonlit Yamuna waters, glowing golden pitambara silk and blooming kadamba. Main sacred figures and spiritual interaction arranged gracefully in the center and right foreground, leaving the left third calm with gentle waters, soft misty horizon, or quiet sky. A sublime classical Indian devotional masterpiece painting, Bengal School of Art and Kangra wash style, delicate tempera and watercolor on fine textured handmade wasli paper. Soft poetic fine-line brushwork, expressive soulful faces with classical Indian beauty, fluid natural drapery folds with subtle gold zari embroidery, lush natural foliage under the gentle shade of ancient flowering trees. Atmospheric lighting with a luminous glowing horizon and misty tranquil waters. Full-bleed edge-to-edge painting, seamless composition, absolutely no borders, no frames, no paper margins, no text, no modern 3D render. Wide 16:10 landscape format with calm, uncluttered left third."
ch_10_65,10,65,Baladeva triumphantly diverts the river Yamunā from its course,श्रीबलरामजीका व्रजगमन,"Scene from Skandha 10, Chapter 65 (""Baladeva triumphantly diverts the river Yamunā from its course"" / ""श्रीबलरामजीका व्रजगमन""): A poignant, devotional depiction capturing the divine narrative essence of this chapter. Color palette centered around indigo blue with deep indigo night, moonlit Yamuna waters, glowing golden pitambara silk and blooming kadamba. Main sacred figures and spiritual interaction arranged gracefully in the center and right foreground, leaving the left third calm with gentle waters, soft misty horizon, or quiet sky. A sublime classical Indian devotional masterpiece painting, Bengal School of Art and Kangra wash style, delicate tempera and watercolor on fine textured handmade wasli paper. Soft poetic fine-line brushwork, expressive soulful faces with classical Indian beauty, fluid natural drapery folds with subtle gold zari embroidery, lush natural foliage under the gentle shade of ancient flowering trees. Atmospheric lighting with a luminous glowing horizon and misty tranquil waters. Full-bleed edge-to-edge painting, seamless composition, absolutely no borders, no frames, no paper margins, no text, no modern 3D render. Wide 16:10 landscape format with calm, uncluttered left third."
ch_10_66,10,66,Pauṇḍraka and others killed,पौण्ड्रक और काशिराजका उद्धार,"Scene from Skandha 10, Chapter 66 (""Pauṇḍraka and others killed"" / ""पौण्ड्रक और काशिराजका उद्धार""): A poignant, devotional depiction capturing the divine narrative essence of this chapter. Color palette centered around indigo blue with deep indigo night, moonlit Yamuna waters, glowing golden pitambara silk and blooming kadamba. Main sacred figures and spiritual interaction arranged gracefully in the center and right foreground, leaving the left third calm with gentle waters, soft misty horizon, or quiet sky. A sublime classical Indian devotional masterpiece painting, Bengal School of Art and Kangra wash style, delicate tempera and watercolor on fine textured handmade wasli paper. Soft poetic fine-line brushwork, expressive soulful faces with classical Indian beauty, fluid natural drapery folds with subtle gold zari embroidery, lush natural foliage under the gentle shade of ancient flowering trees. Atmospheric lighting with a luminous glowing horizon and misty tranquil waters. Full-bleed edge-to-edge painting, seamless composition, absolutely no borders, no frames, no paper margins, no text, no modern 3D render. Wide 16:10 landscape format with calm, uncluttered left third."
ch_10_67,10,67,Dwivida killed by Balarāma,द्विविदका उद्धार,"Scene from Skandha 10, Chapter 67 (""Dwivida killed by Balarāma"" / ""द्विविदका उद्धार""): A poignant, devotional depiction capturing the divine narrative essence of this chapter. Color palette centered around indigo blue with deep indigo night, moonlit Yamuna waters, glowing golden pitambara silk and blooming kadamba. Main sacred figures and spiritual interaction arranged gracefully in the center and right foreground, leaving the left third calm with gentle waters, soft misty horizon, or quiet sky. A sublime classical Indian devotional masterpiece painting, Bengal School of Art and Kangra wash style, delicate tempera and watercolor on fine textured handmade wasli paper. Soft poetic fine-line brushwork, expressive soulful faces with classical Indian beauty, fluid natural drapery folds with subtle gold zari embroidery, lush natural foliage under the gentle shade of ancient flowering trees. Atmospheric lighting with a luminous glowing horizon and misty tranquil waters. Full-bleed edge-to-edge painting, seamless composition, absolutely no borders, no frames, no paper margins, no text, no modern 3D render. Wide 16:10 landscape format with calm, uncluttered left third."
ch_10_68,10,68,Triumph of Saṅkarṣaṇa—in the form of dragging Hastināpura,कौरवोंपर बलरामजीका कोप और साम्बका विवाह,"Scene from Skandha 10, Chapter 68 (""Triumph of Saṅkarṣaṇa—in the form of dragging Hastināpura"" / ""कौरवोंपर बलरामजीका कोप और साम्बका विवाह""): A poignant, devotional depiction capturing the divine narrative essence of this chapter. Color palette centered around indigo blue with deep indigo night, moonlit Yamuna waters, glowing golden pitambara silk and blooming kadamba. Main sacred figures and spiritual interaction arranged gracefully in the center and right foreground, leaving the left third calm with gentle waters, soft misty horizon, or quiet sky. A sublime classical Indian devotional masterpiece painting, Bengal School of Art and Kangra wash style, delicate tempera and watercolor on fine textured handmade wasli paper. Soft poetic fine-line brushwork, expressive soulful faces with classical Indian beauty, fluid natural drapery folds with subtle gold zari embroidery, lush natural foliage under the gentle shade of ancient flowering trees. Atmospheric lighting with a luminous glowing horizon and misty tranquil waters. Full-bleed edge-to-edge painting, seamless composition, absolutely no borders, no frames, no paper margins, no text, no modern 3D render. Wide 16:10 landscape format with calm, uncluttered left third."
ch_10_69,10,69,A Glimpse into the household life of Śrī Kṛṣṇa,देवर्षि नारदजीका भगवान्‌की गृहचर्या देखना,"Scene from Skandha 10, Chapter 69 (""A Glimpse into the household life of Śrī Kṛṣṇa"" / ""देवर्षि नारदजीका भगवान्‌की गृहचर्या देखना""): A poignant, devotional depiction capturing the divine narrative essence of this chapter. Color palette centered around indigo blue with deep indigo night, moonlit Yamuna waters, glowing golden pitambara silk and blooming kadamba. Main sacred figures and spiritual interaction arranged gracefully in the center and right foreground, leaving the left third calm with gentle waters, soft misty horizon, or quiet sky. A sublime classical Indian devotional masterpiece painting, Bengal School of Art and Kangra wash style, delicate tempera and watercolor on fine textured handmade wasli paper. Soft poetic fine-line brushwork, expressive soulful faces with classical Indian beauty, fluid natural drapery folds with subtle gold zari embroidery, lush natural foliage under the gentle shade of ancient flowering trees. Atmospheric lighting with a luminous glowing horizon and misty tranquil waters. Full-bleed edge-to-edge painting, seamless composition, absolutely no borders, no frames, no paper margins, no text, no modern 3D render. Wide 16:10 landscape format with calm, uncluttered left third."
ch_10_70,10,70,Śrī Kṛṣṇa’s Daily Routine; Kings taken captive by Jarāsandha send their Messenger to Śrī Kṛṣṇa,भगवान् श्रीकृष्णकी नित्यचर्या और उनके पास जरासन्धके कैदी राजाओंके दूतका आना,"Scene from Skandha 10, Chapter 70 (""Śrī Kṛṣṇa’s Daily Routine; Kings taken captive by Jarāsandha send their Messenger to Śrī Kṛṣṇa"" / ""भगवान् श्रीकृष्णकी नित्यचर्या और उनके पास जरासन्धके कैदी राजाओंके दूतका आना""): A poignant, devotional depiction capturing the divine narrative essence of this chapter. Color palette centered around indigo blue with deep indigo night, moonlit Yamuna waters, glowing golden pitambara silk and blooming kadamba. Main sacred figures and spiritual interaction arranged gracefully in the center and right foreground, leaving the left third calm with gentle waters, soft misty horizon, or quiet sky. A sublime classical Indian devotional masterpiece painting, Bengal School of Art and Kangra wash style, delicate tempera and watercolor on fine textured handmade wasli paper. Soft poetic fine-line brushwork, expressive soulful faces with classical Indian beauty, fluid natural drapery folds with subtle gold zari embroidery, lush natural foliage under the gentle shade of ancient flowering trees. Atmospheric lighting with a luminous glowing horizon and misty tranquil waters. Full-bleed edge-to-edge painting, seamless composition, absolutely no borders, no frames, no paper margins, no text, no modern 3D render. Wide 16:10 landscape format with calm, uncluttered left third."
ch_10_71,10,71,Śrī Kṛṣṇa goes to Indraprastha,श्रीकृष्णभगवान्‌का इन्द्रप्रस्थ पधारना,"Scene from Skandha 10, Chapter 71 (""Śrī Kṛṣṇa goes to Indraprastha"" / ""श्रीकृष्णभगवान्‌का इन्द्रप्रस्थ पधारना""): A poignant, devotional depiction capturing the divine narrative essence of this chapter. Color palette centered around indigo blue with deep indigo night, moonlit Yamuna waters, glowing golden pitambara silk and blooming kadamba. Main sacred figures and spiritual interaction arranged gracefully in the center and right foreground, leaving the left third calm with gentle waters, soft misty horizon, or quiet sky. A sublime classical Indian devotional masterpiece painting, Bengal School of Art and Kangra wash style, delicate tempera and watercolor on fine textured handmade wasli paper. Soft poetic fine-line brushwork, expressive soulful faces with classical Indian beauty, fluid natural drapery folds with subtle gold zari embroidery, lush natural foliage under the gentle shade of ancient flowering trees. Atmospheric lighting with a luminous glowing horizon and misty tranquil waters. Full-bleed edge-to-edge painting, seamless composition, absolutely no borders, no frames, no paper margins, no text, no modern 3D render. Wide 16:10 landscape format with calm, uncluttered left third."
ch_10_72,10,72,Jarāsandha killed,पाण्डवोंके राजसूययज्ञका आयोजन और जरासन्धका उद्धार,"Scene from Skandha 10, Chapter 72 (""Jarāsandha killed"" / ""पाण्डवोंके राजसूययज्ञका आयोजन और जरासन्धका उद्धार""): A poignant, devotional depiction capturing the divine narrative essence of this chapter. Color palette centered around indigo blue with deep indigo night, moonlit Yamuna waters, glowing golden pitambara silk and blooming kadamba. Main sacred figures and spiritual interaction arranged gracefully in the center and right foreground, leaving the left third calm with gentle waters, soft misty horizon, or quiet sky. A sublime classical Indian devotional masterpiece painting, Bengal School of Art and Kangra wash style, delicate tempera and watercolor on fine textured handmade wasli paper. Soft poetic fine-line brushwork, expressive soulful faces with classical Indian beauty, fluid natural drapery folds with subtle gold zari embroidery, lush natural foliage under the gentle shade of ancient flowering trees. Atmospheric lighting with a luminous glowing horizon and misty tranquil waters. Full-bleed edge-to-edge painting, seamless composition, absolutely no borders, no frames, no paper margins, no text, no modern 3D render. Wide 16:10 landscape format with calm, uncluttered left third."
ch_10_73,10,73,Śrī Kṛṣṇa and others return to Indraprastha,जरासन्धके जेलसे छूटे हुए राजाओंकी विदाई और भगवान्‌का इन्द्रप्रस्थ लौट आना,"Scene from Skandha 10, Chapter 73 (""Śrī Kṛṣṇa and others return to Indraprastha"" / ""जरासन्धके जेलसे छूटे हुए राजाओंकी विदाई और भगवान्‌का इन्द्रप्रस्थ लौट आना""): A poignant, devotional depiction capturing the divine narrative essence of this chapter. Color palette centered around indigo blue with deep indigo night, moonlit Yamuna waters, glowing golden pitambara silk and blooming kadamba. Main sacred figures and spiritual interaction arranged gracefully in the center and right foreground, leaving the left third calm with gentle waters, soft misty horizon, or quiet sky. A sublime classical Indian devotional masterpiece painting, Bengal School of Art and Kangra wash style, delicate tempera and watercolor on fine textured handmade wasli paper. Soft poetic fine-line brushwork, expressive soulful faces with classical Indian beauty, fluid natural drapery folds with subtle gold zari embroidery, lush natural foliage under the gentle shade of ancient flowering trees. Atmospheric lighting with a luminous glowing horizon and misty tranquil waters. Full-bleed edge-to-edge painting, seamless composition, absolutely no borders, no frames, no paper margins, no text, no modern 3D render. Wide 16:10 landscape format with calm, uncluttered left third."
ch_10_74,10,74,śiśupāla killed by Śrī Kṛṣṇa,भगवान्‌की अग्रपूजा और शिशुपालका उद्धार,"Scene from Skandha 10, Chapter 74 (""śiśupāla killed by Śrī Kṛṣṇa"" / ""भगवान्‌की अग्रपूजा और शिशुपालका उद्धार""): A poignant, devotional depiction capturing the divine narrative essence of this chapter. Color palette centered around indigo blue with deep indigo night, moonlit Yamuna waters, glowing golden pitambara silk and blooming kadamba. Main sacred figures and spiritual interaction arranged gracefully in the center and right foreground, leaving the left third calm with gentle waters, soft misty horizon, or quiet sky. A sublime classical Indian devotional masterpiece painting, Bengal School of Art and Kangra wash style, delicate tempera and watercolor on fine textured handmade wasli paper. Soft poetic fine-line brushwork, expressive soulful faces with classical Indian beauty, fluid natural drapery folds with subtle gold zari embroidery, lush natural foliage under the gentle shade of ancient flowering trees. Atmospheric lighting with a luminous glowing horizon and misty tranquil waters. Full-bleed edge-to-edge painting, seamless composition, absolutely no borders, no frames, no paper margins, no text, no modern 3D render. Wide 16:10 landscape format with calm, uncluttered left third."
ch_10_75,10,75,Duryodhana’s Humiliation,राजसूययज्ञकी पूर्ति और दुर्योधनका अपमान,"Scene from Skandha 10, Chapter 75 (""Duryodhana’s Humiliation"" / ""राजसूययज्ञकी पूर्ति और दुर्योधनका अपमान""): A poignant, devotional depiction capturing the divine narrative essence of this chapter. Color palette centered around indigo blue with deep indigo night, moonlit Yamuna waters, glowing golden pitambara silk and blooming kadamba. Main sacred figures and spiritual interaction arranged gracefully in the center and right foreground, leaving the left third calm with gentle waters, soft misty horizon, or quiet sky. A sublime classical Indian devotional masterpiece painting, Bengal School of Art and Kangra wash style, delicate tempera and watercolor on fine textured handmade wasli paper. Soft poetic fine-line brushwork, expressive soulful faces with classical Indian beauty, fluid natural drapery folds with subtle gold zari embroidery, lush natural foliage under the gentle shade of ancient flowering trees. Atmospheric lighting with a luminous glowing horizon and misty tranquil waters. Full-bleed edge-to-edge painting, seamless composition, absolutely no borders, no frames, no paper margins, no text, no modern 3D render. Wide 16:10 landscape format with calm, uncluttered left third."
ch_10_76,10,76,śālva’s encounter with the Yādavas,शाल्वके साथ यादवोंका युद्ध,"Scene from Skandha 10, Chapter 76 (""śālva’s encounter with the Yādavas"" / ""शाल्वके साथ यादवोंका युद्ध""): A poignant, devotional depiction capturing the divine narrative essence of this chapter. Color palette centered around indigo blue with deep indigo night, moonlit Yamuna waters, glowing golden pitambara silk and blooming kadamba. Main sacred figures and spiritual interaction arranged gracefully in the center and right foreground, leaving the left third calm with gentle waters, soft misty horizon, or quiet sky. A sublime classical Indian devotional masterpiece painting, Bengal School of Art and Kangra wash style, delicate tempera and watercolor on fine textured handmade wasli paper. Soft poetic fine-line brushwork, expressive soulful faces with classical Indian beauty, fluid natural drapery folds with subtle gold zari embroidery, lush natural foliage under the gentle shade of ancient flowering trees. Atmospheric lighting with a luminous glowing horizon and misty tranquil waters. Full-bleed edge-to-edge painting, seamless composition, absolutely no borders, no frames, no paper margins, no text, no modern 3D render. Wide 16:10 landscape format with calm, uncluttered left third."
ch_10_77,10,77,śālva’s Deliverance,शाल्व-उद्धार,"Scene from Skandha 10, Chapter 77 (""śālva’s Deliverance"" / ""शाल्व-उद्धार""): A poignant, devotional depiction capturing the divine narrative essence of this chapter. Color palette centered around indigo blue with deep indigo night, moonlit Yamuna waters, glowing golden pitambara silk and blooming kadamba. Main sacred figures and spiritual interaction arranged gracefully in the center and right foreground, leaving the left third calm with gentle waters, soft misty horizon, or quiet sky. A sublime classical Indian devotional masterpiece painting, Bengal School of Art and Kangra wash style, delicate tempera and watercolor on fine textured handmade wasli paper. Soft poetic fine-line brushwork, expressive soulful faces with classical Indian beauty, fluid natural drapery folds with subtle gold zari embroidery, lush natural foliage under the gentle shade of ancient flowering trees. Atmospheric lighting with a luminous glowing horizon and misty tranquil waters. Full-bleed edge-to-edge painting, seamless composition, absolutely no borders, no frames, no paper margins, no text, no modern 3D render. Wide 16:10 landscape format with calm, uncluttered left third."
ch_10_78,10,78,Deliverance of Dantavaktra and Vidūratha; Sūta killed by Śrī Balarāma during His Pilgrimage,दन्तवक्त्र और विदूरथका उद्धार तथा तीर्थयात्रामें बलरामजीके हाथसे सूतजीका वध,"Scene from Skandha 10, Chapter 78 (""Deliverance of Dantavaktra and Vidūratha; Sūta killed by Śrī Balarāma during His Pilgrimage"" / ""दन्तवक्त्र और विदूरथका उद्धार तथा तीर्थयात्रामें बलरामजीके हाथसे सूतजीका वध""): A poignant, devotional depiction capturing the divine narrative essence of this chapter. Color palette centered around indigo blue with deep indigo night, moonlit Yamuna waters, glowing golden pitambara silk and blooming kadamba. Main sacred figures and spiritual interaction arranged gracefully in the center and right foreground, leaving the left third calm with gentle waters, soft misty horizon, or quiet sky. A sublime classical Indian devotional masterpiece painting, Bengal School of Art and Kangra wash style, delicate tempera and watercolor on fine textured handmade wasli paper. Soft poetic fine-line brushwork, expressive soulful faces with classical Indian beauty, fluid natural drapery folds with subtle gold zari embroidery, lush natural foliage under the gentle shade of ancient flowering trees. Atmospheric lighting with a luminous glowing horizon and misty tranquil waters. Full-bleed edge-to-edge painting, seamless composition, absolutely no borders, no frames, no paper margins, no text, no modern 3D render. Wide 16:10 landscape format with calm, uncluttered left third."
ch_10_79,10,79,An account of Balarāma’s Pilgrimage,बल्वलका उद्धार और बलरामजीकी तीर्थयात्रा,"Scene from Skandha 10, Chapter 79 (""An account of Balarāma’s Pilgrimage"" / ""बल्वलका उद्धार और बलरामजीकी तीर्थयात्रा""): A poignant, devotional depiction capturing the divine narrative essence of this chapter. Color palette centered around indigo blue with deep indigo night, moonlit Yamuna waters, glowing golden pitambara silk and blooming kadamba. Main sacred figures and spiritual interaction arranged gracefully in the center and right foreground, leaving the left third calm with gentle waters, soft misty horizon, or quiet sky. A sublime classical Indian devotional masterpiece painting, Bengal School of Art and Kangra wash style, delicate tempera and watercolor on fine textured handmade wasli paper. Soft poetic fine-line brushwork, expressive soulful faces with classical Indian beauty, fluid natural drapery folds with subtle gold zari embroidery, lush natural foliage under the gentle shade of ancient flowering trees. Atmospheric lighting with a luminous glowing horizon and misty tranquil waters. Full-bleed edge-to-edge painting, seamless composition, absolutely no borders, no frames, no paper margins, no text, no modern 3D render. Wide 16:10 landscape format with calm, uncluttered left third."
ch_10_80,10,80,Śrī Kṛṣṇa’s Reception of Sudāmā,श्रीकृष्णके द्वारा सुदामाजीका स्वागत,"Scene from Skandha 10, Chapter 80 (""Śrī Kṛṣṇa’s Reception of Sudāmā"" / ""श्रीकृष्णके द्वारा सुदामाजीका स्वागत""): A poignant, devotional depiction capturing the divine narrative essence of this chapter. Color palette centered around indigo blue with deep indigo night, moonlit Yamuna waters, glowing golden pitambara silk and blooming kadamba. Main sacred figures and spiritual interaction arranged gracefully in the center and right foreground, leaving the left third calm with gentle waters, soft misty horizon, or quiet sky. A sublime classical Indian devotional masterpiece painting, Bengal School of Art and Kangra wash style, delicate tempera and watercolor on fine textured handmade wasli paper. Soft poetic fine-line brushwork, expressive soulful faces with classical Indian beauty, fluid natural drapery folds with subtle gold zari embroidery, lush natural foliage under the gentle shade of ancient flowering trees. Atmospheric lighting with a luminous glowing horizon and misty tranquil waters. Full-bleed edge-to-edge painting, seamless composition, absolutely no borders, no frames, no paper margins, no text, no modern 3D render. Wide 16:10 landscape format with calm, uncluttered left third."
ch_10_81,10,81,The story of parched rice brought as a Present for Śrī Kṛṣṇa by Sudāmā,सुदामाजीको ऐश्वर्यकी प्राप्ति,"Scene from Skandha 10, Chapter 81 (""The story of parched rice brought as a Present for Śrī Kṛṣṇa by Sudāmā"" / ""सुदामाजीको ऐश्वर्यकी प्राप्ति""): A poignant, devotional depiction capturing the divine narrative essence of this chapter. Color palette centered around indigo blue with deep indigo night, moonlit Yamuna waters, glowing golden pitambara silk and blooming kadamba. Main sacred figures and spiritual interaction arranged gracefully in the center and right foreground, leaving the left third calm with gentle waters, soft misty horizon, or quiet sky. A sublime classical Indian devotional masterpiece painting, Bengal School of Art and Kangra wash style, delicate tempera and watercolor on fine textured handmade wasli paper. Soft poetic fine-line brushwork, expressive soulful faces with classical Indian beauty, fluid natural drapery folds with subtle gold zari embroidery, lush natural foliage under the gentle shade of ancient flowering trees. Atmospheric lighting with a luminous glowing horizon and misty tranquil waters. Full-bleed edge-to-edge painting, seamless composition, absolutely no borders, no frames, no paper margins, no text, no modern 3D render. Wide 16:10 landscape format with calm, uncluttered left third."
ch_10_82,10,82,Meeting of the Vṛṣṇis with the Gopas and Gopīs of Vṛndāvana,भगवान् श्रीकृष्ण-बलरामसे गोप-गोपियोंकी भेंट,"Scene from Skandha 10, Chapter 82 (""Meeting of the Vṛṣṇis with the Gopas and Gopīs of Vṛndāvana"" / ""भगवान् श्रीकृष्ण-बलरामसे गोप-गोपियोंकी भेंट""): A poignant, devotional depiction capturing the divine narrative essence of this chapter. Color palette centered around indigo blue with deep indigo night, moonlit Yamuna waters, glowing golden pitambara silk and blooming kadamba. Main sacred figures and spiritual interaction arranged gracefully in the center and right foreground, leaving the left third calm with gentle waters, soft misty horizon, or quiet sky. A sublime classical Indian devotional masterpiece painting, Bengal School of Art and Kangra wash style, delicate tempera and watercolor on fine textured handmade wasli paper. Soft poetic fine-line brushwork, expressive soulful faces with classical Indian beauty, fluid natural drapery folds with subtle gold zari embroidery, lush natural foliage under the gentle shade of ancient flowering trees. Atmospheric lighting with a luminous glowing horizon and misty tranquil waters. Full-bleed edge-to-edge painting, seamless composition, absolutely no borders, no frames, no paper margins, no text, no modern 3D render. Wide 16:10 landscape format with calm, uncluttered left third."
ch_10_83,10,83,Conversation between Bhagavān Śrī Kṛṣṇa’s consorts and Draupadī,भगवान्‌की पटरानियोंके साथ द्रौपदीकी बातचीत,"Scene from Skandha 10, Chapter 83 (""Conversation between Bhagavān Śrī Kṛṣṇa’s consorts and Draupadī"" / ""भगवान्‌की पटरानियोंके साथ द्रौपदीकी बातचीत""): A poignant, devotional depiction capturing the divine narrative essence of this chapter. Color palette centered around indigo blue with deep indigo night, moonlit Yamuna waters, glowing golden pitambara silk and blooming kadamba. Main sacred figures and spiritual interaction arranged gracefully in the center and right foreground, leaving the left third calm with gentle waters, soft misty horizon, or quiet sky. A sublime classical Indian devotional masterpiece painting, Bengal School of Art and Kangra wash style, delicate tempera and watercolor on fine textured handmade wasli paper. Soft poetic fine-line brushwork, expressive soulful faces with classical Indian beauty, fluid natural drapery folds with subtle gold zari embroidery, lush natural foliage under the gentle shade of ancient flowering trees. Atmospheric lighting with a luminous glowing horizon and misty tranquil waters. Full-bleed edge-to-edge painting, seamless composition, absolutely no borders, no frames, no paper margins, no text, no modern 3D render. Wide 16:10 landscape format with calm, uncluttered left third."
ch_10_84,10,84,An account of the pilgrimage undertaken by Lord Śrī Kṛṣṇa,वसुदेवजीका यज्ञोत्सव,"Scene from Skandha 10, Chapter 84 (""An account of the pilgrimage undertaken by Lord Śrī Kṛṣṇa"" / ""वसुदेवजीका यज्ञोत्सव""): A poignant, devotional depiction capturing the divine narrative essence of this chapter. Color palette centered around indigo blue with deep indigo night, moonlit Yamuna waters, glowing golden pitambara silk and blooming kadamba. Main sacred figures and spiritual interaction arranged gracefully in the center and right foreground, leaving the left third calm with gentle waters, soft misty horizon, or quiet sky. A sublime classical Indian devotional masterpiece painting, Bengal School of Art and Kangra wash style, delicate tempera and watercolor on fine textured handmade wasli paper. Soft poetic fine-line brushwork, expressive soulful faces with classical Indian beauty, fluid natural drapery folds with subtle gold zari embroidery, lush natural foliage under the gentle shade of ancient flowering trees. Atmospheric lighting with a luminous glowing horizon and misty tranquil waters. Full-bleed edge-to-edge painting, seamless composition, absolutely no borders, no frames, no paper margins, no text, no modern 3D render. Wide 16:10 landscape format with calm, uncluttered left third."
ch_10_85,10,85,The Lord brings back from the abode of Death His six elder brothers throttled by Kaṃsa,श्रीभगवान्‌के द्वारा वसुदेवजीको ब्रह्मज्ञानका उपदेश तथा देवकीजीके छः पुत्रोंको लौटा लाना,"Scene from Skandha 10, Chapter 85 (""The Lord brings back from the abode of Death His six elder brothers throttled by Kaṃsa"" / ""श्रीभगवान्‌के द्वारा वसुदेवजीको ब्रह्मज्ञानका उपदेश तथा देवकीजीके छः पुत्रोंको लौटा लाना""): A poignant, devotional depiction capturing the divine narrative essence of this chapter. Color palette centered around indigo blue with deep indigo night, moonlit Yamuna waters, glowing golden pitambara silk and blooming kadamba. Main sacred figures and spiritual interaction arranged gracefully in the center and right foreground, leaving the left third calm with gentle waters, soft misty horizon, or quiet sky. A sublime classical Indian devotional masterpiece painting, Bengal School of Art and Kangra wash style, delicate tempera and watercolor on fine textured handmade wasli paper. Soft poetic fine-line brushwork, expressive soulful faces with classical Indian beauty, fluid natural drapery folds with subtle gold zari embroidery, lush natural foliage under the gentle shade of ancient flowering trees. Atmospheric lighting with a luminous glowing horizon and misty tranquil waters. Full-bleed edge-to-edge painting, seamless composition, absolutely no borders, no frames, no paper margins, no text, no modern 3D render. Wide 16:10 landscape format with calm, uncluttered left third."
ch_10_86,10,86,Subhadrā carried away by Arjuna; the Lord’s Grace on Śrutadeva,सुभद्राहरण और भगवान्‌का मिथिलापुरीमें राजा जनक और श्रुतदेव ब्राह्मणके घर एक ही साथ जाना,"Scene from Skandha 10, Chapter 86 (""Subhadrā carried away by Arjuna; the Lord’s Grace on Śrutadeva"" / ""सुभद्राहरण और भगवान्‌का मिथिलापुरीमें राजा जनक और श्रुतदेव ब्राह्मणके घर एक ही साथ जाना""): A poignant, devotional depiction capturing the divine narrative essence of this chapter. Color palette centered around indigo blue with deep indigo night, moonlit Yamuna waters, glowing golden pitambara silk and blooming kadamba. Main sacred figures and spiritual interaction arranged gracefully in the center and right foreground, leaving the left third calm with gentle waters, soft misty horizon, or quiet sky. A sublime classical Indian devotional masterpiece painting, Bengal School of Art and Kangra wash style, delicate tempera and watercolor on fine textured handmade wasli paper. Soft poetic fine-line brushwork, expressive soulful faces with classical Indian beauty, fluid natural drapery folds with subtle gold zari embroidery, lush natural foliage under the gentle shade of ancient flowering trees. Atmospheric lighting with a luminous glowing horizon and misty tranquil waters. Full-bleed edge-to-edge painting, seamless composition, absolutely no borders, no frames, no paper margins, no text, no modern 3D render. Wide 16:10 landscape format with calm, uncluttered left third."
ch_10_87,10,87,A Song of Praise uttered by the Vedas in their living form,वेदस्तुति,"Scene from Skandha 10, Chapter 87 (""A Song of Praise uttered by the Vedas in their living form"" / ""वेदस्तुति""): A poignant, devotional depiction capturing the divine narrative essence of this chapter. Color palette centered around indigo blue with deep indigo night, moonlit Yamuna waters, glowing golden pitambara silk and blooming kadamba. Main sacred figures and spiritual interaction arranged gracefully in the center and right foreground, leaving the left third calm with gentle waters, soft misty horizon, or quiet sky. A sublime classical Indian devotional masterpiece painting, Bengal School of Art and Kangra wash style, delicate tempera and watercolor on fine textured handmade wasli paper. Soft poetic fine-line brushwork, expressive soulful faces with classical Indian beauty, fluid natural drapery folds with subtle gold zari embroidery, lush natural foliage under the gentle shade of ancient flowering trees. Atmospheric lighting with a luminous glowing horizon and misty tranquil waters. Full-bleed edge-to-edge painting, seamless composition, absolutely no borders, no frames, no paper margins, no text, no modern 3D render. Wide 16:10 landscape format with calm, uncluttered left third."
ch_10_88,10,88,Lord Rudra rescued from trouble,शिवजीका संकटमोचन,"Scene from Skandha 10, Chapter 88 (""Lord Rudra rescued from trouble"" / ""शिवजीका संकटमोचन""): A poignant, devotional depiction capturing the divine narrative essence of this chapter. Color palette centered around indigo blue with deep indigo night, moonlit Yamuna waters, glowing golden pitambara silk and blooming kadamba. Main sacred figures and spiritual interaction arranged gracefully in the center and right foreground, leaving the left third calm with gentle waters, soft misty horizon, or quiet sky. A sublime classical Indian devotional masterpiece painting, Bengal School of Art and Kangra wash style, delicate tempera and watercolor on fine textured handmade wasli paper. Soft poetic fine-line brushwork, expressive soulful faces with classical Indian beauty, fluid natural drapery folds with subtle gold zari embroidery, lush natural foliage under the gentle shade of ancient flowering trees. Atmospheric lighting with a luminous glowing horizon and misty tranquil waters. Full-bleed edge-to-edge painting, seamless composition, absolutely no borders, no frames, no paper margins, no text, no modern 3D render. Wide 16:10 landscape format with calm, uncluttered left third."
ch_10_89,10,89,"The three chief-gods put to test by the sage, Bhṛgu; the Lord brings back the dead sons of a Brāhmaṇa",भृगुजीके द्वारा त्रिदेवोंकी परीक्षा तथा भगवान्‌का मरे हुए ब्राह्मण-बालकोंको वापस लाना,"Scene from Skandha 10, Chapter 89 (""The three chief-gods put to test by the sage, Bhṛgu; the Lord brings back the dead sons of a Brāhmaṇa"" / ""भृगुजीके द्वारा त्रिदेवोंकी परीक्षा तथा भगवान्‌का मरे हुए ब्राह्मण-बालकोंको वापस लाना""): A poignant, devotional depiction capturing the divine narrative essence of this chapter. Color palette centered around indigo blue with deep indigo night, moonlit Yamuna waters, glowing golden pitambara silk and blooming kadamba. Main sacred figures and spiritual interaction arranged gracefully in the center and right foreground, leaving the left third calm with gentle waters, soft misty horizon, or quiet sky. A sublime classical Indian devotional masterpiece painting, Bengal School of Art and Kangra wash style, delicate tempera and watercolor on fine textured handmade wasli paper. Soft poetic fine-line brushwork, expressive soulful faces with classical Indian beauty, fluid natural drapery folds with subtle gold zari embroidery, lush natural foliage under the gentle shade of ancient flowering trees. Atmospheric lighting with a luminous glowing horizon and misty tranquil waters. Full-bleed edge-to-edge painting, seamless composition, absolutely no borders, no frames, no paper margins, no text, no modern 3D render. Wide 16:10 landscape format with calm, uncluttered left third."
ch_10_90,10,90,The Story of the amorous sports of Śrī Kṛṣṇa narrated,भगवान् श्रीकृष्णके लीला-विहारका वर्णन,"Scene from Skandha 10, Chapter 90 (""The Story of the amorous sports of Śrī Kṛṣṇa narrated"" / ""भगवान् श्रीकृष्णके लीला-विहारका वर्णन""): A poignant, devotional depiction capturing the divine narrative essence of this chapter. Color palette centered around indigo blue with deep indigo night, moonlit Yamuna waters, glowing golden pitambara silk and blooming kadamba. Main sacred figures and spiritual interaction arranged gracefully in the center and right foreground, leaving the left third calm with gentle waters, soft misty horizon, or quiet sky. A sublime classical Indian devotional masterpiece painting, Bengal School of Art and Kangra wash style, delicate tempera and watercolor on fine textured handmade wasli paper. Soft poetic fine-line brushwork, expressive soulful faces with classical Indian beauty, fluid natural drapery folds with subtle gold zari embroidery, lush natural foliage under the gentle shade of ancient flowering trees. Atmospheric lighting with a luminous glowing horizon and misty tranquil waters. Full-bleed edge-to-edge painting, seamless composition, absolutely no borders, no frames, no paper margins, no text, no modern 3D render. Wide 16:10 landscape format with calm, uncluttered left third."
ch_11_1,11,1,The curse of the Ṛṣis invoking the destruction of Yadu’s race,यदुवंशको ऋषियोंका शाप,"Scene from Skandha 11, Chapter 1 (""The curse of the Ṛṣis invoking the destruction of Yadu’s race"" / ""यदुवंशको ऋषियोंका शाप""): A poignant, devotional depiction capturing the divine narrative essence of this chapter. Color palette centered around rose pink with rose-pink and coral sunset sky, golden sea reflections, peaceful marble terrace. Main sacred figures and spiritual interaction arranged gracefully in the center and right foreground, leaving the left third calm with gentle waters, soft misty horizon, or quiet sky. A sublime classical Indian devotional masterpiece painting, Bengal School of Art and Kangra wash style, delicate tempera and watercolor on fine textured handmade wasli paper. Soft poetic fine-line brushwork, expressive soulful faces with classical Indian beauty, fluid natural drapery folds with subtle gold zari embroidery, lush natural foliage under the gentle shade of ancient flowering trees. Atmospheric lighting with a luminous glowing horizon and misty tranquil waters. Full-bleed edge-to-edge painting, seamless composition, absolutely no borders, no frames, no paper margins, no text, no modern 3D render. Wide 16:10 landscape format with calm, uncluttered left third."
ch_11_2,11,2,Nārada visits Vasudeva and reproduces the dialogue between King Janaka and the nine Yogīśwaras,वसुदेवजीके पास श्रीनारदजीका आना और उन्हें राजा जनक तथा नौ योगीश्वरोंका संवाद सुनाना,"Scene from Skandha 11, Chapter 2 (""Nārada visits Vasudeva and reproduces the dialogue between King Janaka and the nine Yogīśwaras"" / ""वसुदेवजीके पास श्रीनारदजीका आना और उन्हें राजा जनक तथा नौ योगीश्वरोंका संवाद सुनाना""): A poignant, devotional depiction capturing the divine narrative essence of this chapter. Color palette centered around rose pink with rose-pink and coral sunset sky, golden sea reflections, peaceful marble terrace. Main sacred figures and spiritual interaction arranged gracefully in the center and right foreground, leaving the left third calm with gentle waters, soft misty horizon, or quiet sky. A sublime classical Indian devotional masterpiece painting, Bengal School of Art and Kangra wash style, delicate tempera and watercolor on fine textured handmade wasli paper. Soft poetic fine-line brushwork, expressive soulful faces with classical Indian beauty, fluid natural drapery folds with subtle gold zari embroidery, lush natural foliage under the gentle shade of ancient flowering trees. Atmospheric lighting with a luminous glowing horizon and misty tranquil waters. Full-bleed edge-to-edge painting, seamless composition, absolutely no borders, no frames, no paper margins, no text, no modern 3D render. Wide 16:10 landscape format with calm, uncluttered left third."
ch_11_3,11,3,A Description of Māyā and the means of transcending it; an exposition of Brahma and the Path of Action,"माया, मायासे पार होनेके उपाय तथा ब्रह्म और कर्मयोगका निरूपण","Scene from Skandha 11, Chapter 3 (""A Description of Māyā and the means of transcending it; an exposition of Brahma and the Path of Action"" / ""माया, मायासे पार होनेके उपाय तथा ब्रह्म और कर्मयोगका निरूपण""): A poignant, devotional depiction capturing the divine narrative essence of this chapter. Color palette centered around rose pink with rose-pink and coral sunset sky, golden sea reflections, peaceful marble terrace. Main sacred figures and spiritual interaction arranged gracefully in the center and right foreground, leaving the left third calm with gentle waters, soft misty horizon, or quiet sky. A sublime classical Indian devotional masterpiece painting, Bengal School of Art and Kangra wash style, delicate tempera and watercolor on fine textured handmade wasli paper. Soft poetic fine-line brushwork, expressive soulful faces with classical Indian beauty, fluid natural drapery folds with subtle gold zari embroidery, lush natural foliage under the gentle shade of ancient flowering trees. Atmospheric lighting with a luminous glowing horizon and misty tranquil waters. Full-bleed edge-to-edge painting, seamless composition, absolutely no borders, no frames, no paper margins, no text, no modern 3D render. Wide 16:10 landscape format with calm, uncluttered left third."
ch_11_4,11,4,A description of the Lord’s Descents,भगवान्‌के अवतारोंका वर्णन,"Scene from Skandha 11, Chapter 4 (""A description of the Lord’s Descents"" / ""भगवान्‌के अवतारोंका वर्णन""): A poignant, devotional depiction capturing the divine narrative essence of this chapter. Color palette centered around rose pink with rose-pink and coral sunset sky, golden sea reflections, peaceful marble terrace. Main sacred figures and spiritual interaction arranged gracefully in the center and right foreground, leaving the left third calm with gentle waters, soft misty horizon, or quiet sky. A sublime classical Indian devotional masterpiece painting, Bengal School of Art and Kangra wash style, delicate tempera and watercolor on fine textured handmade wasli paper. Soft poetic fine-line brushwork, expressive soulful faces with classical Indian beauty, fluid natural drapery folds with subtle gold zari embroidery, lush natural foliage under the gentle shade of ancient flowering trees. Atmospheric lighting with a luminous glowing horizon and misty tranquil waters. Full-bleed edge-to-edge painting, seamless composition, absolutely no borders, no frames, no paper margins, no text, no modern 3D render. Wide 16:10 landscape format with calm, uncluttered left third."
ch_11_5,11,5,The Fate of non-devotees; different methods of the Lord’s worship according to the different Yugas,भक्तिहीन पुरुषोंकी गति और भगवान्‌की पूजाविधिका वर्णन,"Scene from Skandha 11, Chapter 5 (""The Fate of non-devotees; different methods of the Lord’s worship according to the different Yugas"" / ""भक्तिहीन पुरुषोंकी गति और भगवान्‌की पूजाविधिका वर्णन""): A poignant, devotional depiction capturing the divine narrative essence of this chapter. Color palette centered around rose pink with rose-pink and coral sunset sky, golden sea reflections, peaceful marble terrace. Main sacred figures and spiritual interaction arranged gracefully in the center and right foreground, leaving the left third calm with gentle waters, soft misty horizon, or quiet sky. A sublime classical Indian devotional masterpiece painting, Bengal School of Art and Kangra wash style, delicate tempera and watercolor on fine textured handmade wasli paper. Soft poetic fine-line brushwork, expressive soulful faces with classical Indian beauty, fluid natural drapery folds with subtle gold zari embroidery, lush natural foliage under the gentle shade of ancient flowering trees. Atmospheric lighting with a luminous glowing horizon and misty tranquil waters. Full-bleed edge-to-edge painting, seamless composition, absolutely no borders, no frames, no paper margins, no text, no modern 3D render. Wide 16:10 landscape format with calm, uncluttered left third."
ch_11_6,11,6,The gods entreat the Lord to return to His divine realm and Uddhava approaches Him on the eve of the Yadus’ departure for Prabhāsa,देवताओंकी भगवान्‌से स्वधाम सिधारनेके लिये प्रार्थना तथा यादवोंको प्रभासक्षेत्र जानेकी तैयारी करते देखकर उद्धवका भगवान्‌के पास आना,"Scene from Skandha 11, Chapter 6 (""The gods entreat the Lord to return to His divine realm and Uddhava approaches Him on the eve of the Yadus’ departure for Prabhāsa"" / ""देवताओंकी भगवान्‌से स्वधाम सिधारनेके लिये प्रार्थना तथा यादवोंको प्रभासक्षेत्र जानेकी तैयारी करते देखकर उद्धवका भगवान्‌के पास आना""): A poignant, devotional depiction capturing the divine narrative essence of this chapter. Color palette centered around rose pink with rose-pink and coral sunset sky, golden sea reflections, peaceful marble terrace. Main sacred figures and spiritual interaction arranged gracefully in the center and right foreground, leaving the left third calm with gentle waters, soft misty horizon, or quiet sky. A sublime classical Indian devotional masterpiece painting, Bengal School of Art and Kangra wash style, delicate tempera and watercolor on fine textured handmade wasli paper. Soft poetic fine-line brushwork, expressive soulful faces with classical Indian beauty, fluid natural drapery folds with subtle gold zari embroidery, lush natural foliage under the gentle shade of ancient flowering trees. Atmospheric lighting with a luminous glowing horizon and misty tranquil waters. Full-bleed edge-to-edge painting, seamless composition, absolutely no borders, no frames, no paper margins, no text, no modern 3D render. Wide 16:10 landscape format with calm, uncluttered left third."
ch_11_7,11,7,"The Legend of an Ascetic—the Story of eight (out of twenty-four) preceptors from the earth to the pigeon, recognized by him",अवधूतोपाख्यान—पृथ्वीसे लेकर कबूतरतक आठ गुरुओंकी कथा,"Scene from Skandha 11, Chapter 7 (""The Legend of an Ascetic—the Story of eight (out of twenty-four) preceptors from the earth to the pigeon, recognized by him"" / ""अवधूतोपाख्यान—पृथ्वीसे लेकर कबूतरतक आठ गुरुओंकी कथा""): A poignant, devotional depiction capturing the divine narrative essence of this chapter. Color palette centered around rose pink with rose-pink and coral sunset sky, golden sea reflections, peaceful marble terrace. Main sacred figures and spiritual interaction arranged gracefully in the center and right foreground, leaving the left third calm with gentle waters, soft misty horizon, or quiet sky. A sublime classical Indian devotional masterpiece painting, Bengal School of Art and Kangra wash style, delicate tempera and watercolor on fine textured handmade wasli paper. Soft poetic fine-line brushwork, expressive soulful faces with classical Indian beauty, fluid natural drapery folds with subtle gold zari embroidery, lush natural foliage under the gentle shade of ancient flowering trees. Atmospheric lighting with a luminous glowing horizon and misty tranquil waters. Full-bleed edge-to-edge painting, seamless composition, absolutely no borders, no frames, no paper margins, no text, no modern 3D render. Wide 16:10 landscape format with calm, uncluttered left third."
ch_11_8,11,8,What the Avadhūta learnt from the nine preceptors,अवधूतोपाख्यान—अजगरसे लेकर पिंगलातक नौ गुरुओंकी कथा,"Scene from Skandha 11, Chapter 8 (""What the Avadhūta learnt from the nine preceptors"" / ""अवधूतोपाख्यान—अजगरसे लेकर पिंगलातक नौ गुरुओंकी कथा""): A poignant, devotional depiction capturing the divine narrative essence of this chapter. Color palette centered around rose pink with rose-pink and coral sunset sky, golden sea reflections, peaceful marble terrace. Main sacred figures and spiritual interaction arranged gracefully in the center and right foreground, leaving the left third calm with gentle waters, soft misty horizon, or quiet sky. A sublime classical Indian devotional masterpiece painting, Bengal School of Art and Kangra wash style, delicate tempera and watercolor on fine textured handmade wasli paper. Soft poetic fine-line brushwork, expressive soulful faces with classical Indian beauty, fluid natural drapery folds with subtle gold zari embroidery, lush natural foliage under the gentle shade of ancient flowering trees. Atmospheric lighting with a luminous glowing horizon and misty tranquil waters. Full-bleed edge-to-edge painting, seamless composition, absolutely no borders, no frames, no paper margins, no text, no modern 3D render. Wide 16:10 landscape format with calm, uncluttered left third."
ch_11_9,11,9,"Story of the seven preceptors, the osprey and others; and the end of the Avadhūta’s discourse",अवधूतोपाख्यान—कुररसे लेकर भृंगीतक सात गुरुओंकी कथा,"Scene from Skandha 11, Chapter 9 (""Story of the seven preceptors, the osprey and others; and the end of the Avadhūta’s discourse"" / ""अवधूतोपाख्यान—कुररसे लेकर भृंगीतक सात गुरुओंकी कथा""): A poignant, devotional depiction capturing the divine narrative essence of this chapter. Color palette centered around rose pink with rose-pink and coral sunset sky, golden sea reflections, peaceful marble terrace. Main sacred figures and spiritual interaction arranged gracefully in the center and right foreground, leaving the left third calm with gentle waters, soft misty horizon, or quiet sky. A sublime classical Indian devotional masterpiece painting, Bengal School of Art and Kangra wash style, delicate tempera and watercolor on fine textured handmade wasli paper. Soft poetic fine-line brushwork, expressive soulful faces with classical Indian beauty, fluid natural drapery folds with subtle gold zari embroidery, lush natural foliage under the gentle shade of ancient flowering trees. Atmospheric lighting with a luminous glowing horizon and misty tranquil waters. Full-bleed edge-to-edge painting, seamless composition, absolutely no borders, no frames, no paper margins, no text, no modern 3D render. Wide 16:10 landscape format with calm, uncluttered left third."
ch_11_10,11,10,The emptiness of earthly and other-worldly enjoyments exposed,लौकिक तथा पारलौकिक भोगोंकी असारताका निरूपण,"Scene from Skandha 11, Chapter 10 (""The emptiness of earthly and other-worldly enjoyments exposed"" / ""लौकिक तथा पारलौकिक भोगोंकी असारताका निरूपण""): A poignant, devotional depiction capturing the divine narrative essence of this chapter. Color palette centered around rose pink with rose-pink and coral sunset sky, golden sea reflections, peaceful marble terrace. Main sacred figures and spiritual interaction arranged gracefully in the center and right foreground, leaving the left third calm with gentle waters, soft misty horizon, or quiet sky. A sublime classical Indian devotional masterpiece painting, Bengal School of Art and Kangra wash style, delicate tempera and watercolor on fine textured handmade wasli paper. Soft poetic fine-line brushwork, expressive soulful faces with classical Indian beauty, fluid natural drapery folds with subtle gold zari embroidery, lush natural foliage under the gentle shade of ancient flowering trees. Atmospheric lighting with a luminous glowing horizon and misty tranquil waters. Full-bleed edge-to-edge painting, seamless composition, absolutely no borders, no frames, no paper margins, no text, no modern 3D render. Wide 16:10 landscape format with calm, uncluttered left third."
ch_11_11,11,11,The characteristics of bound and liberated souls as well as of devotees,"बद्ध, मुक्त और भक्तजनोंके लक्षण","Scene from Skandha 11, Chapter 11 (""The characteristics of bound and liberated souls as well as of devotees"" / ""बद्ध, मुक्त और भक्तजनोंके लक्षण""): A poignant, devotional depiction capturing the divine narrative essence of this chapter. Color palette centered around rose pink with rose-pink and coral sunset sky, golden sea reflections, peaceful marble terrace. Main sacred figures and spiritual interaction arranged gracefully in the center and right foreground, leaving the left third calm with gentle waters, soft misty horizon, or quiet sky. A sublime classical Indian devotional masterpiece painting, Bengal School of Art and Kangra wash style, delicate tempera and watercolor on fine textured handmade wasli paper. Soft poetic fine-line brushwork, expressive soulful faces with classical Indian beauty, fluid natural drapery folds with subtle gold zari embroidery, lush natural foliage under the gentle shade of ancient flowering trees. Atmospheric lighting with a luminous glowing horizon and misty tranquil waters. Full-bleed edge-to-edge painting, seamless composition, absolutely no borders, no frames, no paper margins, no text, no modern 3D render. Wide 16:10 landscape format with calm, uncluttered left third."
ch_11_12,11,12,The Glory of Satsaṅga; how to perform one’s prescribed duty and how to relinquish it?,सत्संगकी महिमा और कर्म तथा कर्मत्यागकी विधि,"Scene from Skandha 11, Chapter 12 (""The Glory of Satsaṅga; how to perform one’s prescribed duty and how to relinquish it?"" / ""सत्संगकी महिमा और कर्म तथा कर्मत्यागकी विधि""): A poignant, devotional depiction capturing the divine narrative essence of this chapter. Color palette centered around rose pink with rose-pink and coral sunset sky, golden sea reflections, peaceful marble terrace. Main sacred figures and spiritual interaction arranged gracefully in the center and right foreground, leaving the left third calm with gentle waters, soft misty horizon, or quiet sky. A sublime classical Indian devotional masterpiece painting, Bengal School of Art and Kangra wash style, delicate tempera and watercolor on fine textured handmade wasli paper. Soft poetic fine-line brushwork, expressive soulful faces with classical Indian beauty, fluid natural drapery folds with subtle gold zari embroidery, lush natural foliage under the gentle shade of ancient flowering trees. Atmospheric lighting with a luminous glowing horizon and misty tranquil waters. Full-bleed edge-to-edge painting, seamless composition, absolutely no borders, no frames, no paper margins, no text, no modern 3D render. Wide 16:10 landscape format with calm, uncluttered left third."
ch_11_13,11,13,The teaching imparted by the Lord in the form of the Divine Swan to the sage Sanaka and his three brothers,हंसरूपसे सनकादिको दिये हुए उपदेशका वर्णन,"Scene from Skandha 11, Chapter 13 (""The teaching imparted by the Lord in the form of the Divine Swan to the sage Sanaka and his three brothers"" / ""हंसरूपसे सनकादिको दिये हुए उपदेशका वर्णन""): A poignant, devotional depiction capturing the divine narrative essence of this chapter. Color palette centered around rose pink with rose-pink and coral sunset sky, golden sea reflections, peaceful marble terrace. Main sacred figures and spiritual interaction arranged gracefully in the center and right foreground, leaving the left third calm with gentle waters, soft misty horizon, or quiet sky. A sublime classical Indian devotional masterpiece painting, Bengal School of Art and Kangra wash style, delicate tempera and watercolor on fine textured handmade wasli paper. Soft poetic fine-line brushwork, expressive soulful faces with classical Indian beauty, fluid natural drapery folds with subtle gold zari embroidery, lush natural foliage under the gentle shade of ancient flowering trees. Atmospheric lighting with a luminous glowing horizon and misty tranquil waters. Full-bleed edge-to-edge painting, seamless composition, absolutely no borders, no frames, no paper margins, no text, no modern 3D render. Wide 16:10 landscape format with calm, uncluttered left third."
ch_11_14,11,14,Glory of the Path of Devotion and the Process of Meditation described,भक्तियोगकी महिमा तथा ध्यानविधिका वर्णन,"Scene from Skandha 11, Chapter 14 (""Glory of the Path of Devotion and the Process of Meditation described"" / ""भक्तियोगकी महिमा तथा ध्यानविधिका वर्णन""): A poignant, devotional depiction capturing the divine narrative essence of this chapter. Color palette centered around rose pink with rose-pink and coral sunset sky, golden sea reflections, peaceful marble terrace. Main sacred figures and spiritual interaction arranged gracefully in the center and right foreground, leaving the left third calm with gentle waters, soft misty horizon, or quiet sky. A sublime classical Indian devotional masterpiece painting, Bengal School of Art and Kangra wash style, delicate tempera and watercolor on fine textured handmade wasli paper. Soft poetic fine-line brushwork, expressive soulful faces with classical Indian beauty, fluid natural drapery folds with subtle gold zari embroidery, lush natural foliage under the gentle shade of ancient flowering trees. Atmospheric lighting with a luminous glowing horizon and misty tranquil waters. Full-bleed edge-to-edge painting, seamless composition, absolutely no borders, no frames, no paper margins, no text, no modern 3D render. Wide 16:10 landscape format with calm, uncluttered left third."
ch_11_15,11,15,Names and Characteristics of the various Siddhis (mystic powers) acquired through Yoga,भिन्न-भिन्न सिद्धियोंके नाम और लक्षण,"Scene from Skandha 11, Chapter 15 (""Names and Characteristics of the various Siddhis (mystic powers) acquired through Yoga"" / ""भिन्न-भिन्न सिद्धियोंके नाम और लक्षण""): A poignant, devotional depiction capturing the divine narrative essence of this chapter. Color palette centered around rose pink with rose-pink and coral sunset sky, golden sea reflections, peaceful marble terrace. Main sacred figures and spiritual interaction arranged gracefully in the center and right foreground, leaving the left third calm with gentle waters, soft misty horizon, or quiet sky. A sublime classical Indian devotional masterpiece painting, Bengal School of Art and Kangra wash style, delicate tempera and watercolor on fine textured handmade wasli paper. Soft poetic fine-line brushwork, expressive soulful faces with classical Indian beauty, fluid natural drapery folds with subtle gold zari embroidery, lush natural foliage under the gentle shade of ancient flowering trees. Atmospheric lighting with a luminous glowing horizon and misty tranquil waters. Full-bleed edge-to-edge painting, seamless composition, absolutely no borders, no frames, no paper margins, no text, no modern 3D render. Wide 16:10 landscape format with calm, uncluttered left third."
ch_11_16,11,16,Glorious manifestations of the Lord enumerated,भगवान्‌की विभूतियोंका वर्णन,"Scene from Skandha 11, Chapter 16 (""Glorious manifestations of the Lord enumerated"" / ""भगवान्‌की विभूतियोंका वर्णन""): A poignant, devotional depiction capturing the divine narrative essence of this chapter. Color palette centered around rose pink with rose-pink and coral sunset sky, golden sea reflections, peaceful marble terrace. Main sacred figures and spiritual interaction arranged gracefully in the center and right foreground, leaving the left third calm with gentle waters, soft misty horizon, or quiet sky. A sublime classical Indian devotional masterpiece painting, Bengal School of Art and Kangra wash style, delicate tempera and watercolor on fine textured handmade wasli paper. Soft poetic fine-line brushwork, expressive soulful faces with classical Indian beauty, fluid natural drapery folds with subtle gold zari embroidery, lush natural foliage under the gentle shade of ancient flowering trees. Atmospheric lighting with a luminous glowing horizon and misty tranquil waters. Full-bleed edge-to-edge painting, seamless composition, absolutely no borders, no frames, no paper margins, no text, no modern 3D render. Wide 16:10 landscape format with calm, uncluttered left third."
ch_11_17,11,17,The duties pertaining to the four Varṇas and four Āśramas,वर्णाश्रम-धर्म-निरूपण,"Scene from Skandha 11, Chapter 17 (""The duties pertaining to the four Varṇas and four Āśramas"" / ""वर्णाश्रम-धर्म-निरूपण""): A poignant, devotional depiction capturing the divine narrative essence of this chapter. Color palette centered around rose pink with rose-pink and coral sunset sky, golden sea reflections, peaceful marble terrace. Main sacred figures and spiritual interaction arranged gracefully in the center and right foreground, leaving the left third calm with gentle waters, soft misty horizon, or quiet sky. A sublime classical Indian devotional masterpiece painting, Bengal School of Art and Kangra wash style, delicate tempera and watercolor on fine textured handmade wasli paper. Soft poetic fine-line brushwork, expressive soulful faces with classical Indian beauty, fluid natural drapery folds with subtle gold zari embroidery, lush natural foliage under the gentle shade of ancient flowering trees. Atmospheric lighting with a luminous glowing horizon and misty tranquil waters. Full-bleed edge-to-edge painting, seamless composition, absolutely no borders, no frames, no paper margins, no text, no modern 3D render. Wide 16:10 landscape format with calm, uncluttered left third."
ch_11_18,11,18,The Duties of anchorites and recluses,वानप्रस्थ और संन्यासीके धर्म,"Scene from Skandha 11, Chapter 18 (""The Duties of anchorites and recluses"" / ""वानप्रस्थ और संन्यासीके धर्म""): A poignant, devotional depiction capturing the divine narrative essence of this chapter. Color palette centered around rose pink with rose-pink and coral sunset sky, golden sea reflections, peaceful marble terrace. Main sacred figures and spiritual interaction arranged gracefully in the center and right foreground, leaving the left third calm with gentle waters, soft misty horizon, or quiet sky. A sublime classical Indian devotional masterpiece painting, Bengal School of Art and Kangra wash style, delicate tempera and watercolor on fine textured handmade wasli paper. Soft poetic fine-line brushwork, expressive soulful faces with classical Indian beauty, fluid natural drapery folds with subtle gold zari embroidery, lush natural foliage under the gentle shade of ancient flowering trees. Atmospheric lighting with a luminous glowing horizon and misty tranquil waters. Full-bleed edge-to-edge painting, seamless composition, absolutely no borders, no frames, no paper margins, no text, no modern 3D render. Wide 16:10 landscape format with calm, uncluttered left third."
ch_11_19,11,19,"in the form of the five Yamas, the five Niyamas and so on","भक्ति, ज्ञान और यम-नियमादि साधनोंका वर्णन","Scene from Skandha 11, Chapter 19 (""in the form of the five Yamas, the five Niyamas and so on"" / ""भक्ति, ज्ञान और यम-नियमादि साधनोंका वर्णन""): A poignant, devotional depiction capturing the divine narrative essence of this chapter. Color palette centered around rose pink with rose-pink and coral sunset sky, golden sea reflections, peaceful marble terrace. Main sacred figures and spiritual interaction arranged gracefully in the center and right foreground, leaving the left third calm with gentle waters, soft misty horizon, or quiet sky. A sublime classical Indian devotional masterpiece painting, Bengal School of Art and Kangra wash style, delicate tempera and watercolor on fine textured handmade wasli paper. Soft poetic fine-line brushwork, expressive soulful faces with classical Indian beauty, fluid natural drapery folds with subtle gold zari embroidery, lush natural foliage under the gentle shade of ancient flowering trees. Atmospheric lighting with a luminous glowing horizon and misty tranquil waters. Full-bleed edge-to-edge painting, seamless composition, absolutely no borders, no frames, no paper margins, no text, no modern 3D render. Wide 16:10 landscape format with calm, uncluttered left third."
ch_11_20,11,20,"Jñānayoga, Karmayoga and Bhaktiyoga analysed","ज्ञानयोग, कर्मयोग और भक्तियोग","Scene from Skandha 11, Chapter 20 (""Jñānayoga, Karmayoga and Bhaktiyoga analysed"" / ""ज्ञानयोग, कर्मयोग और भक्तियोग""): A poignant, devotional depiction capturing the divine narrative essence of this chapter. Color palette centered around rose pink with rose-pink and coral sunset sky, golden sea reflections, peaceful marble terrace. Main sacred figures and spiritual interaction arranged gracefully in the center and right foreground, leaving the left third calm with gentle waters, soft misty horizon, or quiet sky. A sublime classical Indian devotional masterpiece painting, Bengal School of Art and Kangra wash style, delicate tempera and watercolor on fine textured handmade wasli paper. Soft poetic fine-line brushwork, expressive soulful faces with classical Indian beauty, fluid natural drapery folds with subtle gold zari embroidery, lush natural foliage under the gentle shade of ancient flowering trees. Atmospheric lighting with a luminous glowing horizon and misty tranquil waters. Full-bleed edge-to-edge painting, seamless composition, absolutely no borders, no frames, no paper margins, no text, no modern 3D render. Wide 16:10 landscape format with calm, uncluttered left third."
ch_11_21,11,21,The process of determining what is good and what is evil and the secret underlying it,गुण-दोष व्यवस्थाका स्वरूप और रहस्य,"Scene from Skandha 11, Chapter 21 (""The process of determining what is good and what is evil and the secret underlying it"" / ""गुण-दोष व्यवस्थाका स्वरूप और रहस्य""): A poignant, devotional depiction capturing the divine narrative essence of this chapter. Color palette centered around rose pink with rose-pink and coral sunset sky, golden sea reflections, peaceful marble terrace. Main sacred figures and spiritual interaction arranged gracefully in the center and right foreground, leaving the left third calm with gentle waters, soft misty horizon, or quiet sky. A sublime classical Indian devotional masterpiece painting, Bengal School of Art and Kangra wash style, delicate tempera and watercolor on fine textured handmade wasli paper. Soft poetic fine-line brushwork, expressive soulful faces with classical Indian beauty, fluid natural drapery folds with subtle gold zari embroidery, lush natural foliage under the gentle shade of ancient flowering trees. Atmospheric lighting with a luminous glowing horizon and misty tranquil waters. Full-bleed edge-to-edge painting, seamless composition, absolutely no borders, no frames, no paper margins, no text, no modern 3D render. Wide 16:10 landscape format with calm, uncluttered left third."
ch_11_22,11,22,Categories enumerated; Distinction between Prakṛti and Puruṣa,तत्त्वोंकी संख्या और पुरुष-प्रकृति-विवेक,"Scene from Skandha 11, Chapter 22 (""Categories enumerated; Distinction between Prakṛti and Puruṣa"" / ""तत्त्वोंकी संख्या और पुरुष-प्रकृति-विवेक""): A poignant, devotional depiction capturing the divine narrative essence of this chapter. Color palette centered around rose pink with rose-pink and coral sunset sky, golden sea reflections, peaceful marble terrace. Main sacred figures and spiritual interaction arranged gracefully in the center and right foreground, leaving the left third calm with gentle waters, soft misty horizon, or quiet sky. A sublime classical Indian devotional masterpiece painting, Bengal School of Art and Kangra wash style, delicate tempera and watercolor on fine textured handmade wasli paper. Soft poetic fine-line brushwork, expressive soulful faces with classical Indian beauty, fluid natural drapery folds with subtle gold zari embroidery, lush natural foliage under the gentle shade of ancient flowering trees. Atmospheric lighting with a luminous glowing horizon and misty tranquil waters. Full-bleed edge-to-edge painting, seamless composition, absolutely no borders, no frames, no paper margins, no text, no modern 3D render. Wide 16:10 landscape format with calm, uncluttered left third."
ch_11_23,11,23,The Episode of a forbearing Brāhmaṇa,एक तितिक्षु ब्राह्मणका इतिहास,"Scene from Skandha 11, Chapter 23 (""The Episode of a forbearing Brāhmaṇa"" / ""एक तितिक्षु ब्राह्मणका इतिहास""): A poignant, devotional depiction capturing the divine narrative essence of this chapter. Color palette centered around rose pink with rose-pink and coral sunset sky, golden sea reflections, peaceful marble terrace. Main sacred figures and spiritual interaction arranged gracefully in the center and right foreground, leaving the left third calm with gentle waters, soft misty horizon, or quiet sky. A sublime classical Indian devotional masterpiece painting, Bengal School of Art and Kangra wash style, delicate tempera and watercolor on fine textured handmade wasli paper. Soft poetic fine-line brushwork, expressive soulful faces with classical Indian beauty, fluid natural drapery folds with subtle gold zari embroidery, lush natural foliage under the gentle shade of ancient flowering trees. Atmospheric lighting with a luminous glowing horizon and misty tranquil waters. Full-bleed edge-to-edge painting, seamless composition, absolutely no borders, no frames, no paper margins, no text, no modern 3D render. Wide 16:10 landscape format with calm, uncluttered left third."
ch_11_24,11,24,A Dissertation on Sāṅkhyayoga,सांख्ययोग,"Scene from Skandha 11, Chapter 24 (""A Dissertation on Sāṅkhyayoga"" / ""सांख्ययोग""): A poignant, devotional depiction capturing the divine narrative essence of this chapter. Color palette centered around rose pink with rose-pink and coral sunset sky, golden sea reflections, peaceful marble terrace. Main sacred figures and spiritual interaction arranged gracefully in the center and right foreground, leaving the left third calm with gentle waters, soft misty horizon, or quiet sky. A sublime classical Indian devotional masterpiece painting, Bengal School of Art and Kangra wash style, delicate tempera and watercolor on fine textured handmade wasli paper. Soft poetic fine-line brushwork, expressive soulful faces with classical Indian beauty, fluid natural drapery folds with subtle gold zari embroidery, lush natural foliage under the gentle shade of ancient flowering trees. Atmospheric lighting with a luminous glowing horizon and misty tranquil waters. Full-bleed edge-to-edge painting, seamless composition, absolutely no borders, no frames, no paper margins, no text, no modern 3D render. Wide 16:10 landscape format with calm, uncluttered left third."
ch_11_25,11,25,"The operation of the three Guṇas described delusion,",तीनों गुणोंकी वृत्तियोंका निरूपण,"Scene from Skandha 11, Chapter 25 (""The operation of the three Guṇas described delusion,"" / ""तीनों गुणोंकी वृत्तियोंका निरूपण""): A poignant, devotional depiction capturing the divine narrative essence of this chapter. Color palette centered around rose pink with rose-pink and coral sunset sky, golden sea reflections, peaceful marble terrace. Main sacred figures and spiritual interaction arranged gracefully in the center and right foreground, leaving the left third calm with gentle waters, soft misty horizon, or quiet sky. A sublime classical Indian devotional masterpiece painting, Bengal School of Art and Kangra wash style, delicate tempera and watercolor on fine textured handmade wasli paper. Soft poetic fine-line brushwork, expressive soulful faces with classical Indian beauty, fluid natural drapery folds with subtle gold zari embroidery, lush natural foliage under the gentle shade of ancient flowering trees. Atmospheric lighting with a luminous glowing horizon and misty tranquil waters. Full-bleed edge-to-edge painting, seamless composition, absolutely no borders, no frames, no paper margins, no text, no modern 3D render. Wide 16:10 landscape format with calm, uncluttered left third."
ch_11_26,11,26,The Utterance of Purūravā bearing an Aversion for the pleasures of Sense,पुरूरवाकी वैराग्योक्ति,"Scene from Skandha 11, Chapter 26 (""The Utterance of Purūravā bearing an Aversion for the pleasures of Sense"" / ""पुरूरवाकी वैराग्योक्ति""): A poignant, devotional depiction capturing the divine narrative essence of this chapter. Color palette centered around rose pink with rose-pink and coral sunset sky, golden sea reflections, peaceful marble terrace. Main sacred figures and spiritual interaction arranged gracefully in the center and right foreground, leaving the left third calm with gentle waters, soft misty horizon, or quiet sky. A sublime classical Indian devotional masterpiece painting, Bengal School of Art and Kangra wash style, delicate tempera and watercolor on fine textured handmade wasli paper. Soft poetic fine-line brushwork, expressive soulful faces with classical Indian beauty, fluid natural drapery folds with subtle gold zari embroidery, lush natural foliage under the gentle shade of ancient flowering trees. Atmospheric lighting with a luminous glowing horizon and misty tranquil waters. Full-bleed edge-to-edge painting, seamless composition, absolutely no borders, no frames, no paper margins, no text, no modern 3D render. Wide 16:10 landscape format with calm, uncluttered left third."
ch_11_27,11,27,The Yoga of Formal Worship,क्रियायोगका वर्णन,"Scene from Skandha 11, Chapter 27 (""The Yoga of Formal Worship"" / ""क्रियायोगका वर्णन""): A poignant, devotional depiction capturing the divine narrative essence of this chapter. Color palette centered around rose pink with rose-pink and coral sunset sky, golden sea reflections, peaceful marble terrace. Main sacred figures and spiritual interaction arranged gracefully in the center and right foreground, leaving the left third calm with gentle waters, soft misty horizon, or quiet sky. A sublime classical Indian devotional masterpiece painting, Bengal School of Art and Kangra wash style, delicate tempera and watercolor on fine textured handmade wasli paper. Soft poetic fine-line brushwork, expressive soulful faces with classical Indian beauty, fluid natural drapery folds with subtle gold zari embroidery, lush natural foliage under the gentle shade of ancient flowering trees. Atmospheric lighting with a luminous glowing horizon and misty tranquil waters. Full-bleed edge-to-edge painting, seamless composition, absolutely no borders, no frames, no paper margins, no text, no modern 3D render. Wide 16:10 landscape format with calm, uncluttered left third."
ch_11_28,11,28,The Highest Truth Discussed,परमार्थनिरूपण,"Scene from Skandha 11, Chapter 28 (""The Highest Truth Discussed"" / ""परमार्थनिरूपण""): A poignant, devotional depiction capturing the divine narrative essence of this chapter. Color palette centered around rose pink with rose-pink and coral sunset sky, golden sea reflections, peaceful marble terrace. Main sacred figures and spiritual interaction arranged gracefully in the center and right foreground, leaving the left third calm with gentle waters, soft misty horizon, or quiet sky. A sublime classical Indian devotional masterpiece painting, Bengal School of Art and Kangra wash style, delicate tempera and watercolor on fine textured handmade wasli paper. Soft poetic fine-line brushwork, expressive soulful faces with classical Indian beauty, fluid natural drapery folds with subtle gold zari embroidery, lush natural foliage under the gentle shade of ancient flowering trees. Atmospheric lighting with a luminous glowing horizon and misty tranquil waters. Full-bleed edge-to-edge painting, seamless composition, absolutely no borders, no frames, no paper margins, no text, no modern 3D render. Wide 16:10 landscape format with calm, uncluttered left third."
ch_11_29,11,29,Courses of conduct pleasing to the Lord: Uddhava’s departure for Badarikāśrama,भागवतधर्मोंका निरूपण और उद्धवजीका बदरिकाश्रमगमन,"Scene from Skandha 11, Chapter 29 (""Courses of conduct pleasing to the Lord: Uddhava’s departure for Badarikāśrama"" / ""भागवतधर्मोंका निरूपण और उद्धवजीका बदरिकाश्रमगमन""): A poignant, devotional depiction capturing the divine narrative essence of this chapter. Color palette centered around rose pink with rose-pink and coral sunset sky, golden sea reflections, peaceful marble terrace. Main sacred figures and spiritual interaction arranged gracefully in the center and right foreground, leaving the left third calm with gentle waters, soft misty horizon, or quiet sky. A sublime classical Indian devotional masterpiece painting, Bengal School of Art and Kangra wash style, delicate tempera and watercolor on fine textured handmade wasli paper. Soft poetic fine-line brushwork, expressive soulful faces with classical Indian beauty, fluid natural drapery folds with subtle gold zari embroidery, lush natural foliage under the gentle shade of ancient flowering trees. Atmospheric lighting with a luminous glowing horizon and misty tranquil waters. Full-bleed edge-to-edge painting, seamless composition, absolutely no borders, no frames, no paper margins, no text, no modern 3D render. Wide 16:10 landscape format with calm, uncluttered left third."
ch_11_30,11,30,Holocaust of Yadu’s Race,यदुकुलका संहार,"Scene from Skandha 11, Chapter 30 (""Holocaust of Yadu’s Race"" / ""यदुकुलका संहार""): A poignant, devotional depiction capturing the divine narrative essence of this chapter. Color palette centered around rose pink with rose-pink and coral sunset sky, golden sea reflections, peaceful marble terrace. Main sacred figures and spiritual interaction arranged gracefully in the center and right foreground, leaving the left third calm with gentle waters, soft misty horizon, or quiet sky. A sublime classical Indian devotional masterpiece painting, Bengal School of Art and Kangra wash style, delicate tempera and watercolor on fine textured handmade wasli paper. Soft poetic fine-line brushwork, expressive soulful faces with classical Indian beauty, fluid natural drapery folds with subtle gold zari embroidery, lush natural foliage under the gentle shade of ancient flowering trees. Atmospheric lighting with a luminous glowing horizon and misty tranquil waters. Full-bleed edge-to-edge painting, seamless composition, absolutely no borders, no frames, no paper margins, no text, no modern 3D render. Wide 16:10 landscape format with calm, uncluttered left third."
ch_11_31,11,31,The Lord’s ascent to His divine realm,श्रीभगवान्‌का स्वधामगमन,"Scene from Skandha 11, Chapter 31 (""The Lord’s ascent to His divine realm"" / ""श्रीभगवान्‌का स्वधामगमन""): A poignant, devotional depiction capturing the divine narrative essence of this chapter. Color palette centered around rose pink with rose-pink and coral sunset sky, golden sea reflections, peaceful marble terrace. Main sacred figures and spiritual interaction arranged gracefully in the center and right foreground, leaving the left third calm with gentle waters, soft misty horizon, or quiet sky. A sublime classical Indian devotional masterpiece painting, Bengal School of Art and Kangra wash style, delicate tempera and watercolor on fine textured handmade wasli paper. Soft poetic fine-line brushwork, expressive soulful faces with classical Indian beauty, fluid natural drapery folds with subtle gold zari embroidery, lush natural foliage under the gentle shade of ancient flowering trees. Atmospheric lighting with a luminous glowing horizon and misty tranquil waters. Full-bleed edge-to-edge painting, seamless composition, absolutely no borders, no frames, no paper margins, no text, no modern 3D render. Wide 16:10 landscape format with calm, uncluttered left third."
ch_12_1,12,1,Lines of kings of Kaliyuga,कलियुगके राजवंशोंका वर्णन,"Scene from Skandha 12, Chapter 1 (""Lines of kings of Kaliyuga"" / ""कलियुगके राजवंशोंका वर्णन""): A poignant, devotional depiction capturing the divine narrative essence of this chapter. Color palette centered around violet with violet, plum, and lavender twilight, tranquil Ganga bank, soaring white cranes. Main sacred figures and spiritual interaction arranged gracefully in the center and right foreground, leaving the left third calm with gentle waters, soft misty horizon, or quiet sky. A sublime classical Indian devotional masterpiece painting, Bengal School of Art and Kangra wash style, delicate tempera and watercolor on fine textured handmade wasli paper. Soft poetic fine-line brushwork, expressive soulful faces with classical Indian beauty, fluid natural drapery folds with subtle gold zari embroidery, lush natural foliage under the gentle shade of ancient flowering trees. Atmospheric lighting with a luminous glowing horizon and misty tranquil waters. Full-bleed edge-to-edge painting, seamless composition, absolutely no borders, no frames, no paper margins, no text, no modern 3D render. Wide 16:10 landscape format with calm, uncluttered left third."
ch_12_2,12,2,The Evils of Kaliyuga,कलियुगके धर्म,"Scene from Skandha 12, Chapter 2 (""The Evils of Kaliyuga"" / ""कलियुगके धर्म""): A poignant, devotional depiction capturing the divine narrative essence of this chapter. Color palette centered around violet with violet, plum, and lavender twilight, tranquil Ganga bank, soaring white cranes. Main sacred figures and spiritual interaction arranged gracefully in the center and right foreground, leaving the left third calm with gentle waters, soft misty horizon, or quiet sky. A sublime classical Indian devotional masterpiece painting, Bengal School of Art and Kangra wash style, delicate tempera and watercolor on fine textured handmade wasli paper. Soft poetic fine-line brushwork, expressive soulful faces with classical Indian beauty, fluid natural drapery folds with subtle gold zari embroidery, lush natural foliage under the gentle shade of ancient flowering trees. Atmospheric lighting with a luminous glowing horizon and misty tranquil waters. Full-bleed edge-to-edge painting, seamless composition, absolutely no borders, no frames, no paper margins, no text, no modern 3D render. Wide 16:10 landscape format with calm, uncluttered left third."
ch_12_3,12,3,the evils of Kaliyuga—loud chanting of the Divine Name,"राज्य, युगधर्म और कलियुगके दोषोंसे बचनेका उपाय—नामसंकीर्तन","Scene from Skandha 12, Chapter 3 (""the evils of Kaliyuga—loud chanting of the Divine Name"" / ""राज्य, युगधर्म और कलियुगके दोषोंसे बचनेका उपाय—नामसंकीर्तन""): A poignant, devotional depiction capturing the divine narrative essence of this chapter. Color palette centered around violet with violet, plum, and lavender twilight, tranquil Ganga bank, soaring white cranes. Main sacred figures and spiritual interaction arranged gracefully in the center and right foreground, leaving the left third calm with gentle waters, soft misty horizon, or quiet sky. A sublime classical Indian devotional masterpiece painting, Bengal School of Art and Kangra wash style, delicate tempera and watercolor on fine textured handmade wasli paper. Soft poetic fine-line brushwork, expressive soulful faces with classical Indian beauty, fluid natural drapery folds with subtle gold zari embroidery, lush natural foliage under the gentle shade of ancient flowering trees. Atmospheric lighting with a luminous glowing horizon and misty tranquil waters. Full-bleed edge-to-edge painting, seamless composition, absolutely no borders, no frames, no paper margins, no text, no modern 3D render. Wide 16:10 landscape format with calm, uncluttered left third."
ch_12_4,12,4,The Fourfold Pralaya,चार प्रकारके प्रलय,"Scene from Skandha 12, Chapter 4 (""The Fourfold Pralaya"" / ""चार प्रकारके प्रलय""): A poignant, devotional depiction capturing the divine narrative essence of this chapter. Color palette centered around violet with violet, plum, and lavender twilight, tranquil Ganga bank, soaring white cranes. Main sacred figures and spiritual interaction arranged gracefully in the center and right foreground, leaving the left third calm with gentle waters, soft misty horizon, or quiet sky. A sublime classical Indian devotional masterpiece painting, Bengal School of Art and Kangra wash style, delicate tempera and watercolor on fine textured handmade wasli paper. Soft poetic fine-line brushwork, expressive soulful faces with classical Indian beauty, fluid natural drapery folds with subtle gold zari embroidery, lush natural foliage under the gentle shade of ancient flowering trees. Atmospheric lighting with a luminous glowing horizon and misty tranquil waters. Full-bleed edge-to-edge painting, seamless composition, absolutely no borders, no frames, no paper margins, no text, no modern 3D render. Wide 16:10 landscape format with calm, uncluttered left third."
ch_12_5,12,5,The Final Teaching of śukadeva concerning Brahma,श्रीशुकदेवजीका अन्तिम उपदेश,"Scene from Skandha 12, Chapter 5 (""The Final Teaching of śukadeva concerning Brahma"" / ""श्रीशुकदेवजीका अन्तिम उपदेश""): A poignant, devotional depiction capturing the divine narrative essence of this chapter. Color palette centered around violet with violet, plum, and lavender twilight, tranquil Ganga bank, soaring white cranes. Main sacred figures and spiritual interaction arranged gracefully in the center and right foreground, leaving the left third calm with gentle waters, soft misty horizon, or quiet sky. A sublime classical Indian devotional masterpiece painting, Bengal School of Art and Kangra wash style, delicate tempera and watercolor on fine textured handmade wasli paper. Soft poetic fine-line brushwork, expressive soulful faces with classical Indian beauty, fluid natural drapery folds with subtle gold zari embroidery, lush natural foliage under the gentle shade of ancient flowering trees. Atmospheric lighting with a luminous glowing horizon and misty tranquil waters. Full-bleed edge-to-edge painting, seamless composition, absolutely no borders, no frames, no paper margins, no text, no modern 3D render. Wide 16:10 landscape format with calm, uncluttered left third."
ch_12_6,12,6,Parīkṣit attains the supreme goal and Janamejaya commences a snake-sacrifice; Classification of the Vedas into so many Śākhās or schools,"परीक्षित्‌की परमगति, जनमेजयका सर्पसत्र और वेदोंके शाखाभेद","Scene from Skandha 12, Chapter 6 (""Parīkṣit attains the supreme goal and Janamejaya commences a snake-sacrifice; Classification of the Vedas into so many Śākhās or schools"" / ""परीक्षित्‌की परमगति, जनमेजयका सर्पसत्र और वेदोंके शाखाभेद""): A poignant, devotional depiction capturing the divine narrative essence of this chapter. Color palette centered around violet with violet, plum, and lavender twilight, tranquil Ganga bank, soaring white cranes. Main sacred figures and spiritual interaction arranged gracefully in the center and right foreground, leaving the left third calm with gentle waters, soft misty horizon, or quiet sky. A sublime classical Indian devotional masterpiece painting, Bengal School of Art and Kangra wash style, delicate tempera and watercolor on fine textured handmade wasli paper. Soft poetic fine-line brushwork, expressive soulful faces with classical Indian beauty, fluid natural drapery folds with subtle gold zari embroidery, lush natural foliage under the gentle shade of ancient flowering trees. Atmospheric lighting with a luminous glowing horizon and misty tranquil waters. Full-bleed edge-to-edge painting, seamless composition, absolutely no borders, no frames, no paper margins, no text, no modern 3D render. Wide 16:10 landscape format with calm, uncluttered left third."
ch_12_7,12,7,Different Schools of Atharvaveda and the Characteristics of the Purāṇas,अथर्ववेदकी शाखाएँ और पुराणोंके लक्षण,"Scene from Skandha 12, Chapter 7 (""Different Schools of Atharvaveda and the Characteristics of the Purāṇas"" / ""अथर्ववेदकी शाखाएँ और पुराणोंके लक्षण""): A poignant, devotional depiction capturing the divine narrative essence of this chapter. Color palette centered around violet with violet, plum, and lavender twilight, tranquil Ganga bank, soaring white cranes. Main sacred figures and spiritual interaction arranged gracefully in the center and right foreground, leaving the left third calm with gentle waters, soft misty horizon, or quiet sky. A sublime classical Indian devotional masterpiece painting, Bengal School of Art and Kangra wash style, delicate tempera and watercolor on fine textured handmade wasli paper. Soft poetic fine-line brushwork, expressive soulful faces with classical Indian beauty, fluid natural drapery folds with subtle gold zari embroidery, lush natural foliage under the gentle shade of ancient flowering trees. Atmospheric lighting with a luminous glowing horizon and misty tranquil waters. Full-bleed edge-to-edge painting, seamless composition, absolutely no borders, no frames, no paper margins, no text, no modern 3D render. Wide 16:10 landscape format with calm, uncluttered left third."
ch_12_8,12,8,The sage Mārkaṇḍeya embarks on a course of austerities and receives a boon,मार्कण्डेयजीकी तपस्या और वर-प्राप्ति,"Scene from Skandha 12, Chapter 8 (""The sage Mārkaṇḍeya embarks on a course of austerities and receives a boon"" / ""मार्कण्डेयजीकी तपस्या और वर-प्राप्ति""): A poignant, devotional depiction capturing the divine narrative essence of this chapter. Color palette centered around violet with violet, plum, and lavender twilight, tranquil Ganga bank, soaring white cranes. Main sacred figures and spiritual interaction arranged gracefully in the center and right foreground, leaving the left third calm with gentle waters, soft misty horizon, or quiet sky. A sublime classical Indian devotional masterpiece painting, Bengal School of Art and Kangra wash style, delicate tempera and watercolor on fine textured handmade wasli paper. Soft poetic fine-line brushwork, expressive soulful faces with classical Indian beauty, fluid natural drapery folds with subtle gold zari embroidery, lush natural foliage under the gentle shade of ancient flowering trees. Atmospheric lighting with a luminous glowing horizon and misty tranquil waters. Full-bleed edge-to-edge painting, seamless composition, absolutely no borders, no frames, no paper margins, no text, no modern 3D render. Wide 16:10 landscape format with calm, uncluttered left third."
ch_12_9,12,9,The sage Mārkaṇḍeya witnesses the Lord’s Māyā,मार्कण्डेयजीका माया-दर्शन,"Scene from Skandha 12, Chapter 9 (""The sage Mārkaṇḍeya witnesses the Lord’s Māyā"" / ""मार्कण्डेयजीका माया-दर्शन""): A poignant, devotional depiction capturing the divine narrative essence of this chapter. Color palette centered around violet with violet, plum, and lavender twilight, tranquil Ganga bank, soaring white cranes. Main sacred figures and spiritual interaction arranged gracefully in the center and right foreground, leaving the left third calm with gentle waters, soft misty horizon, or quiet sky. A sublime classical Indian devotional masterpiece painting, Bengal School of Art and Kangra wash style, delicate tempera and watercolor on fine textured handmade wasli paper. Soft poetic fine-line brushwork, expressive soulful faces with classical Indian beauty, fluid natural drapery folds with subtle gold zari embroidery, lush natural foliage under the gentle shade of ancient flowering trees. Atmospheric lighting with a luminous glowing horizon and misty tranquil waters. Full-bleed edge-to-edge painting, seamless composition, absolutely no borders, no frames, no paper margins, no text, no modern 3D render. Wide 16:10 landscape format with calm, uncluttered left third."
ch_12_10,12,10,Lord śiva confers a boon on Mārkaṇḍeya,मार्कण्डेयजीको भगवान् शंकरका वरदान,"Scene from Skandha 12, Chapter 10 (""Lord śiva confers a boon on Mārkaṇḍeya"" / ""मार्कण्डेयजीको भगवान् शंकरका वरदान""): A poignant, devotional depiction capturing the divine narrative essence of this chapter. Color palette centered around violet with violet, plum, and lavender twilight, tranquil Ganga bank, soaring white cranes. Main sacred figures and spiritual interaction arranged gracefully in the center and right foreground, leaving the left third calm with gentle waters, soft misty horizon, or quiet sky. A sublime classical Indian devotional masterpiece painting, Bengal School of Art and Kangra wash style, delicate tempera and watercolor on fine textured handmade wasli paper. Soft poetic fine-line brushwork, expressive soulful faces with classical Indian beauty, fluid natural drapery folds with subtle gold zari embroidery, lush natural foliage under the gentle shade of ancient flowering trees. Atmospheric lighting with a luminous glowing horizon and misty tranquil waters. Full-bleed edge-to-edge painting, seamless composition, absolutely no borders, no frames, no paper margins, no text, no modern 3D render. Wide 16:10 landscape format with calm, uncluttered left third."
ch_12_11,12,11,"The significance of the Lord’s own limbs, attendants and weapons and a description of the retinue of the Sun-god (changing every month in the course of a solar year)","भगवान्‌के अंग, उपांग और आयुधोंका रहस्य तथा विभिन्न सूर्यगणोंका वर्णन","Scene from Skandha 12, Chapter 11 (""The significance of the Lord’s own limbs, attendants and weapons and a description of the retinue of the Sun-god (changing every month in the course of a solar year)"" / ""भगवान्‌के अंग, उपांग और आयुधोंका रहस्य तथा विभिन्न सूर्यगणोंका वर्णन""): A poignant, devotional depiction capturing the divine narrative essence of this chapter. Color palette centered around violet with violet, plum, and lavender twilight, tranquil Ganga bank, soaring white cranes. Main sacred figures and spiritual interaction arranged gracefully in the center and right foreground, leaving the left third calm with gentle waters, soft misty horizon, or quiet sky. A sublime classical Indian devotional masterpiece painting, Bengal School of Art and Kangra wash style, delicate tempera and watercolor on fine textured handmade wasli paper. Soft poetic fine-line brushwork, expressive soulful faces with classical Indian beauty, fluid natural drapery folds with subtle gold zari embroidery, lush natural foliage under the gentle shade of ancient flowering trees. Atmospheric lighting with a luminous glowing horizon and misty tranquil waters. Full-bleed edge-to-edge painting, seamless composition, absolutely no borders, no frames, no paper margins, no text, no modern 3D render. Wide 16:10 landscape format with calm, uncluttered left third."
ch_12_12,12,12,A Synopsis of all the twelve Skandhas of Śrīmad Bhāgavata,श्रीमद्भागवतकी संक्षिप्त विषय-सूची,"Scene from Skandha 12, Chapter 12 (""A Synopsis of all the twelve Skandhas of Śrīmad Bhāgavata"" / ""श्रीमद्भागवतकी संक्षिप्त विषय-सूची""): A poignant, devotional depiction capturing the divine narrative essence of this chapter. Color palette centered around violet with violet, plum, and lavender twilight, tranquil Ganga bank, soaring white cranes. Main sacred figures and spiritual interaction arranged gracefully in the center and right foreground, leaving the left third calm with gentle waters, soft misty horizon, or quiet sky. A sublime classical Indian devotional masterpiece painting, Bengal School of Art and Kangra wash style, delicate tempera and watercolor on fine textured handmade wasli paper. Soft poetic fine-line brushwork, expressive soulful faces with classical Indian beauty, fluid natural drapery folds with subtle gold zari embroidery, lush natural foliage under the gentle shade of ancient flowering trees. Atmospheric lighting with a luminous glowing horizon and misty tranquil waters. Full-bleed edge-to-edge painting, seamless composition, absolutely no borders, no frames, no paper margins, no text, no modern 3D render. Wide 16:10 landscape format with calm, uncluttered left third."
ch_12_13,12,13,The extent of the eighteen Purāṇas and the glory of the Bhāgavata,विभिन्न पुराणोंकी श्लोक-संख्या और श्रीमद्भागवतकी महिमा,"Scene from Skandha 12, Chapter 13 (""The extent of the eighteen Purāṇas and the glory of the Bhāgavata"" / ""विभिन्न पुराणोंकी श्लोक-संख्या और श्रीमद्भागवतकी महिमा""): A poignant, devotional depiction capturing the divine narrative essence of this chapter. Color palette centered around violet with violet, plum, and lavender twilight, tranquil Ganga bank, soaring white cranes. Main sacred figures and spiritual interaction arranged gracefully in the center and right foreground, leaving the left third calm with gentle waters, soft misty horizon, or quiet sky. A sublime classical Indian devotional masterpiece painting, Bengal School of Art and Kangra wash style, delicate tempera and watercolor on fine textured handmade wasli paper. Soft poetic fine-line brushwork, expressive soulful faces with classical Indian beauty, fluid natural drapery folds with subtle gold zari embroidery, lush natural foliage under the gentle shade of ancient flowering trees. Atmospheric lighting with a luminous glowing horizon and misty tranquil waters. Full-bleed edge-to-edge painting, seamless composition, absolutely no borders, no frames, no paper margins, no text, no modern 3D render. Wide 16:10 landscape format with calm, uncluttered left third."
